timestamp,gold_price,oil_price,dxy,eurusd,jpy
2026-06-01 00:00:01.982033+00:00,2349.77,78.08,104.0069,1.07939,149.912
2026-06-01 00:00:04.619479+00:00,2349.87,78.09,103.9821,1.0797,149.974
2026-06-01 00:00:09.559952+00:00,2351.34,78.14,103.959,1.07984,149.911
2026-06-01 00:00:11.716681+00:00,2353.58,78.19,103.9144,1.08026,149.906
2026-06-01 00:00:13.574542+00:00,2352.26,78.2,103.9322,1.08041,149.943
2026-06-01 00:00:18.564485+00:00,2357.24,78.33,103.8454,1.08063,150.03
2026-06-01 00:00:20.954414+00:00,2356.19,78.26,103.8594,1.08089,150.076
2026-06-01 00:00:25.922474+00:00,2354.91,78.22,103.8815,1.0812,150.098
2026-06-01 00:00:27.707453+00:00,2356.78,78.3,103.8704,1.08075,150.081
2026-06-01 00:00:29.353233+00:00,2355.05,78.24,103.913,1.08049,150.156
2026-06-01 00:00:31.578473+00:00,2350.66,78.12,103.9745,1.08074,150.22
2026-06-01 00:00:34.894913+00:00,2349.43,78.16,103.9783,1.08035,150.144
2026-06-01 00:00:36.370313+00:00,2347.8,78.1,104.0182,1.08023,150.161
2026-06-01 00:00:39.370922+00:00,2349.14,78.19,103.9818,1.08014,150.14
2026-06-01 00:00:41.981602+00:00,2346.82,78.06,104.0163,1.08031,150.178
2026-06-01 00:00:45.844014+00:00,2348.47,78.08,103.9908,1.07979,150.08
2026-06-01 00:00:48.502826+00:00,2344.28,78.01,104.0101,1.07969,150.179
2026-06-01 00:00:52.005796+00:00,2344.3,77.91,104.0138,1.0794,150.161
2026-06-01 00:00:54.851008+00:00,2344.66,78.01,103.9894,1.07923,150.063
2026-06-01 00:00:55.862052+00:00,2344.4,78.04,103.9845,1.07977,150.052
2026-06-01 00:01:00.482365+00:00,2342.18,77.98,104.0416,1.08006,150.083
2026-06-01 00:01:02.146852+00:00,2344.65,78.04,103.9735,1.07996,149.99
2026-06-01 00:01:06.887569+00:00,2346.09,77.98,103.9295,1.08008,150.056
2026-06-01 00:01:08.658195+00:00,2354.22,78.17,103.8436,1.07941,150.082
2026-06-01 00:01:10.160448+00:00,2351.89,78.06,103.8629,1.07978,150.099
2026-06-01 00:01:13.794022+00:00,2350.52,77.92,103.8546,1.07978,150.233
2026-06-01 00:01:15.619600+00:00,2352.0,77.89,103.8228,1.07949,150.186
2026-06-01 00:01:16.686441+00:00,2356.51,78.12,103.7347,1.07982,150.22
2026-06-01 00:01:18.950218+00:00,2356.2,78.06,103.7457,1.07969,150.138
2026-06-01 00:01:23.483270+00:00,2353.34,78.09,103.7857,1.07967,150.164
2026-06-01 00:01:24.744531+00:00,2356.92,78.16,103.7649,1.07983,150.281
2026-06-01 00:01:28.262396+00:00,2356.19,78.07,103.7903,1.08041,150.274
2026-06-01 00:01:30.032409+00:00,2356.91,77.95,103.7806,1.08064,150.252
2026-06-01 00:01:31.846161+00:00,2356.84,77.98,103.8068,1.0807,150.304
2026-06-01 00:01:36.399870+00:00,2351.84,77.76,103.8423,1.08043,150.286
2026-06-01 00:01:40.439192+00:00,2352.81,77.83,103.8006,1.08035,150.364
2026-06-01 00:01:41.777871+00:00,2355.68,77.86,103.7663,1.0803,150.388
2026-06-01 00:01:46.653747+00:00,2355.08,77.89,103.7624,1.08113,150.529
2026-06-01 00:01:49.827081+00:00,2352.79,77.71,103.7736,1.08126,150.623
2026-06-01 00:01:53.722554+00:00,2350.41,77.49,103.7898,1.08094,150.59
2026-06-01 00:01:58.595848+00:00,2348.27,77.28,103.7835,1.08165,150.503
2026-06-01 00:01:59.699636+00:00,2347.62,77.43,103.7902,1.08155,150.534
2026-06-01 00:02:02.684586+00:00,2350.96,77.54,103.7494,1.08171,150.513
2026-06-01 00:02:04.630342+00:00,2349.29,77.51,103.745,1.08181,150.479
2026-06-01 00:02:09.526417+00:00,2351.65,77.56,103.7345,1.08185,150.485
2026-06-01 00:02:13.497014+00:00,2350.32,77.5,103.7973,1.08238,150.519
2026-06-01 00:02:14.630119+00:00,2347.38,77.54,103.8234,1.08256,150.399
2026-06-01 00:02:17.121924+00:00,2350.26,77.52,103.7816,1.08267,150.409
2026-06-01 00:02:21.894704+00:00,2349.55,77.48,103.7907,1.08317,150.229
2026-06-01 00:02:23.779871+00:00,2349.27,77.49,103.7873,1.08262,150.259
2026-06-01 00:02:26.424819+00:00,2352.03,77.69,103.7236,1.08262,150.189
2026-06-01 00:02:29.554647+00:00,2352.7,77.71,103.7668,1.08302,150.227
2026-06-01 00:02:32.954863+00:00,2357.59,77.92,103.7033,1.08307,150.183
2026-06-01 00:02:34.713422+00:00,2358.91,78.05,103.6654,1.08347,150.243
2026-06-01 00:02:36.916976+00:00,2364.32,78.08,103.6043,1.08311,150.211
2026-06-01 00:02:40.282088+00:00,2368.87,78.14,103.5333,1.08314,150.13
2026-06-01 00:02:44.253927+00:00,2367.65,78.18,103.5636,1.08242,150.158
2026-06-01 00:02:46.874911+00:00,2368.39,78.31,103.5156,1.08225,150.206
2026-06-01 00:02:49.069426+00:00,2366.15,78.22,103.5791,1.08209,150.271
2026-06-01 00:02:51.421985+00:00,2369.17,78.32,103.5484,1.08183,150.266
2026-06-01 00:02:52.523057+00:00,2369.32,78.39,103.5281,1.08181,150.379
2026-06-01 00:02:55.002191+00:00,2366.72,78.35,103.5656,1.08183,150.481
2026-06-01 00:02:56.939462+00:00,2369.86,78.46,103.5841,1.08179,150.343
2026-06-01 00:02:59.566580+00:00,2373.49,78.6,103.5583,1.08129,150.258
2026-06-01 00:03:01.274283+00:00,2368.77,78.51,103.6158,1.0814,150.162
2026-06-01 00:03:02.930733+00:00,2363.21,78.29,103.694,1.08165,150.178
2026-06-01 00:03:04.147668+00:00,2365.46,78.4,103.6527,1.08161,150.199
2026-06-01 00:03:07.749174+00:00,2367.2,78.5,103.6185,1.0816,150.264
2026-06-01 00:03:10.082847+00:00,2360.99,78.23,103.629,1.0814,150.325
2026-06-01 00:03:13.055452+00:00,2360.61,78.3,103.6623,1.0814,150.428
2026-06-01 00:03:17.826770+00:00,2360.07,78.26,103.6256,1.08113,150.408
2026-06-01 00:03:21.336094+00:00,2364.01,78.22,103.6057,1.08082,150.449
2026-06-01 00:03:26.079536+00:00,2361.85,78.28,103.5941,1.08066,150.377
2026-06-01 00:03:27.605154+00:00,2360.8,78.21,103.6182,1.0808,150.479
2026-06-01 00:03:30.606678+00:00,2358.5,78.27,103.6188,1.08119,150.513
2026-06-01 00:03:33.139212+00:00,2358.67,78.42,103.6629,1.08123,150.53
2026-06-01 00:03:35.595064+00:00,2360.55,78.53,103.6257,1.08135,150.476
2026-06-01 00:03:38.532793+00:00,2354.54,78.32,103.6625,1.08128,150.622
2026-06-01 00:03:43.372411+00:00,2356.37,78.43,103.6166,1.08121,150.641
2026-06-01 00:03:47.533399+00:00,2357.66,78.57,103.5706,1.08123,150.835
2026-06-01 00:03:51.042855+00:00,2359.85,78.59,103.5726,1.08124,150.829
2026-06-01 00:03:55.021647+00:00,2358.5,78.47,103.6075,1.08161,150.862
2026-06-01 00:03:57.421421+00:00,2358.39,78.42,103.6327,1.08104,150.843
2026-06-01 00:04:02.255512+00:00,2352.0,78.37,103.71,1.08083,150.741
2026-06-01 00:04:06.619164+00:00,2344.23,78.33,103.8082,1.08067,150.78
2026-06-01 00:04:09.185657+00:00,2340.2,78.22,103.852,1.08094,150.811
2026-06-01 00:04:12.341141+00:00,2341.23,78.34,103.8619,1.08065,150.753
2026-06-01 00:04:14.983195+00:00,2344.43,78.56,103.8079,1.08114,150.769
2026-06-01 00:04:16.852192+00:00,2346.84,78.55,103.7772,1.08102,150.807
2026-06-01 00:04:21.285517+00:00,2343.77,78.39,103.8467,1.08027,150.756
2026-06-01 00:04:23.196805+00:00,2338.87,78.28,103.8924,1.0802,150.751
2026-06-01 00:04:27.646138+00:00,2338.43,78.35,103.8968,1.08035,150.797
2026-06-01 00:04:31.516327+00:00,2341.41,78.37,103.878,1.08013,150.729
2026-06-01 00:04:35.731204+00:00,2337.54,78.27,103.9206,1.08017,150.679
2026-06-01 00:04:39.733199+00:00,2340.64,78.33,103.8759,1.08037,150.699
2026-06-01 00:04:43.277877+00:00,2337.13,78.24,103.8992,1.08045,150.6
2026-06-01 00:04:45.484782+00:00,2341.85,78.32,103.862,1.07969,150.522
2026-06-01 00:04:49.769216+00:00,2340.11,78.36,103.9096,1.07933,150.468
2026-06-01 00:04:53.118865+00:00,2342.51,78.28,103.9043,1.07994,150.354
2026-06-01 00:04:57.068940+00:00,2339.03,78.14,103.958,1.08004,150.232
2026-06-01 00:05:00.178046+00:00,2339.8,78.29,103.9257,1.07986,150.277
2026-06-01 00:05:02.174673+00:00,2342.27,78.21,103.91,1.07954,150.3
2026-06-01 00:05:05.808894+00:00,2339.36,78.04,103.9246,1.0798,150.324
2026-06-01 00:05:07.173208+00:00,2339.49,77.96,103.9413,1.07991,150.285
2026-06-01 00:05:10.144030+00:00,2340.2,77.97,103.9519,1.07959,150.117
2026-06-01 00:05:14.917240+00:00,2346.97,78.06,103.8583,1.07951,150.103
2026-06-01 00:05:19.607077+00:00,2345.45,78.09,103.872,1.07905,150.159
2026-06-01 00:05:22.512956+00:00,2350.81,78.23,103.802,1.07927,150.04
2026-06-01 00:05:27.319154+00:00,2350.92,78.39,103.7901,1.07983,149.967
2026-06-01 00:05:29.196146+00:00,2352.82,78.37,103.7724,1.08025,149.95
2026-06-01 00:05:32.734769+00:00,2348.75,78.17,103.8149,1.08024,149.833
2026-06-01 00:05:36.193475+00:00,2345.39,78.0,103.8088,1.08052,149.858
2026-06-01 00:05:38.044154+00:00,2342.36,78.01,103.8352,1.08131,149.895
2026-06-01 00:05:39.158533+00:00,2343.26,78.11,103.833,1.08174,149.863
2026-06-01 00:05:41.208243+00:00,2341.8,78.14,103.8745,1.08161,149.839
2026-06-01 00:05:44.500184+00:00,2342.43,78.24,103.8149,1.08137,149.788
2026-06-01 00:05:45.741356+00:00,2335.83,77.99,103.8799,1.08175,149.777
2026-06-01 00:05:48.124263+00:00,2333.36,77.99,103.8886,1.08147,149.823
2026-06-01 00:05:49.586830+00:00,2333.62,77.97,103.907,1.08116,149.828
2026-06-01 00:05:53.958399+00:00,2331.94,77.84,103.9247,1.08107,149.76
2026-06-01 00:05:57.941697+00:00,2333.01,77.65,103.8935,1.08079,149.871
2026-06-01 00:05:59.042468+00:00,2334.62,77.59,103.8583,1.08096,149.882
2026-06-01 00:06:00.975357+00:00,2335.89,77.65,103.8413,1.08123,149.946
2026-06-01 00:06:04.570624+00:00,2329.68,77.61,103.9134,1.08092,149.818
2026-06-01 00:06:06.235129+00:00,2331.01,77.76,103.9179,1.08082,149.76
2026-06-01 00:06:07.371109+00:00,2330.84,77.68,103.957,1.08142,149.847
2026-06-01 00:06:08.449827+00:00,2329.6,77.66,103.9918,1.08185,149.899
2026-06-01 00:06:11.679277+00:00,2332.2,77.75,103.9286,1.0819,149.865
2026-06-01 00:06:15.783170+00:00,2330.95,77.78,103.9936,1.082,149.968
2026-06-01 00:06:17.186331+00:00,2331.3,77.7,103.9984,1.08204,149.88
2026-06-01 00:06:19.211779+00:00,2331.21,77.84,104.0154,1.08207,149.904
2026-06-01 00:06:22.434078+00:00,2331.22,77.76,104.0078,1.08185,149.82
2026-06-01 00:06:26.749252+00:00,2333.0,77.66,103.9862,1.08219,149.903
2026-06-01 00:06:30.453824+00:00,2335.68,77.68,103.9285,1.08233,149.936
2026-06-01 00:06:31.838287+00:00,2340.11,77.77,103.8594,1.08225,149.958
2026-06-01 00:06:32.907754+00:00,2339.12,77.77,103.8522,1.08206,149.986
2026-06-01 00:06:35.042231+00:00,2338.51,77.76,103.8379,1.08193,150.096
2026-06-01 00:06:37.815628+00:00,2333.55,77.53,103.8716,1.08196,150.093
2026-06-01 00:06:40.314996+00:00,2333.83,77.66,103.8631,1.08162,150.072
2026-06-01 00:06:43.879760+00:00,2331.17,77.58,103.9131,1.08223,150.053
2026-06-01 00:06:46.667172+00:00,2335.99,77.86,103.8487,1.0823,150.086
2026-06-01 00:06:50.176703+00:00,2344.82,78.06,103.7667,1.0822,150.057
2026-06-01 00:06:52.710029+00:00,2347.2,78.15,103.7356,1.08233,150.093
2026-06-01 00:06:56.184105+00:00,2343.26,77.92,103.7628,1.08234,150.105
2026-06-01 00:06:58.170048+00:00,2342.54,77.77,103.7729,1.08217,150.108
2026-06-01 00:07:01.112566+00:00,2342.28,77.85,103.7624,1.08158,149.973
2026-06-01 00:07:03.094548+00:00,2342.14,77.84,103.7591,1.08167,150.047
2026-06-01 00:07:06.370042+00:00,2338.29,77.67,103.7965,1.0821,150.022
2026-06-01 00:07:07.526750+00:00,2330.48,77.41,103.8598,1.08199,150.031
2026-06-01 00:07:09.264319+00:00,2330.94,77.34,103.8484,1.08216,149.926
2026-06-01 00:07:11.178270+00:00,2332.12,77.36,103.8662,1.08198,150.081
2026-06-01 00:07:13.758374+00:00,2330.34,77.35,103.8477,1.08176,150.115
2026-06-01 00:07:15.367970+00:00,2331.17,77.47,103.8513,1.08225,150.159
2026-06-01 00:07:18.382321+00:00,2332.65,77.55,103.7878,1.08231,150.124
2026-06-01 00:07:22.220374+00:00,2334.33,77.53,103.7984,1.08225,150.136
2026-06-01 00:07:26.868296+00:00,2334.94,77.62,103.8293,1.08238,150.184
2026-06-01 00:07:31.062906+00:00,2332.14,77.6,103.88,1.08247,150.254
2026-06-01 00:07:34.508267+00:00,2334.72,77.67,103.8542,1.0826,150.049
2026-06-01 00:07:36.447811+00:00,2331.94,77.56,103.8486,1.08277,149.971
2026-06-01 00:07:39.481757+00:00,2331.75,77.47,103.9143,1.0828,150.006
2026-06-01 00:07:41.817019+00:00,2335.97,77.52,103.8585,1.08281,149.914
2026-06-01 00:07:46.045087+00:00,2334.68,77.57,103.864,1.08274,149.913
2026-06-01 00:07:48.170276+00:00,2335.99,77.52,103.8323,1.08312,149.889
2026-06-01 00:07:51.114234+00:00,2333.1,77.44,103.8416,1.08321,149.948
2026-06-01 00:07:52.172377+00:00,2334.8,77.37,103.8337,1.08314,149.919
2026-06-01 00:07:56.714523+00:00,2338.61,77.57,103.8307,1.08312,149.951
2026-06-01 00:07:58.492047+00:00,2340.74,77.64,103.8209,1.08312,149.904
2026-06-01 00:07:59.740598+00:00,2340.5,77.61,103.8377,1.08336,149.883
2026-06-01 00:08:01.535512+00:00,2342.88,77.58,103.841,1.08322,149.77
2026-06-01 00:08:06.362054+00:00,2339.35,77.5,103.8648,1.08313,149.821
2026-06-01 00:08:09.294028+00:00,2340.64,77.56,103.8638,1.08247,149.8
2026-06-01 00:08:12.429205+00:00,2335.44,77.4,103.9504,1.08288,149.821
2026-06-01 00:08:14.036775+00:00,2334.84,77.32,103.9629,1.08322,149.787
2026-06-01 00:08:16.374101+00:00,2337.64,77.31,103.9549,1.08347,149.8
2026-06-01 00:08:17.742230+00:00,2334.99,77.21,103.9868,1.08318,149.838
2026-06-01 00:08:18.838751+00:00,2331.85,77.12,104.0733,1.08275,149.949
2026-06-01 00:08:21.147149+00:00,2332.76,77.14,104.0748,1.08273,150.06
2026-06-01 00:08:23.834151+00:00,2332.95,77.06,104.0847,1.0824,150.099
2026-06-01 00:08:28.411079+00:00,2336.53,77.16,104.0132,1.08235,149.99
2026-06-01 00:08:29.648068+00:00,2334.64,77.19,104.0971,1.08218,150.1
2026-06-01 00:08:33.471032+00:00,2335.2,77.25,104.0876,1.08223,150.076
2026-06-01 00:08:37.206485+00:00,2330.27,77.19,104.1224,1.08206,150.083
2026-06-01 00:08:38.395972+00:00,2332.52,77.2,104.12,1.0826,150.124
2026-06-01 00:08:41.191901+00:00,2336.33,77.37,104.0992,1.08281,150.168
2026-06-01 00:08:43.021125+00:00,2334.49,77.18,104.1138,1.08326,150.234
2026-06-01 00:08:44.811031+00:00,2337.97,77.21,104.0593,1.08331,150.246
2026-06-01 00:08:48.975136+00:00,2340.49,77.32,104.0002,1.08348,150.252
2026-06-01 00:08:50.328594+00:00,2338.52,77.25,104.0149,1.08408,150.251
2026-06-01 00:08:52.634451+00:00,2335.83,77.17,104.0139,1.08388,150.357
2026-06-01 00:08:56.771505+00:00,2336.9,77.16,104.0167,1.08387,150.363
2026-06-01 00:08:59.265183+00:00,2338.8,77.14,103.9486,1.0839,150.419
2026-06-01 00:09:00.389762+00:00,2339.67,77.26,103.9522,1.08398,150.495
2026-06-01 00:09:05.066440+00:00,2339.87,77.33,103.9429,1.084,150.607
2026-06-01 00:09:09.738324+00:00,2332.48,77.05,104.0086,1.08394,150.504
2026-06-01 00:09:12.144725+00:00,2329.28,77.17,104.0738,1.08383,150.484
2026-06-01 00:09:13.549017+00:00,2324.59,77.07,104.0857,1.08382,150.374
2026-06-01 00:09:15.915002+00:00,2323.01,77.04,104.1151,1.08341,150.442
2026-06-01 00:09:19.827803+00:00,2321.83,76.98,104.1083,1.08333,150.475
2026-06-01 00:09:23.593326+00:00,2323.3,77.15,104.107,1.08327,150.535
2026-06-01 00:09:25.825777+00:00,2330.19,77.2,104.0243,1.08378,150.464
2026-06-01 00:09:29.583746+00:00,2326.56,77.14,104.0603,1.08359,150.422
2026-06-01 00:09:31.047433+00:00,2324.02,77.26,104.0856,1.0839,150.392
2026-06-01 00:09:34.651863+00:00,2322.94,77.04,104.0596,1.08333,150.236
2026-06-01 00:09:37.431529+00:00,2321.52,76.95,104.1207,1.08348,150.298
2026-06-01 00:09:39.200285+00:00,2319.99,76.94,104.1337,1.08369,150.345
2026-06-01 00:09:40.584690+00:00,2317.6,76.8,104.1495,1.08382,150.294
2026-06-01 00:09:45.469396+00:00,2318.37,76.86,104.1779,1.08425,150.228
2026-06-01 00:09:48.601937+00:00,2322.04,77.07,104.1236,1.08414,150.104
2026-06-01 00:09:50.286339+00:00,2320.1,77.13,104.1574,1.0839,150.131
2026-06-01 00:09:53.325019+00:00,2317.8,77.14,104.1762,1.08449,150.103
2026-06-01 00:09:57.016332+00:00,2320.45,77.28,104.1325,1.0845,150.1
2026-06-01 00:10:01.085979+00:00,2319.22,77.26,104.1679,1.08502,150.211
2026-06-01 00:10:02.630585+00:00,2318.81,77.19,104.1769,1.08484,150.334
2026-06-01 00:10:06.777967+00:00,2319.59,77.31,104.1172,1.08421,150.397
2026-06-01 00:10:10.180430+00:00,2320.11,77.21,104.1117,1.08488,150.463
2026-06-01 00:10:12.030178+00:00,2320.18,77.2,104.059,1.08499,150.53
2026-06-01 00:10:14.974138+00:00,2315.77,76.99,104.085,1.08503,150.385
2026-06-01 00:10:17.844225+00:00,2318.17,77.02,104.0111,1.08473,150.48
2026-06-01 00:10:20.723843+00:00,2311.17,76.71,104.1114,1.08453,150.516
2026-06-01 00:10:25.576924+00:00,2314.57,76.74,104.0984,1.08407,150.608
2026-06-01 00:10:29.685104+00:00,2312.26,76.69,104.0865,1.08416,150.684
2026-06-01 00:10:33.263332+00:00,2311.43,76.7,104.0897,1.08357,150.612
2026-06-01 00:10:37.247584+00:00,2313.96,76.8,104.0979,1.08375,150.665
2026-06-01 00:10:38.407959+00:00,2320.44,76.95,104.0191,1.08391,150.633
2026-06-01 00:10:41.494951+00:00,2320.46,76.9,104.0329,1.08423,150.632
2026-06-01 00:10:43.598744+00:00,2320.54,76.78,104.0451,1.08488,150.671
2026-06-01 00:10:48.021863+00:00,2319.21,76.72,104.0484,1.08477,150.744
2026-06-01 00:10:49.495667+00:00,2316.01,76.56,104.1072,1.08443,150.846
2026-06-01 00:10:54.437224+00:00,2320.16,76.54,104.0825,1.08458,150.736
2026-06-01 00:10:55.837342+00:00,2320.6,76.58,104.0838,1.0847,150.848
2026-06-01 00:10:57.554232+00:00,2320.71,76.65,104.039,1.08415,150.861
2026-06-01 00:11:01.112215+00:00,2322.73,76.78,103.9778,1.08395,150.974
2026-06-01 00:11:05.956622+00:00,2322.01,76.59,104.0304,1.08417,150.967
2026-06-01 00:11:09.980318+00:00,2322.05,76.73,104.0026,1.08413,150.938
2026-06-01 00:11:11.887571+00:00,2321.48,76.71,104.0311,1.08415,150.981
2026-06-01 00:11:13.207138+00:00,2322.9,76.56,104.0673,1.08461,150.925
2026-06-01 00:11:16.393812+00:00,2329.51,76.8,103.9952,1.08456,150.916
2026-06-01 00:11:19.669668+00:00,2332.05,76.85,103.961,1.08485,150.989
2026-06-01 00:11:24.220006+00:00,2334.55,76.88,103.9181,1.08459,150.876
2026-06-01 00:11:29.188100+00:00,2335.16,76.87,103.8462,1.08421,150.964
2026-06-01 00:11:30.792729+00:00,2334.03,76.71,103.8937,1.08418,150.991
2026-06-01 00:11:34.007952+00:00,2341.45,76.87,103.8058,1.0841,151.034
2026-06-01 00:11:38.475264+00:00,2340.89,76.97,103.8036,1.08487,151.046
2026-06-01 00:11:42.510155+00:00,2345.78,77.19,103.7298,1.08461,151.086
2026-06-01 00:11:46.678957+00:00,2348.38,77.16,103.6678,1.08417,150.964
2026-06-01 00:11:48.911243+00:00,2349.95,77.17,103.6144,1.08413,150.958
2026-06-01 00:11:50.639307+00:00,2353.7,77.31,103.5815,1.0843,151.005
2026-06-01 00:11:52.075940+00:00,2354.45,77.38,103.5581,1.08461,150.911
2026-06-01 00:11:56.165144+00:00,2355.57,77.36,103.5443,1.08443,150.84
2026-06-01 00:11:58.132451+00:00,2353.65,77.35,103.5283,1.08468,150.76
2026-06-01 00:12:02.226561+00:00,2351.7,77.42,103.5497,1.08463,150.802
2026-06-01 00:12:06.279550+00:00,2346.58,77.41,103.6148,1.08468,150.848
2026-06-01 00:12:07.640192+00:00,2346.79,77.35,103.5882,1.08447,150.949
2026-06-01 00:12:11.747900+00:00,2344.09,77.23,103.5379,1.08441,150.942
2026-06-01 00:12:13.951581+00:00,2344.3,77.29,103.5445,1.08374,150.992
2026-06-01 00:12:15.288878+00:00,2346.11,77.41,103.5,1.08441,150.929
2026-06-01 00:12:17.294454+00:00,2346.3,77.4,103.505,1.08435,150.996
2026-06-01 00:12:18.329460+00:00,2346.89,77.52,103.4897,1.08379,150.944
2026-06-01 00:12:20.555056+00:00,2348.78,77.45,103.4545,1.08363,150.923
2026-06-01 00:12:23.373152+00:00,2344.84,77.28,103.51,1.08391,150.919
2026-06-01 00:12:26.674477+00:00,2344.14,77.19,103.4954,1.08363,150.879
2026-06-01 00:12:31.265611+00:00,2341.57,77.16,103.4955,1.08366,150.869
2026-06-01 00:12:33.968009+00:00,2342.51,77.08,103.4557,1.08369,150.949
2026-06-01 00:12:37.445620+00:00,2337.55,77.0,103.5182,1.08389,150.904
2026-06-01 00:12:40.880692+00:00,2335.67,76.81,103.5383,1.08359,150.877
2026-06-01 00:12:44.335181+00:00,2330.91,76.69,103.5632,1.08373,150.916
2026-06-01 00:12:46.477881+00:00,2332.07,76.84,103.528,1.08374,151.004
2026-06-01 00:12:51.029577+00:00,2333.79,76.91,103.5137,1.08392,151.025
2026-06-01 00:12:52.944671+00:00,2332.97,76.92,103.5121,1.08393,151.036
2026-06-01 00:12:55.948696+00:00,2331.98,77.1,103.4933,1.08406,150.987
2026-06-01 00:12:57.380933+00:00,2333.56,77.2,103.4966,1.08414,151.075
2026-06-01 00:13:01.713254+00:00,2329.61,77.05,103.5886,1.08377,151.021
2026-06-01 00:13:04.537768+00:00,2330.06,77.08,103.6035,1.08322,151.098
2026-06-01 00:13:09.433431+00:00,2329.99,76.97,103.6105,1.08245,151.151
2026-06-01 00:13:11.668850+00:00,2326.51,76.85,103.6781,1.08242,151.107
2026-06-01 00:13:15.790530+00:00,2326.72,76.86,103.6827,1.08236,150.999
2026-06-01 00:13:17.409864+00:00,2325.95,76.94,103.6702,1.08316,150.925
2026-06-01 00:13:19.206899+00:00,2327.69,77.03,103.6558,1.08325,150.931
2026-06-01 00:13:23.319298+00:00,2327.77,77.05,103.6108,1.08332,150.97
2026-06-01 00:13:24.871413+00:00,2325.64,77.11,103.6223,1.0831,150.956
2026-06-01 00:13:29.393306+00:00,2321.02,76.95,103.6914,1.08292,151.008
2026-06-01 00:13:31.235177+00:00,2320.08,76.9,103.7231,1.08277,150.9
2026-06-01 00:13:34.734405+00:00,2316.28,76.7,103.7715,1.08264,151.078
2026-06-01 00:13:38.439871+00:00,2312.39,76.48,103.8123,1.0827,150.916
2026-06-01 00:13:41.108284+00:00,2315.06,76.47,103.8072,1.08306,150.91
2026-06-01 00:13:45.290788+00:00,2311.39,76.47,103.8198,1.08275,150.925
2026-06-01 00:13:50.013641+00:00,2309.54,76.48,103.8071,1.08311,150.83
2026-06-01 00:13:53.736412+00:00,2310.05,76.51,103.8266,1.08283,150.798
2026-06-01 00:13:56.077318+00:00,2310.38,76.51,103.8206,1.08278,150.699
2026-06-01 00:14:00.117117+00:00,2310.2,76.37,103.8296,1.08254,150.714
2026-06-01 00:14:04.039199+00:00,2310.91,76.38,103.8114,1.08278,150.664
2026-06-01 00:14:06.276974+00:00,2309.95,76.3,103.8448,1.08255,150.625
2026-06-01 00:14:10.021902+00:00,2307.88,76.34,103.8752,1.08312,150.795
2026-06-01 00:14:12.289902+00:00,2305.58,76.17,103.888,1.08294,150.724
2026-06-01 00:14:15.999342+00:00,2303.0,76.0,103.9352,1.08266,150.934
2026-06-01 00:14:18.043643+00:00,2302.09,75.87,103.9816,1.08305,150.961
2026-06-01 00:14:19.638769+00:00,2299.17,75.68,104.051,1.08333,150.974
2026-06-01 00:14:23.505222+00:00,2292.4,75.55,104.1492,1.08372,150.865
2026-06-01 00:14:25.435444+00:00,2294.29,75.45,104.1365,1.08383,150.849
2026-06-01 00:14:28.251837+00:00,2289.61,75.29,104.1881,1.08366,150.823
2026-06-01 00:14:29.690550+00:00,2290.09,75.26,104.1777,1.08372,150.69
2026-06-01 00:14:31.949472+00:00,2291.35,75.3,104.1797,1.0831,150.553
2026-06-01 00:14:35.406407+00:00,2292.11,75.34,104.1584,1.08334,150.627
2026-06-01 00:14:37.997297+00:00,2293.12,75.22,104.1562,1.08376,150.68
2026-06-01 00:14:39.283823+00:00,2291.82,75.22,104.213,1.0835,150.669
2026-06-01 00:14:44.124412+00:00,2293.79,75.19,104.1952,1.08371,150.682
2026-06-01 00:14:45.722969+00:00,2294.17,75.32,104.1664,1.08354,150.688
2026-06-01 00:14:50.330707+00:00,2294.85,75.29,104.0934,1.08357,150.614
2026-06-01 00:14:54.061867+00:00,2294.72,75.21,104.1071,1.08349,150.668
2026-06-01 00:14:55.220331+00:00,2295.27,75.24,104.1109,1.08364,150.573
2026-06-01 00:14:57.997441+00:00,2295.84,75.4,104.1086,1.08376,150.591
2026-06-01 00:14:59.421624+00:00,2296.15,75.35,104.1169,1.08406,150.556
2026-06-01 00:15:03.274492+00:00,2293.55,75.23,104.095,1.08432,150.693
2026-06-01 00:15:04.597892+00:00,2295.42,75.39,104.0769,1.0842,150.706
2026-06-01 00:15:07.241438+00:00,2290.98,75.16,104.1407,1.08371,150.752
2026-06-01 00:15:10.136014+00:00,2292.75,75.16,104.0607,1.08365,150.716
2026-06-01 00:15:11.804787+00:00,2289.6,75.01,104.0836,1.08349,150.799
2026-06-01 00:15:13.647090+00:00,2291.03,75.1,104.0375,1.08352,150.816
2026-06-01 00:15:15.579061+00:00,2290.46,75.01,104.0596,1.08372,150.611
2026-06-01 00:15:19.773838+00:00,2290.3,75.05,104.0407,1.08364,150.511
2026-06-01 00:15:23.305351+00:00,2288.84,74.83,104.0952,1.08364,150.431
2026-06-01 00:15:24.824613+00:00,2286.51,74.85,104.1256,1.08311,150.408
2026-06-01 00:15:28.859320+00:00,2285.88,74.69,104.1828,1.08312,150.33
2026-06-01 00:15:33.196854+00:00,2283.55,74.54,104.2028,1.08274,150.178
2026-06-01 00:15:35.627894+00:00,2280.9,74.46,104.1926,1.08248,150.329
2026-06-01 00:15:38.281846+00:00,2281.4,74.33,104.1741,1.08257,150.261
2026-06-01 00:15:40.166505+00:00,2282.45,74.38,104.1304,1.08264,150.221
2026-06-01 00:15:43.407293+00:00,2281.68,74.31,104.1459,1.08274,150.22
2026-06-01 00:15:47.662527+00:00,2281.58,74.26,104.1498,1.0828,150.349
2026-06-01 00:15:50.770879+00:00,2279.27,74.02,104.1931,1.08333,150.39
2026-06-01 00:15:53.627383+00:00,2279.22,74.04,104.1794,1.0831,150.375
2026-06-01 00:15:56.216298+00:00,2279.02,73.99,104.1417,1.08325,150.421
2026-06-01 00:15:59.876502+00:00,2280.68,74.02,104.1395,1.08337,150.42
2026-06-01 00:16:02.794969+00:00,2281.8,73.95,104.1391,1.08353,150.444
2026-06-01 00:16:04.817767+00:00,2279.7,73.84,104.1567,1.08394,150.495
2026-06-01 00:16:07.721791+00:00,2278.61,73.8,104.1929,1.08448,150.513
2026-06-01 00:16:12.355407+00:00,2277.98,73.84,104.2006,1.0845,150.462
2026-06-01 00:16:14.035540+00:00,2278.33,73.75,104.1628,1.08471,150.28
2026-06-01 00:16:18.163581+00:00,2278.45,73.86,104.1429,1.08495,150.257
2026-06-01 00:16:23.013678+00:00,2279.59,73.84,104.157,1.08464,150.285
2026-06-01 00:16:25.576310+00:00,2282.59,74.05,104.1092,1.08422,150.219
2026-06-01 00:16:28.453357+00:00,2284.8,74.11,104.062,1.08449,150.137
2026-06-01 00:16:31.932089+00:00,2290.64,74.22,104.0349,1.08435,150.012
2026-06-01 00:16:35.251823+00:00,2288.18,74.07,104.0864,1.08446,150.046
2026-06-01 00:16:39.269424+00:00,2287.37,74.12,104.0923,1.08465,150.038
2026-06-01 00:16:43.589398+00:00,2285.22,73.95,104.0944,1.08469,149.951
2026-06-01 00:16:46.476098+00:00,2285.31,73.79,104.0733,1.08485,149.985
2026-06-01 00:16:49.972561+00:00,2282.82,73.78,104.1224,1.08484,149.957
2026-06-01 00:16:53.538167+00:00,2281.9,73.75,104.152,1.0849,150.022
2026-06-01 00:16:55.403963+00:00,2283.05,73.83,104.1292,1.08434,150.139
2026-06-01 00:16:58.807294+00:00,2282.02,73.79,104.1341,1.08427,150.108
2026-06-01 00:17:01.030404+00:00,2284.41,73.84,104.0916,1.08442,150.15
2026-06-01 00:17:05.893274+00:00,2286.92,73.94,104.0547,1.08446,150.164
2026-06-01 00:17:10.767684+00:00,2288.35,74.0,104.0458,1.08422,150.175
2026-06-01 00:17:15.096092+00:00,2288.59,74.17,104.0326,1.08438,150.258
2026-06-01 00:17:18.516994+00:00,2291.35,74.15,104.0332,1.08414,150.239
2026-06-01 00:17:19.568957+00:00,2292.94,74.19,104.0485,1.08413,150.221
2026-06-01 00:17:22.843359+00:00,2299.98,74.34,103.9466,1.08384,150.294
2026-06-01 00:17:24.720266+00:00,2299.35,74.31,103.97,1.08359,150.223
2026-06-01 00:17:27.198799+00:00,2300.63,74.35,103.9431,1.08383,150.175
2026-06-01 00:17:31.761682+00:00,2298.5,74.41,103.9694,1.08405,150.271
2026-06-01 00:17:34.385034+00:00,2303.65,74.57,103.8658,1.0838,150.199
2026-06-01 00:17:39.061746+00:00,2301.78,74.57,103.8731,1.08397,150.242
2026-06-01 00:17:40.632698+00:00,2302.96,74.78,103.856,1.08339,150.176
2026-06-01 00:17:44.986510+00:00,2298.89,74.64,103.8974,1.08407,150.221
2026-06-01 00:17:46.414900+00:00,2299.79,74.62,103.8725,1.08414,150.093
2026-06-01 00:17:50.299290+00:00,2299.49,74.59,103.8581,1.08399,150.087
2026-06-01 00:17:54.374615+00:00,2300.45,74.68,103.846,1.08386,150.124
2026-06-01 00:17:57.764414+00:00,2301.59,74.79,103.8442,1.08431,150.258
2026-06-01 00:18:00.849168+00:00,2299.63,74.72,103.866,1.08412,150.157
2026-06-01 00:18:04.675970+00:00,2299.17,74.74,103.8435,1.08378,150.18
2026-06-01 00:18:07.414822+00:00,2300.25,74.92,103.8415,1.08396,150.109
2026-06-01 00:18:11.927541+00:00,2298.89,74.75,103.8568,1.08397,150.108
2026-06-01 00:18:15.809459+00:00,2296.52,74.78,103.865,1.08354,150.182
2026-06-01 00:18:20.806392+00:00,2297.18,74.7,103.8311,1.08354,150.272
2026-06-01 00:18:23.699135+00:00,2294.71,74.67,103.8109,1.0839,150.193
2026-06-01 00:18:25.057133+00:00,2295.88,74.78,103.8088,1.08315,150.142
2026-06-01 00:18:28.754797+00:00,2296.12,74.83,103.8178,1.08337,150.133
2026-06-01 00:18:30.479665+00:00,2291.32,74.72,103.8496,1.08359,150.204
2026-06-01 00:18:32.211710+00:00,2288.58,74.64,103.8817,1.08344,150.067
2026-06-01 00:18:36.676170+00:00,2291.68,74.81,103.8458,1.08361,150.099
2026-06-01 00:18:38.213662+00:00,2295.83,74.94,103.7882,1.08378,150.188
2026-06-01 00:18:40.496790+00:00,2298.4,75.12,103.7669,1.08463,150.14
2026-06-01 00:18:42.648076+00:00,2296.97,75.05,103.7611,1.08376,150.114
2026-06-01 00:18:45.929323+00:00,2297.47,75.22,103.7468,1.0842,150.139
2026-06-01 00:18:47.138269+00:00,2299.87,75.39,103.7191,1.08438,150.172
2026-06-01 00:18:50.495962+00:00,2299.71,75.54,103.7193,1.08454,150.268
2026-06-01 00:18:55.030551+00:00,2302.59,75.44,103.6915,1.08384,150.38
2026-06-01 00:18:56.352699+00:00,2304.15,75.39,103.6509,1.08395,150.384
2026-06-01 00:18:58.043337+00:00,2303.16,75.56,103.6804,1.08431,150.451
2026-06-01 00:19:03.005272+00:00,2306.66,75.52,103.6273,1.0846,150.387
2026-06-01 00:19:07.706648+00:00,2305.63,75.62,103.6453,1.08483,150.438
2026-06-01 00:19:09.407781+00:00,2305.86,75.53,103.598,1.0849,150.467
2026-06-01 00:19:11.886039+00:00,2310.54,75.74,103.5366,1.08481,150.508
2026-06-01 00:19:16.678779+00:00,2318.35,76.02,103.4469,1.08454,150.571
2026-06-01 00:19:19.687462+00:00,2315.54,75.93,103.5109,1.08445,150.401
2026-06-01 00:19:24.076695+00:00,2316.16,75.97,103.4904,1.08438,150.464
2026-06-01 00:19:25.429022+00:00,2312.01,75.91,103.5221,1.08388,150.518
2026-06-01 00:19:28.455410+00:00,2314.81,75.85,103.4988,1.08336,150.547
2026-06-01 00:19:31.374304+00:00,2311.56,75.75,103.5194,1.08317,150.595
2026-06-01 00:19:36.051066+00:00,2311.61,75.74,103.5157,1.08291,150.482
2026-06-01 00:19:38.365887+00:00,2312.06,75.58,103.4925,1.08264,150.602
2026-06-01 00:19:40.448024+00:00,2306.55,75.54,103.5704,1.08242,150.562
2026-06-01 00:19:42.599168+00:00,2305.74,75.45,103.5423,1.08295,150.537
2026-06-01 00:19:45.881114+00:00,2307.28,75.62,103.5241,1.08296,150.675
2026-06-01 00:19:48.700688+00:00,2304.78,75.43,103.5704,1.08291,150.611
2026-06-01 00:19:50.277150+00:00,2302.8,75.43,103.5952,1.08295,150.659
2026-06-01 00:19:52.269823+00:00,2301.33,75.42,103.6763,1.08285,150.632
2026-06-01 00:19:55.524368+00:00,2304.16,75.44,103.6409,1.08305,150.578
2026-06-01 00:19:58.088013+00:00,2303.37,75.48,103.638,1.08247,150.445
2026-06-01 00:19:59.665790+00:00,2299.08,75.38,103.6494,1.08226,150.396
2026-06-01 00:20:02.031329+00:00,2299.5,75.4,103.6603,1.08214,150.37
2026-06-01 00:20:05.314886+00:00,2301.01,75.35,103.6478,1.0815,150.392
2026-06-01 00:20:06.734479+00:00,2302.68,75.55,103.6027,1.08159,150.395
2026-06-01 00:20:11.477616+00:00,2302.44,75.55,103.6203,1.08206,150.401
2026-06-01 00:20:14.305294+00:00,2303.8,75.67,103.5761,1.08244,150.567
2026-06-01 00:20:18.912473+00:00,2301.34,75.62,103.6023,1.08264,150.591
2026-06-01 00:20:20.288108+00:00,2304.4,75.79,103.5869,1.08315,150.623
2026-06-01 00:20:22.328295+00:00,2306.39,75.82,103.591,1.08324,150.687
2026-06-01 00:20:25.691692+00:00,2306.19,75.83,103.6138,1.08345,150.569
2026-06-01 00:20:27.748910+00:00,2307.64,75.8,103.5801,1.08408,150.624
2026-06-01 00:20:31.731516+00:00,2307.2,75.88,103.5679,1.08448,150.67
2026-06-01 00:20:36.239737+00:00,2308.06,75.88,103.5789,1.08422,150.558
2026-06-01 00:20:37.540466+00:00,2310.32,75.97,103.5651,1.08414,150.621
2026-06-01 00:20:39.673504+00:00,2309.82,75.94,103.6053,1.08359,150.664
2026-06-01 00:20:43.816221+00:00,2305.75,75.78,103.6112,1.08374,150.642
2026-06-01 00:20:46.755327+00:00,2301.66,75.74,103.7042,1.08388,150.651
2026-06-01 00:20:49.216055+00:00,2306.73,75.92,103.6403,1.08397,150.689
2026-06-01 00:20:51.234507+00:00,2302.96,75.96,103.7067,1.08447,150.708
2026-06-01 00:20:53.915594+00:00,2303.29,75.89,103.6859,1.0849,150.814
2026-06-01 00:20:58.287170+00:00,2302.01,75.81,103.7207,1.08507,150.892
2026-06-01 00:20:59.751609+00:00,2303.79,75.85,103.7279,1.08482,151.054
2026-06-01 00:21:02.703205+00:00,2305.78,75.76,103.6931,1.08525,151.081
2026-06-01 00:21:03.988140+00:00,2302.34,75.58,103.7789,1.08524,151.102
2026-06-01 00:21:05.269859+00:00,2304.38,75.59,103.735,1.08553,151.012
2026-06-01 00:21:09.318422+00:00,2301.31,75.42,103.7756,1.08495,150.968
2026-06-01 00:21:12.919435+00:00,2302.37,75.36,103.8072,1.08475,150.925
2026-06-01 00:21:15.115788+00:00,2306.43,75.44,103.753,1.08521,151.037
2026-06-01 00:21:16.244047+00:00,2304.52,75.39,103.7548,1.08521,151.044
2026-06-01 00:21:19.778347+00:00,2308.65,75.45,103.7118,1.08545,151.007
2026-06-01 00:21:21.887244+00:00,2310.1,75.42,103.6705,1.08595,151.002
2026-06-01 00:21:25.295577+00:00,2313.67,75.57,103.666,1.08562,150.871
2026-06-01 00:21:28.296952+00:00,2316.05,75.67,103.6108,1.08573,150.808
2026-06-01 00:21:30.336308+00:00,2316.19,75.58,103.5987,1.08564,150.71
2026-06-01 00:21:33.607774+00:00,2315.41,75.52,103.6031,1.08566,150.669
2026-06-01 00:21:37.887107+00:00,2318.7,75.54,103.5886,1.0856,150.702
2026-06-01 00:21:40.718619+00:00,2323.16,75.52,103.5462,1.08602,150.692
2026-06-01 00:21:42.705212+00:00,2324.99,75.49,103.5151,1.08547,150.68
2026-06-01 00:21:47.123624+00:00,2326.25,75.49,103.4507,1.08547,150.66
2026-06-01 00:21:51.545997+00:00,2330.79,75.63,103.4072,1.08562,150.604
2026-06-01 00:21:55.349098+00:00,2331.83,75.76,103.4021,1.08571,150.597
2026-06-01 00:21:59.518139+00:00,2329.93,75.82,103.3842,1.08572,150.654
2026-06-01 00:22:02.248811+00:00,2328.67,75.8,103.3848,1.08578,150.672
2026-06-01 00:22:06.183660+00:00,2330.19,75.9,103.3761,1.08524,150.691
2026-06-01 00:22:08.833255+00:00,2328.48,75.79,103.3877,1.08586,150.605
2026-06-01 00:22:12.266111+00:00,2324.38,75.83,103.4113,1.08587,150.582
2026-06-01 00:22:15.725326+00:00,2321.95,75.95,103.4663,1.08561,150.635
2026-06-01 00:22:19.787697+00:00,2318.18,75.96,103.513,1.08598,150.607
2026-06-01 00:22:24.244406+00:00,2318.67,75.98,103.507,1.08547,150.621
2026-06-01 00:22:28.203609+00:00,2320.17,76.11,103.4772,1.08574,150.69
2026-06-01 00:22:31.904199+00:00,2316.91,76.02,103.5141,1.08558,150.646
2026-06-01 00:22:35.385802+00:00,2314.42,75.95,103.5835,1.08592,150.694
2026-06-01 00:22:37.202187+00:00,2313.77,75.9,103.6426,1.08612,150.666
2026-06-01 00:22:42.060384+00:00,2313.97,76.05,103.6113,1.08631,150.75
2026-06-01 00:22:46.104222+00:00,2315.11,76.08,103.5951,1.08614,150.723
2026-06-01 00:22:50.819614+00:00,2318.72,76.13,103.5353,1.08652,150.778
2026-06-01 00:22:53.235225+00:00,2319.93,76.22,103.5015,1.08646,150.854
2026-06-01 00:22:57.347995+00:00,2321.15,76.22,103.4735,1.08704,150.722
2026-06-01 00:23:00.877624+00:00,2320.51,76.2,103.4542,1.08693,150.689
2026-06-01 00:23:03.101572+00:00,2320.08,76.09,103.467,1.08719,150.756
2026-06-01 00:23:07.392629+00:00,2316.76,76.03,103.4904,1.08722,150.754
2026-06-01 00:23:11.026254+00:00,2323.37,76.04,103.4817,1.08694,150.831
2026-06-01 00:23:14.420736+00:00,2324.81,76.15,103.4462,1.08715,150.853
2026-06-01 00:23:18.898372+00:00,2327.93,76.23,103.4287,1.08736,150.913
2026-06-01 00:23:22.421103+00:00,2325.33,76.14,103.4334,1.08763,150.989
2026-06-01 00:23:27.373323+00:00,2326.57,76.24,103.4401,1.08739,151.11
2026-06-01 00:23:30.171691+00:00,2326.66,76.21,103.4205,1.08693,151.162
2026-06-01 00:23:34.886390+00:00,2328.07,76.07,103.4157,1.08712,151.279
2026-06-01 00:23:37.840682+00:00,2328.94,75.93,103.3966,1.08679,151.147
2026-06-01 00:23:40.036961+00:00,2327.0,75.84,103.3787,1.08654,151.182
2026-06-01 00:23:41.238250+00:00,2328.8,75.92,103.3897,1.08656,151.21
2026-06-01 00:23:45.524558+00:00,2330.31,75.93,103.3639,1.08632,151.247
2026-06-01 00:23:49.748253+00:00,2329.5,75.88,103.3387,1.08666,151.258
2026-06-01 00:23:53.553653+00:00,2328.36,75.77,103.3333,1.08701,151.225
2026-06-01 00:23:56.288208+00:00,2327.52,75.83,103.3433,1.08664,151.271
2026-06-01 00:23:57.791451+00:00,2328.43,75.79,103.309,1.08678,151.418
2026-06-01 00:24:01.122976+00:00,2334.32,75.84,103.2759,1.08657,151.441
2026-06-01 00:24:04.352914+00:00,2330.65,75.69,103.3308,1.08685,151.467
2026-06-01 00:24:07.136442+00:00,2327.13,75.53,103.3876,1.08726,151.55
2026-06-01 00:24:12.056879+00:00,2322.54,75.34,103.4373,1.08715,151.501
2026-06-01 00:24:14.565365+00:00,2327.99,75.47,103.3772,1.08713,151.524
2026-06-01 00:24:16.332234+00:00,2332.46,75.65,103.3487,1.08677,151.585
2026-06-01 00:24:20.209435+00:00,2329.22,75.47,103.3336,1.08696,151.599
2026-06-01 00:24:21.270620+00:00,2331.83,75.39,103.3243,1.08708,151.552
2026-06-01 00:24:22.452257+00:00,2330.34,75.5,103.3062,1.08777,151.555
2026-06-01 00:24:24.319974+00:00,2332.92,75.57,103.2592,1.08783,151.585
2026-06-01 00:24:28.870315+00:00,2330.98,75.47,103.3279,1.08782,151.703
2026-06-01 00:24:31.869844+00:00,2330.89,75.36,103.3216,1.08791,151.825
2026-06-01 00:24:36.043271+00:00,2333.01,75.42,103.3453,1.08791,152.005
2026-06-01 00:24:37.891890+00:00,2331.13,75.3,103.4054,1.0882,151.987
2026-06-01 00:24:41.816126+00:00,2335.03,75.54,103.3316,1.08814,151.959
2026-06-01 00:24:45.095892+00:00,2331.42,75.37,103.405,1.08893,151.939
2026-06-01 00:24:47.816525+00:00,2330.63,75.42,103.4032,1.08875,152.023
2026-06-01 00:24:50.556963+00:00,2329.53,75.36,103.4194,1.0889,151.973
2026-06-01 00:24:52.005054+00:00,2329.25,75.4,103.3935,1.08865,151.999
2026-06-01 00:24:53.735597+00:00,2329.72,75.3,103.4009,1.08902,152.041
2026-06-01 00:24:55.861023+00:00,2330.07,75.25,103.392,1.08946,152.038
2026-06-01 00:24:58.400105+00:00,2327.5,75.2,103.4088,1.08964,152.082
2026-06-01 00:25:01.733134+00:00,2331.28,75.34,103.3588,1.08937,152.083
2026-06-01 00:25:05.177842+00:00,2329.1,75.28,103.3599,1.08917,152.066
2026-06-01 00:25:08.602061+00:00,2332.31,75.55,103.3237,1.08909,152.072
2026-06-01 00:25:10.207452+00:00,2333.51,75.73,103.2952,1.0894,152.094
2026-06-01 00:25:14.244716+00:00,2330.59,75.71,103.3231,1.08942,151.974
2026-06-01 00:25:18.197704+00:00,2328.73,75.58,103.3361,1.08951,151.942
2026-06-01 00:25:22.678555+00:00,2328.47,75.46,103.3289,1.08958,152.018
2026-06-01 00:25:24.450662+00:00,2330.91,75.63,103.2712,1.0902,151.942
2026-06-01 00:25:26.209616+00:00,2333.6,75.88,103.2392,1.08989,151.91
2026-06-01 00:25:29.627551+00:00,2336.73,75.94,103.2128,1.09016,151.926
2026-06-01 00:25:33.400034+00:00,2332.83,75.86,103.2749,1.09071,151.988
2026-06-01 00:25:35.864281+00:00,2334.43,75.83,103.2597,1.09047,151.903
2026-06-01 00:25:37.407844+00:00,2335.56,75.91,103.2576,1.09057,151.95
2026-06-01 00:25:38.544886+00:00,2336.01,75.85,103.2634,1.09081,151.907
2026-06-01 00:25:41.490653+00:00,2335.6,75.82,103.2355,1.09124,151.991
2026-06-01 00:25:45.192547+00:00,2339.11,75.85,103.2784,1.09119,152.016
2026-06-01 00:25:48.853542+00:00,2338.64,75.88,103.2852,1.09179,152.039
2026-06-01 00:25:49.952660+00:00,2338.46,75.93,103.271,1.09162,151.989
2026-06-01 00:25:51.637894+00:00,2344.87,76.03,103.1708,1.09162,152.035
2026-06-01 00:25:53.185780+00:00,2347.07,76.02,103.1575,1.09136,151.996
2026-06-01 00:25:55.242882+00:00,2343.67,76.04,103.197,1.0917,152.005
2026-06-01 00:25:57.387521+00:00,2343.84,76.16,103.1735,1.09193,152.038
2026-06-01 00:26:01.807835+00:00,2339.96,76.03,103.2127,1.09217,151.945
2026-06-01 00:26:05.791915+00:00,2336.9,75.93,103.2118,1.09173,151.891
2026-06-01 00:26:09.864561+00:00,2335.99,75.93,103.2279,1.09133,151.882
2026-06-01 00:26:12.897566+00:00,2338.18,75.97,103.2171,1.09125,151.969
2026-06-01 00:26:17.249699+00:00,2338.99,76.04,103.2073,1.0916,151.935
2026-06-01 00:26:22.067169+00:00,2339.14,76.1,103.1818,1.09196,151.975
2026-06-01 00:26:25.574331+00:00,2337.3,76.17,103.2402,1.09245,151.987
2026-06-01 00:26:28.572619+00:00,2331.41,76.06,103.2763,1.09217,151.988
2026-06-01 00:26:29.819964+00:00,2331.51,76.08,103.2853,1.09184,152.058
2026-06-01 00:26:34.316373+00:00,2331.01,76.13,103.3126,1.09216,151.98
2026-06-01 00:26:38.533404+00:00,2332.96,76.23,103.2803,1.09234,152.011
2026-06-01 00:26:42.803967+00:00,2329.59,76.24,103.3072,1.09274,152.014
2026-06-01 00:26:45.924864+00:00,2327.29,76.1,103.3547,1.09255,152.14
2026-06-01 00:26:49.655224+00:00,2324.91,76.05,103.3562,1.09268,152.263
2026-06-01 00:26:54.137871+00:00,2324.24,75.8,103.3675,1.0926,152.21
2026-06-01 00:26:57.166613+00:00,2326.66,75.87,103.3231,1.09199,152.133
2026-06-01 00:27:00.254384+00:00,2326.91,75.89,103.2819,1.09258,152.195
2026-06-01 00:27:01.732988+00:00,2327.03,75.79,103.317,1.09216,152.28
2026-06-01 00:27:05.088938+00:00,2325.08,75.74,103.3322,1.09202,152.326
2026-06-01 00:27:09.613455+00:00,2324.42,75.74,103.3459,1.0919,152.344
2026-06-01 00:27:13.274272+00:00,2328.04,75.85,103.3459,1.09293,152.387
2026-06-01 00:27:14.282852+00:00,2330.08,75.81,103.3186,1.09279,152.441
2026-06-01 00:27:17.209763+00:00,2329.91,75.88,103.3388,1.09276,152.398
2026-06-01 00:27:20.601012+00:00,2333.62,75.85,103.294,1.09283,152.461
2026-06-01 00:27:24.234402+00:00,2336.27,75.96,103.264,1.09263,152.448
2026-06-01 00:27:28.215715+00:00,2336.4,75.82,103.2521,1.09267,152.434
2026-06-01 00:27:30.262889+00:00,2336.42,75.72,103.2231,1.09258,152.496
2026-06-01 00:27:31.296264+00:00,2341.51,75.74,103.1629,1.09269,152.515
2026-06-01 00:27:32.465549+00:00,2341.98,75.79,103.1518,1.09298,152.462
2026-06-01 00:27:37.148268+00:00,2338.4,75.72,103.1486,1.09267,152.48
2026-06-01 00:27:40.200488+00:00,2336.01,75.73,103.1281,1.09285,152.392
2026-06-01 00:27:41.292725+00:00,2335.9,75.76,103.1266,1.09279,152.286
2026-06-01 00:27:45.451389+00:00,2331.78,75.65,103.1567,1.09301,152.272
2026-06-01 00:27:48.737193+00:00,2329.25,75.59,103.1902,1.09365,152.229
2026-06-01 00:27:53.101039+00:00,2329.63,75.59,103.179,1.09317,152.198
2026-06-01 00:27:56.284532+00:00,2325.31,75.45,103.1875,1.09338,152.248
2026-06-01 00:27:58.825463+00:00,2322.95,75.24,103.2022,1.09353,152.314
2026-06-01 00:28:01.377802+00:00,2322.43,75.07,103.1955,1.09379,152.443
2026-06-01 00:28:05.635184+00:00,2323.71,74.95,103.1354,1.09385,152.423
2026-06-01 00:28:10.228762+00:00,2321.19,74.88,103.186,1.09392,152.518
2026-06-01 00:28:12.401857+00:00,2321.21,74.96,103.1624,1.09486,152.552
2026-06-01 00:28:15.247350+00:00,2322.8,75.13,103.1639,1.09436,152.661
2026-06-01 00:28:16.809432+00:00,2322.2,75.01,103.1822,1.09417,152.674
2026-06-01 00:28:19.793282+00:00,2323.64,75.14,103.1889,1.09421,152.653
2026-06-01 00:28:21.221259+00:00,2326.11,75.19,103.1717,1.09405,152.657
2026-06-01 00:28:24.505843+00:00,2323.1,75.22,103.2325,1.09456,152.601
2026-06-01 00:28:29.144874+00:00,2322.81,75.22,103.238,1.09461,152.503
2026-06-01 00:28:33.002103+00:00,2318.28,75.16,103.3183,1.09508,152.371
2026-06-01 00:28:37.626312+00:00,2322.83,75.15,103.2649,1.09546,152.417
2026-06-01 00:28:39.885033+00:00,2320.4,74.9,103.2978,1.09586,152.424
2026-06-01 00:28:42.102844+00:00,2320.23,74.93,103.3372,1.09617,152.51
2026-06-01 00:28:45.784031+00:00,2322.4,75.0,103.3065,1.09579,152.446
2026-06-01 00:28:48.314223+00:00,2322.09,75.08,103.3113,1.09614,152.531
2026-06-01 00:28:49.558324+00:00,2322.26,75.05,103.3427,1.09637,152.45
2026-06-01 00:28:53.253197+00:00,2324.49,75.05,103.3438,1.09658,152.38
2026-06-01 00:28:54.478071+00:00,2324.4,75.04,103.3471,1.09671,152.364
2026-06-01 00:28:57.943990+00:00,2325.54,75.08,103.3437,1.0965,152.373
2026-06-01 00:29:01.949392+00:00,2323.24,74.99,103.3827,1.09665,152.282
2026-06-01 00:29:06.705702+00:00,2319.48,74.99,103.4236,1.0971,152.314
2026-06-01 00:29:11.268954+00:00,2319.35,75.1,103.3989,1.0974,152.261
2026-06-01 00:29:12.954102+00:00,2320.26,75.1,103.3987,1.09734,152.219
2026-06-01 00:29:17.164128+00:00,2325.39,75.17,103.3575,1.09712,152.139
2026-06-01 00:29:20.247685+00:00,2326.25,75.32,103.3172,1.09707,152.175
2026-06-01 00:29:21.780856+00:00,2326.92,75.42,103.2984,1.09668,152.169
2026-06-01 00:29:26.457099+00:00,2332.17,75.58,103.2279,1.09686,152.237
2026-06-01 00:29:29.252059+00:00,2334.89,75.66,103.2009,1.09668,152.104
2026-06-01 00:29:31.133844+00:00,2336.04,75.73,103.1596,1.09692,152.261
2026-06-01 00:29:34.028234+00:00,2336.28,75.76,103.1961,1.0966,152.281
2026-06-01 00:29:35.495117+00:00,2333.86,75.7,103.2455,1.09722,152.32
2026-06-01 00:29:38.035225+00:00,2335.68,75.64,103.2423,1.09665,152.429
2026-06-01 00:29:41.512321+00:00,2340.71,75.61,103.2393,1.0967,152.494
2026-06-01 00:29:46.248478+00:00,2338.33,75.54,103.2865,1.09693,152.444
2026-06-01 00:29:50.962651+00:00,2336.54,75.36,103.3191,1.09735,152.398
2026-06-01 00:29:53.725297+00:00,2337.23,75.41,103.2923,1.09708,152.482
2026-06-01 00:29:55.075259+00:00,2339.32,75.41,103.272,1.0975,152.534
2026-06-01 00:29:58.703947+00:00,2342.47,75.42,103.2438,1.09747,152.445
2026-06-01 00:30:01.248696+00:00,2343.35,75.42,103.2211,1.09698,152.573
2026-06-01 00:30:04.277760+00:00,2342.56,75.39,103.1903,1.09747,152.551
2026-06-01 00:30:07.719587+00:00,2346.1,75.61,103.1502,1.09777,152.61
2026-06-01 00:30:10.872037+00:00,2348.12,75.64,103.1673,1.0975,152.616
2026-06-01 00:30:13.392314+00:00,2348.7,75.61,103.1702,1.09746,152.506
2026-06-01 00:30:15.073002+00:00,2347.68,75.48,103.1697,1.09765,152.551
2026-06-01 00:30:19.378327+00:00,2347.15,75.42,103.1897,1.09732,152.602
2026-06-01 00:30:23.982995+00:00,2345.66,75.32,103.2195,1.09739,152.575
2026-06-01 00:30:26.218448+00:00,2343.48,75.15,103.2578,1.09828,152.68
2026-06-01 00:30:30.815521+00:00,2345.27,75.06,103.2051,1.09872,152.628
2026-06-01 00:30:35.090327+00:00,2343.49,74.93,103.1983,1.09873,152.569
2026-06-01 00:30:38.585063+00:00,2340.97,74.92,103.2134,1.09869,152.619
2026-06-01 00:30:40.491204+00:00,2340.44,74.94,103.2285,1.09866,152.631
2026-06-01 00:30:43.876823+00:00,2337.73,74.95,103.2588,1.09883,152.658
2026-06-01 00:30:46.935333+00:00,2338.69,75.02,103.2731,1.09882,152.765
2026-06-01 00:30:50.948177+00:00,2340.04,75.06,103.268,1.0986,152.823
2026-06-01 00:30:55.518698+00:00,2346.76,75.28,103.1676,1.09846,152.942
2026-06-01 00:30:57.843416+00:00,2344.72,75.11,103.1697,1.09792,152.995
2026-06-01 00:31:00.878025+00:00,2351.35,75.2,103.0986,1.09771,153.096
2026-06-01 00:31:05.493512+00:00,2350.11,75.17,103.1198,1.09765,153.066
2026-06-01 00:31:07.240247+00:00,2348.39,75.18,103.086,1.09753,153.128
2026-06-01 00:31:11.284685+00:00,2349.88,75.2,103.0977,1.09786,153.167
2026-06-01 00:31:14.096865+00:00,2353.08,75.24,103.0382,1.09802,153.213
2026-06-01 00:31:17.153550+00:00,2354.9,75.26,103.0109,1.09801,153.081
2026-06-01 00:31:20.998217+00:00,2353.98,75.21,103.024,1.09864,152.998
2026-06-01 00:31:23.620966+00:00,2353.33,75.32,103.021,1.0985,153.118
2026-06-01 00:31:27.358460+00:00,2353.29,75.19,103.0259,1.09798,153.046
2026-06-01 00:31:31.350447+00:00,2355.43,75.23,102.9815,1.09793,153.074
2026-06-01 00:31:34.970847+00:00,2355.19,75.24,102.9513,1.09792,153.11
2026-06-01 00:31:39.245094+00:00,2355.65,75.22,102.9349,1.09832,153.062
2026-06-01 00:31:41.400269+00:00,2355.81,75.34,102.9276,1.09866,153.159
2026-06-01 00:31:44.416057+00:00,2355.54,75.31,102.9212,1.09896,153.182
2026-06-01 00:31:45.543302+00:00,2355.05,75.26,102.955,1.09892,153.131
2026-06-01 00:31:49.834283+00:00,2359.01,75.41,102.9049,1.09884,153.125
2026-06-01 00:31:52.412346+00:00,2355.61,75.33,102.9826,1.09889,152.96
2026-06-01 00:31:54.516125+00:00,2358.4,75.39,102.9657,1.09911,152.911
2026-06-01 00:31:57.097475+00:00,2354.8,75.29,102.9659,1.09875,152.918
2026-06-01 00:31:59.493590+00:00,2354.33,75.17,102.9901,1.09838,153.045
2026-06-01 00:32:02.048646+00:00,2349.05,75.08,103.0743,1.09851,153.092
2026-06-01 00:32:05.131010+00:00,2348.13,75.04,103.0457,1.09811,153.128
2026-06-01 00:32:06.842309+00:00,2345.81,74.86,103.0835,1.09797,153.238
2026-06-01 00:32:10.889121+00:00,2348.03,74.83,103.0715,1.09767,153.213
2026-06-01 00:32:12.267890+00:00,2346.74,74.72,103.0474,1.09692,153.142
2026-06-01 00:32:13.645045+00:00,2346.71,74.67,103.0618,1.09673,153.172
2026-06-01 00:32:15.435842+00:00,2349.12,74.61,103.0341,1.09622,153.358
2026-06-01 00:32:19.961151+00:00,2344.2,74.41,103.0495,1.09669,153.542
2026-06-01 00:32:22.724947+00:00,2341.75,74.21,103.0561,1.09661,153.5
2026-06-01 00:32:27.101567+00:00,2342.83,74.25,103.0396,1.09627,153.556
2026-06-01 00:32:30.651760+00:00,2343.91,74.31,103.0068,1.09582,153.506
2026-06-01 00:32:34.770862+00:00,2342.23,74.26,103.059,1.09597,153.528
2026-06-01 00:32:36.629782+00:00,2345.79,74.36,103.0494,1.09603,153.511
2026-06-01 00:32:40.023049+00:00,2344.59,74.39,103.0711,1.09648,153.372
2026-06-01 00:32:44.202140+00:00,2344.53,74.33,103.1189,1.09648,153.348
2026-06-01 00:32:45.470804+00:00,2342.6,74.28,103.1353,1.09629,153.293
2026-06-01 00:32:50.193213+00:00,2347.35,74.42,103.0823,1.09624,153.24
2026-06-01 00:32:55.077546+00:00,2343.92,74.3,103.0886,1.09575,153.263
2026-06-01 00:32:59.668361+00:00,2346.41,74.27,103.0844,1.09587,153.25
2026-06-01 00:33:03.892874+00:00,2349.18,74.35,103.053,1.09578,153.156
2026-06-01 00:33:06.384718+00:00,2346.65,74.21,103.0839,1.09619,153.095
2026-06-01 00:33:09.366003+00:00,2346.38,74.21,103.0578,1.09641,153.051
2026-06-01 00:33:10.678845+00:00,2348.73,74.23,102.9977,1.09652,153.123
2026-06-01 00:33:12.497294+00:00,2351.89,74.36,102.9798,1.09643,153.164
2026-06-01 00:33:16.761845+00:00,2351.17,74.33,103.0079,1.09668,153.297
2026-06-01 00:33:19.122978+00:00,2351.59,74.46,103.0194,1.0966,153.303
2026-06-01 00:33:20.470738+00:00,2352.57,74.37,102.9785,1.09633,153.238
2026-06-01 00:33:22.405864+00:00,2351.77,74.31,102.9994,1.09595,153.211
2026-06-01 00:33:26.917277+00:00,2353.97,74.3,102.9815,1.09669,153.216
2026-06-01 00:33:29.848846+00:00,2352.19,74.26,102.9967,1.0967,153.116
2026-06-01 00:33:33.389856+00:00,2349.78,74.18,103.0117,1.09667,153.126
2026-06-01 00:33:37.418178+00:00,2351.98,74.27,102.97,1.09688,153.16
2026-06-01 00:33:40.969914+00:00,2355.0,74.38,102.9381,1.09698,153.244
2026-06-01 00:33:42.251895+00:00,2352.84,74.35,102.9637,1.09673,153.245
2026-06-01 00:33:46.369584+00:00,2350.38,74.33,102.9603,1.0967,153.355
2026-06-01 00:33:47.441998+00:00,2346.63,74.05,102.9848,1.09659,153.324
2026-06-01 00:33:49.029622+00:00,2350.38,74.14,102.9399,1.09695,153.328
2026-06-01 00:33:50.405815+00:00,2346.67,74.04,102.9776,1.09772,153.339
2026-06-01 00:33:53.441210+00:00,2343.65,74.03,102.9618,1.09793,153.405
2026-06-01 00:33:55.467858+00:00,2344.61,74.11,102.9488,1.09769,153.548
2026-06-01 00:33:57.425609+00:00,2344.68,73.9,102.9829,1.0982,153.556
2026-06-01 00:34:00.293824+00:00,2346.77,73.9,102.9738,1.09795,153.518
2026-06-01 00:34:03.500651+00:00,2350.69,73.93,102.9208,1.09776,153.578
2026-06-01 00:34:08.369555+00:00,2348.72,73.91,102.9468,1.09812,153.561
2026-06-01 00:34:12.253105+00:00,2347.28,73.97,102.9345,1.09825,153.562
2026-06-01 00:34:16.582808+00:00,2344.16,74.0,102.9681,1.09794,153.591
2026-06-01 00:34:18.619812+00:00,2347.56,74.01,102.9617,1.09843,153.461
2026-06-01 00:34:20.384017+00:00,2350.02,74.01,102.92,1.09832,153.575
2026-06-01 00:34:23.342058+00:00,2350.18,73.99,102.8937,1.09847,153.68
2026-06-01 00:34:28.237103+00:00,2353.38,73.97,102.8309,1.09866,153.587
2026-06-01 00:34:30.081101+00:00,2353.26,73.87,102.8137,1.09865,153.63
2026-06-01 00:34:34.706595+00:00,2356.65,73.96,102.7625,1.09832,153.598
2026-06-01 00:34:36.511014+00:00,2358.14,73.83,102.7307,1.09874,153.61
2026-06-01 00:34:38.112665+00:00,2357.24,73.73,102.7792,1.0989,153.589
2026-06-01 00:34:41.652480+00:00,2357.81,73.75,102.8154,1.09911,153.521
2026-06-01 00:34:45.804358+00:00,2360.2,73.87,102.7392,1.09846,153.551
2026-06-01 00:34:50.292881+00:00,2356.2,73.85,102.8047,1.09894,153.538
2026-06-01 00:34:53.611939+00:00,2357.28,73.93,102.7943,1.09897,153.567
2026-06-01 00:34:56.016169+00:00,2358.63,73.97,102.8025,1.09939,153.608
2026-06-01 00:35:00.439065+00:00,2362.6,74.22,102.7575,1.10049,153.526
2026-06-01 00:35:02.623292+00:00,2361.45,74.2,102.8158,1.10029,153.599
2026-06-01 00:35:05.819819+00:00,2365.21,74.21,102.8058,1.10072,153.649
2026-06-01 00:35:10.706056+00:00,2366.07,74.22,102.8096,1.10075,153.593
2026-06-01 00:35:14.677370+00:00,2362.79,74.16,102.8383,1.10085,153.636
2026-06-01 00:35:19.211211+00:00,2362.91,74.1,102.8456,1.10103,153.507
2026-06-01 00:35:23.925480+00:00,2362.11,73.91,102.8899,1.10155,153.486
2026-06-01 00:35:28.078768+00:00,2364.14,73.9,102.8957,1.10135,153.457
2026-06-01 00:35:29.341379+00:00,2362.64,73.93,102.9135,1.10095,153.383
2026-06-01 00:35:33.120214+00:00,2365.7,73.99,102.8903,1.10123,153.372
2026-06-01 00:35:37.080924+00:00,2363.86,74.07,102.8466,1.10151,153.344
2026-06-01 00:35:38.677468+00:00,2364.76,73.98,102.8422,1.10149,153.38
2026-06-01 00:35:41.913804+00:00,2362.11,73.89,102.8791,1.10154,153.419
2026-06-01 00:35:45.722261+00:00,2360.88,74.0,102.8802,1.10141,153.506
2026-06-01 00:35:47.676997+00:00,2358.57,73.94,102.8994,1.10152,153.667
2026-06-01 00:35:49.937184+00:00,2357.0,73.99,102.8868,1.10156,153.691
2026-06-01 00:35:54.871612+00:00,2356.99,74.04,102.8734,1.10127,153.92
2026-06-01 00:35:55.872281+00:00,2355.44,73.88,102.8948,1.10098,153.894
2026-06-01 00:35:59.415746+00:00,2358.65,74.0,102.823,1.10161,153.812
2026-06-01 00:36:02.156452+00:00,2363.64,74.16,102.7552,1.10168,153.783
2026-06-01 00:36:03.857690+00:00,2363.57,74.01,102.7743,1.10168,153.754
2026-06-01 00:36:04.874299+00:00,2362.67,73.9,102.7422,1.10183,153.798
2026-06-01 00:36:08.115263+00:00,2361.08,73.9,102.7151,1.10152,153.749
2026-06-01 00:36:09.820081+00:00,2362.9,73.93,102.7262,1.10166,153.78
2026-06-01 00:36:12.689905+00:00,2361.47,73.74,102.7544,1.10183,153.773
2026-06-01 00:36:17.410666+00:00,2362.03,73.62,102.7435,1.10147,153.91
2026-06-01 00:36:19.339227+00:00,2361.98,73.57,102.7107,1.10134,153.818
2026-06-01 00:36:21.551564+00:00,2367.26,73.75,102.6335,1.1016,153.797
2026-06-01 00:36:25.937709+00:00,2367.32,73.61,102.6719,1.10168,153.897
2026-06-01 00:36:30.819865+00:00,2363.79,73.45,102.7071,1.10173,153.869
2026-06-01 00:36:32.311750+00:00,2360.04,73.37,102.7257,1.10152,153.99
2026-06-01 00:36:35.632823+00:00,2361.31,73.33,102.7302,1.10152,153.87
2026-06-01 00:36:37.835936+00:00,2364.83,73.49,102.6677,1.10149,153.812
2026-06-01 00:36:40.739822+00:00,2368.35,73.61,102.6544,1.1019,153.875
2026-06-01 00:36:44.681395+00:00,2364.19,73.43,102.71,1.10197,153.779
2026-06-01 00:36:46.712628+00:00,2362.25,73.41,102.6788,1.10217,153.813
2026-06-01 00:36:49.068871+00:00,2368.01,73.53,102.6337,1.10173,153.748
2026-06-01 00:36:50.531426+00:00,2366.66,73.55,102.5995,1.10179,153.674
2026-06-01 00:36:54.529760+00:00,2367.85,73.68,102.5835,1.10156,153.662
2026-06-01 00:36:59.443162+00:00,2365.06,73.63,102.6725,1.10137,153.649
2026-06-01 00:37:02.734704+00:00,2363.98,73.62,102.686,1.10175,153.609
2026-06-01 00:37:05.953391+00:00,2367.12,73.69,102.6461,1.10258,153.555
2026-06-01 00:37:10.465893+00:00,2367.18,73.85,102.6521,1.10238,153.599
2026-06-01 00:37:13.669195+00:00,2367.39,73.92,102.649,1.10247,153.602
2026-06-01 00:37:17.845487+00:00,2368.82,73.96,102.6195,1.10305,153.531
2026-06-01 00:37:21.085753+00:00,2369.66,74.12,102.5847,1.10283,153.466
2026-06-01 00:37:22.808890+00:00,2369.12,74.11,102.5276,1.10293,153.435
2026-06-01 00:37:25.068389+00:00,2366.7,73.91,102.5866,1.10272,153.559
2026-06-01 00:37:26.823764+00:00,2367.61,73.9,102.5729,1.10266,153.553
2026-06-01 00:37:30.257694+00:00,2370.09,74.0,102.5503,1.10295,153.547
2026-06-01 00:37:31.567161+00:00,2367.64,73.9,102.5626,1.10292,153.559
2026-06-01 00:37:32.807823+00:00,2369.07,73.96,102.5314,1.10271,153.671
2026-06-01 00:37:36.189832+00:00,2371.76,74.16,102.4697,1.10273,153.704
2026-06-01 00:37:38.873333+00:00,2369.93,74.02,102.5089,1.1031,153.73
2026-06-01 00:37:40.865754+00:00,2364.41,73.92,102.5632,1.10223,153.828
2026-06-01 00:37:42.127538+00:00,2364.0,74.01,102.5421,1.10203,153.86
2026-06-01 00:37:46.670535+00:00,2370.27,74.17,102.4937,1.10231,153.774
2026-06-01 00:37:48.115173+00:00,2371.21,74.24,102.4661,1.1025,153.789
2026-06-01 00:37:49.313985+00:00,2363.88,74.06,102.5667,1.10249,153.916
2026-06-01 00:37:53.272308+00:00,2365.24,74.16,102.5615,1.10221,153.742
2026-06-01 00:37:58.197139+00:00,2364.98,74.1,102.5895,1.10228,153.843
2026-06-01 00:38:02.996188+00:00,2364.86,74.12,102.6264,1.10174,153.816
2026-06-01 00:38:05.135510+00:00,2368.74,74.2,102.5912,1.10202,153.886
2026-06-01 00:38:07.309860+00:00,2368.31,74.26,102.6379,1.10228,153.895
2026-06-01 00:38:11.337701+00:00,2368.89,74.25,102.6404,1.10195,153.997
2026-06-01 00:38:14.495461+00:00,2365.71,74.18,102.7134,1.10184,153.954
2026-06-01 00:38:15.661223+00:00,2366.23,73.93,102.7066,1.10276,154.004
2026-06-01 00:38:18.733738+00:00,2363.56,73.86,102.755,1.10339,154.039
2026-06-01 00:38:23.632741+00:00,2363.17,73.77,102.7474,1.10283,153.93
2026-06-01 00:38:27.584962+00:00,2359.82,73.72,102.7473,1.10181,153.859
2026-06-01 00:38:31.172979+00:00,2358.12,73.8,102.7461,1.10213,153.863
2026-06-01 00:38:34.900737+00:00,2357.25,73.8,102.7286,1.10221,153.852
2026-06-01 00:38:37.393777+00:00,2356.08,73.76,102.7454,1.10228,153.852
2026-06-01 00:38:42.231478+00:00,2354.13,73.65,102.7497,1.10176,153.832
2026-06-01 00:38:44.209251+00:00,2354.91,73.88,102.7473,1.10222,153.897
2026-06-01 00:38:48.672574+00:00,2358.78,73.83,102.678,1.10242,153.914
2026-06-01 00:38:50.030105+00:00,2360.98,73.88,102.6828,1.10213,153.839
2026-06-01 00:38:53.180653+00:00,2365.21,73.95,102.6173,1.10194,153.793
2026-06-01 00:38:55.739339+00:00,2360.55,73.85,102.6415,1.10233,153.821
2026-06-01 00:38:57.404038+00:00,2360.54,73.86,102.6377,1.10259,153.82
2026-06-01 00:38:59.178292+00:00,2363.34,74.0,102.5913,1.10201,153.846
2026-06-01 00:39:00.286642+00:00,2365.87,74.09,102.5588,1.10177,153.893
2026-06-01 00:39:04.274249+00:00,2366.45,74.2,102.5245,1.1016,154.02
2026-06-01 00:39:06.379178+00:00,2368.35,74.29,102.4979,1.10071,153.959
2026-06-01 00:39:08.665787+00:00,2367.96,74.3,102.5195,1.10063,153.887
2026-06-01 00:39:13.542752+00:00,2368.54,74.32,102.5005,1.10139,153.728
2026-06-01 00:39:16.589895+00:00,2367.69,74.23,102.5278,1.10168,153.731
2026-06-01 00:39:19.961401+00:00,2367.02,74.21,102.5314,1.10164,153.755
2026-06-01 00:39:22.226678+00:00,2367.7,74.19,102.4694,1.10195,153.78
2026-06-01 00:39:26.969433+00:00,2367.55,74.36,102.4383,1.10203,153.849
2026-06-01 00:39:30.737267+00:00,2364.63,74.3,102.5241,1.10215,153.974
2026-06-01 00:39:31.917621+00:00,2368.14,74.32,102.5057,1.10167,154.099
2026-06-01 00:39:34.031697+00:00,2365.93,74.31,102.5099,1.10162,154.158
2026-06-01 00:39:36.212127+00:00,2362.55,74.24,102.5336,1.10152,154.255
2026-06-01 00:39:39.336141+00:00,2360.89,74.18,102.5247,1.10111,154.262
2026-06-01 00:39:41.937233+00:00,2366.54,74.2,102.397,1.10138,154.261
2026-06-01 00:39:45.664705+00:00,2368.56,74.32,102.3762,1.10125,154.235
2026-06-01 00:39:50.334913+00:00,2369.32,74.32,102.3923,1.10112,154.143
2026-06-01 00:39:52.745017+00:00,2373.72,74.43,102.3272,1.10116,154.121
2026-06-01 00:39:55.816431+00:00,2373.75,74.44,102.2764,1.10181,154.116
2026-06-01 00:39:58.584212+00:00,2373.84,74.45,102.2418,1.10232,154.079
2026-06-01 00:40:01.590741+00:00,2375.16,74.47,102.2105,1.10276,153.945
2026-06-01 00:40:06.465062+00:00,2369.92,74.29,102.2312,1.10225,153.897
2026-06-01 00:40:10.222802+00:00,2363.95,74.24,102.2981,1.10233,153.829
2026-06-01 00:40:11.758942+00:00,2359.04,74.12,102.36,1.10265,153.882
2026-06-01 00:40:15.777995+00:00,2357.36,74.04,102.3755,1.10335,153.758
2026-06-01 00:40:20.474999+00:00,2358.18,73.92,102.3664,1.1032,153.748
2026-06-01 00:40:23.213253+00:00,2354.98,73.85,102.4228,1.10293,153.76
2026-06-01 00:40:25.081029+00:00,2352.53,73.95,102.4493,1.10256,153.78
2026-06-01 00:40:28.416141+00:00,2348.04,73.77,102.4787,1.10289,153.829
2026-06-01 00:40:33.325585+00:00,2348.29,73.77,102.4651,1.10271,153.814
2026-06-01 00:40:37.698586+00:00,2349.12,73.82,102.4811,1.10267,153.907
2026-06-01 00:40:40.276067+00:00,2349.07,73.78,102.4438,1.10241,153.907
2026-06-01 00:40:41.841629+00:00,2352.03,73.85,102.4127,1.10174,153.918
2026-06-01 00:40:45.569723+00:00,2352.41,74.01,102.4342,1.10203,153.853
2026-06-01 00:40:48.609071+00:00,2351.16,73.92,102.4572,1.10217,153.779
2026-06-01 00:40:50.309150+00:00,2354.34,73.88,102.4163,1.10228,153.857
2026-06-01 00:40:52.580871+00:00,2354.5,73.87,102.3966,1.10184,153.946
2026-06-01 00:40:55.833760+00:00,2357.92,74.07,102.3785,1.10208,153.885
2026-06-01 00:40:59.170582+00:00,2362.9,74.17,102.3085,1.10219,153.768
2026-06-01 00:41:02.280520+00:00,2363.74,74.25,102.2733,1.10213,153.718
2026-06-01 00:41:05.971535+00:00,2365.47,74.35,102.2825,1.10214,153.787
2026-06-01 00:41:08.434277+00:00,2367.51,74.43,102.2075,1.10253,153.945
2026-06-01 00:41:13.018488+00:00,2365.56,74.48,102.1835,1.10234,153.998
2026-06-01 00:41:14.546122+00:00,2365.79,74.45,102.1752,1.10222,153.922
2026-06-01 00:41:17.619287+00:00,2365.45,74.41,102.1534,1.10257,153.726
2026-06-01 00:41:20.580541+00:00,2363.8,74.39,102.1755,1.10297,153.68
2026-06-01 00:41:24.310896+00:00,2365.58,74.31,102.1933,1.10251,153.717
2026-06-01 00:41:28.136587+00:00,2366.96,74.3,102.1952,1.10202,153.718
2026-06-01 00:41:30.350942+00:00,2364.96,74.3,102.2314,1.10193,153.782
2026-06-01 00:41:32.871310+00:00,2364.25,74.28,102.2207,1.10172,153.82
2026-06-01 00:41:35.775822+00:00,2363.26,74.18,102.2192,1.10147,153.848
2026-06-01 00:41:39.352561+00:00,2363.96,74.13,102.2264,1.10161,153.823
2026-06-01 00:41:43.597104+00:00,2361.22,73.98,102.27,1.10137,153.91
2026-06-01 00:41:44.638199+00:00,2359.24,73.92,102.2256,1.10136,153.904
2026-06-01 00:41:46.033671+00:00,2359.4,74.07,102.214,1.10179,153.906
2026-06-01 00:41:49.616732+00:00,2360.47,74.2,102.1641,1.10127,153.829
2026-06-01 00:41:50.648622+00:00,2359.72,74.23,102.1239,1.10059,153.937
2026-06-01 00:41:52.590416+00:00,2360.97,74.29,102.114,1.10075,153.954
2026-06-01 00:41:57.218606+00:00,2363.02,74.38,102.077,1.10068,153.931
2026-06-01 00:42:00.784431+00:00,2363.36,74.31,102.0881,1.10038,153.921
2026-06-01 00:42:03.607159+00:00,2363.12,74.13,102.1123,1.10018,154.017
2026-06-01 00:42:06.734964+00:00,2362.0,74.24,102.1182,1.10061,154.027
2026-06-01 00:42:10.677088+00:00,2363.23,74.33,102.0884,1.10031,153.986
2026-06-01 00:42:13.945963+00:00,2363.36,74.4,102.1089,1.10001,153.937
2026-06-01 00:42:18.915343+00:00,2362.07,74.31,102.1597,1.09959,153.943
2026-06-01 00:42:19.963093+00:00,2363.18,74.43,102.1882,1.0993,153.874
2026-06-01 00:42:21.447026+00:00,2362.83,74.45,102.2093,1.09933,153.82
2026-06-01 00:42:25.478323+00:00,2364.76,74.49,102.1914,1.09929,153.809
2026-06-01 00:42:27.812641+00:00,2365.75,74.62,102.2,1.09958,153.8
2026-06-01 00:42:29.018738+00:00,2364.8,74.58,102.1895,1.09949,153.8
2026-06-01 00:42:32.372437+00:00,2365.23,74.58,102.2302,1.0996,153.812
2026-06-01 00:42:34.550168+00:00,2363.04,74.51,102.2279,1.09944,153.795
2026-06-01 00:42:38.800777+00:00,2364.67,74.5,102.2217,1.09941,153.589
2026-06-01 00:42:41.750187+00:00,2364.74,74.34,102.2358,1.09995,153.539
2026-06-01 00:42:43.640866+00:00,2363.47,74.46,102.231,1.09999,153.645
2026-06-01 00:42:47.475025+00:00,2364.3,74.47,102.2178,1.0998,153.495
2026-06-01 00:42:50.974803+00:00,2362.71,74.58,102.2199,1.09953,153.45
2026-06-01 00:42:53.018332+00:00,2356.98,74.52,102.3205,1.09979,153.449
2026-06-01 00:42:56.692774+00:00,2355.02,74.64,102.3268,1.10051,153.558
2026-06-01 00:43:00.098142+00:00,2350.13,74.47,102.3756,1.10051,153.785
2026-06-01 00:43:04.808538+00:00,2347.83,74.43,102.4056,1.10057,153.714
2026-06-01 00:43:08.442083+00:00,2348.75,74.47,102.4109,1.10106,153.789
2026-06-01 00:43:12.540716+00:00,2347.81,74.43,102.4011,1.10116,153.76
2026-06-01 00:43:15.050090+00:00,2344.36,74.24,102.422,1.1007,153.693
2026-06-01 00:43:17.197746+00:00,2342.1,74.24,102.4462,1.10054,153.667
2026-06-01 00:43:19.896409+00:00,2342.79,74.22,102.4511,1.10085,153.717
2026-06-01 00:43:24.711332+00:00,2343.1,74.39,102.4276,1.10121,153.752
2026-06-01 00:43:26.359189+00:00,2343.05,74.43,102.4167,1.10152,153.641
2026-06-01 00:43:27.450881+00:00,2343.99,74.34,102.4253,1.10125,153.672
2026-06-01 00:43:28.554230+00:00,2342.1,74.35,102.4306,1.10153,153.739
2026-06-01 00:43:32.747995+00:00,2344.96,74.67,102.4167,1.10166,153.68
2026-06-01 00:43:33.890184+00:00,2346.34,74.79,102.4469,1.10194,153.594
2026-06-01 00:43:35.195963+00:00,2346.35,74.72,102.4337,1.10214,153.666
2026-06-01 00:43:37.870169+00:00,2348.25,74.69,102.4132,1.10166,153.525
2026-06-01 00:43:42.170109+00:00,2349.4,74.81,102.4101,1.10148,153.575
2026-06-01 00:43:45.372727+00:00,2345.94,74.77,102.4177,1.10136,153.726
2026-06-01 00:43:49.580963+00:00,2342.7,74.58,102.4801,1.10148,153.76
2026-06-01 00:43:52.077908+00:00,2339.69,74.58,102.5424,1.10166,153.7
2026-06-01 00:43:54.223830+00:00,2343.2,74.62,102.5589,1.10143,153.703
2026-06-01 00:43:56.968011+00:00,2345.26,74.61,102.5202,1.10178,153.798
2026-06-01 00:43:59.515599+00:00,2351.01,74.73,102.4642,1.10225,153.856
2026-06-01 00:44:02.258142+00:00,2347.61,74.7,102.4877,1.10227,153.942
2026-06-01 00:44:04.250943+00:00,2351.01,74.61,102.4665,1.10252,153.835
2026-06-01 00:44:08.640662+00:00,2348.62,74.56,102.5169,1.10321,153.781
2026-06-01 00:44:13.461186+00:00,2350.63,74.63,102.5058,1.10333,153.912
2026-06-01 00:44:16.489056+00:00,2352.35,74.78,102.4872,1.10346,154.002
2026-06-01 00:44:18.642328+00:00,2353.14,74.8,102.437,1.10345,153.958
2026-06-01 00:44:21.853709+00:00,2351.85,74.75,102.4697,1.10329,153.987
2026-06-01 00:44:23.325317+00:00,2353.54,74.83,102.454,1.10267,153.988
2026-06-01 00:44:25.859402+00:00,2352.45,74.76,102.4669,1.10333,153.971
2026-06-01 00:44:27.213636+00:00,2355.41,74.74,102.4921,1.10335,154.109
2026-06-01 00:44:28.640254+00:00,2357.71,74.79,102.4531,1.1034,154.181
2026-06-01 00:44:31.040259+00:00,2357.46,74.78,102.4708,1.10383,154.138
2026-06-01 00:44:34.495177+00:00,2356.32,74.84,102.5118,1.10343,154.125
2026-06-01 00:44:38.349628+00:00,2353.85,74.89,102.5082,1.10292,154.069
2026-06-01 00:44:39.837453+00:00,2355.34,74.95,102.5204,1.10236,154.163
2026-06-01 00:44:41.698429+00:00,2355.46,74.83,102.527,1.10246,154.255
2026-06-01 00:44:43.811527+00:00,2351.69,74.63,102.583,1.10274,154.357
2026-06-01 00:44:48.630328+00:00,2351.47,74.69,102.5627,1.10296,154.434
2026-06-01 00:44:51.359738+00:00,2349.67,74.75,102.543,1.10293,154.437
2026-06-01 00:44:55.886998+00:00,2350.89,74.75,102.5199,1.10328,154.613
2026-06-01 00:45:00.855546+00:00,2347.62,74.56,102.5841,1.10299,154.569
2026-06-01 00:45:05.285815+00:00,2346.21,74.54,102.6091,1.10301,154.477
2026-06-01 00:45:07.006501+00:00,2348.06,74.68,102.5691,1.10251,154.48
2026-06-01 00:45:09.288668+00:00,2351.55,74.77,102.5083,1.10311,154.41
2026-06-01 00:45:13.880096+00:00,2350.48,74.57,102.5537,1.10334,154.483
2026-06-01 00:45:17.956544+00:00,2351.8,74.54,102.5306,1.10304,154.525
2026-06-01 00:45:19.425881+00:00,2355.48,74.63,102.5217,1.10296,154.496
2026-06-01 00:45:21.330896+00:00,2356.36,74.68,102.4823,1.10269,154.549
2026-06-01 00:45:23.445201+00:00,2357.62,74.8,102.441,1.10272,154.661
2026-06-01 00:45:28.256737+00:00,2360.59,75.01,102.3987,1.10241,154.613
2026-06-01 00:45:29.771009+00:00,2357.58,74.97,102.3923,1.1027,154.646
2026-06-01 00:45:32.022674+00:00,2356.83,74.98,102.392,1.10255,154.487
2026-06-01 00:45:33.593860+00:00,2353.47,74.91,102.403,1.10241,154.402
2026-06-01 00:45:37.668820+00:00,2354.46,74.95,102.3949,1.10192,154.362
2026-06-01 00:45:40.821353+00:00,2353.14,74.93,102.4336,1.10221,154.295
2026-06-01 00:45:42.692854+00:00,2355.62,74.92,102.4271,1.10218,154.197
2026-06-01 00:45:44.597608+00:00,2357.09,74.94,102.4092,1.10196,154.248
2026-06-01 00:45:48.885677+00:00,2357.28,74.97,102.3838,1.10169,154.091
2026-06-01 00:45:50.732426+00:00,2357.51,75.02,102.371,1.10191,154.008
2026-06-01 00:45:54.927115+00:00,2359.24,75.15,102.3902,1.10204,153.94
2026-06-01 00:45:55.968662+00:00,2360.97,75.24,102.3521,1.10201,153.958
2026-06-01 00:45:59.993993+00:00,2362.22,75.22,102.314,1.10257,154.149
2026-06-01 00:46:02.658472+00:00,2362.04,75.2,102.3076,1.10303,154.065
2026-06-01 00:46:06.880131+00:00,2362.06,75.25,102.3013,1.10254,154.117
2026-06-01 00:46:10.918363+00:00,2364.88,75.37,102.254,1.10228,154.199
2026-06-01 00:46:12.831227+00:00,2366.48,75.52,102.2175,1.10212,154.217
2026-06-01 00:46:16.094903+00:00,2366.03,75.46,102.2114,1.10217,154.236
2026-06-01 00:46:17.107575+00:00,2368.89,75.57,102.1863,1.10213,154.189
2026-06-01 00:46:20.574835+00:00,2369.38,75.72,102.2018,1.10236,154.223
2026-06-01 00:46:23.770756+00:00,2367.93,75.7,102.2035,1.10245,154.264
2026-06-01 00:46:26.935716+00:00,2369.6,75.72,102.2018,1.10273,154.241
2026-06-01 00:46:30.539535+00:00,2369.35,75.71,102.2117,1.10359,154.262
2026-06-01 00:46:35.047871+00:00,2369.31,75.73,102.2134,1.10375,153.943
2026-06-01 00:46:38.125683+00:00,2373.16,75.63,102.2208,1.10285,154.019
2026-06-01 00:46:42.002601+00:00,2370.75,75.66,102.2415,1.10299,154.068
2026-06-01 00:46:46.773162+00:00,2367.86,75.69,102.2868,1.10339,153.927
2026-06-01 00:46:51.136375+00:00,2363.31,75.45,102.3312,1.10354,153.828
2026-06-01 00:46:55.184618+00:00,2366.0,75.47,102.3007,1.10292,153.809
2026-06-01 00:46:59.627234+00:00,2366.31,75.5,102.3024,1.10285,153.837
2026-06-01 00:47:01.386087+00:00,2368.82,75.6,102.2648,1.10266,153.881
2026-06-01 00:47:03.435700+00:00,2367.97,75.56,102.2725,1.10258,153.85
2026-06-01 00:47:06.290575+00:00,2364.41,75.46,102.3374,1.10242,153.996
2026-06-01 00:47:09.937046+00:00,2362.65,75.36,102.3105,1.10295,154.104
2026-06-01 00:47:14.699888+00:00,2363.31,75.54,102.2818,1.10288,154.216
2026-06-01 00:47:17.233958+00:00,2367.41,75.61,102.2504,1.1027,154.086
2026-06-01 00:47:19.854324+00:00,2368.05,75.64,102.2563,1.1024,154.109
2026-06-01 00:47:24.291924+00:00,2371.15,75.73,102.2058,1.10271,153.883
2026-06-01 00:47:26.896498+00:00,2374.97,75.64,102.1861,1.10273,153.855
2026-06-01 00:47:28.084304+00:00,2378.18,75.74,102.1676,1.10275,154.097
2026-06-01 00:47:32.077370+00:00,2378.88,75.62,102.1487,1.10316,154.004
2026-06-01 00:47:35.068620+00:00,2373.65,75.56,102.2127,1.10307,153.873
2026-06-01 00:47:36.090747+00:00,2375.61,75.46,102.2189,1.10334,153.963
2026-06-01 00:47:41.015566+00:00,2377.88,75.55,102.2157,1.10276,153.858
2026-06-01 00:47:45.269253+00:00,2376.02,75.52,102.2419,1.10315,153.949
2026-06-01 00:47:47.872760+00:00,2374.22,75.39,102.2617,1.10328,153.703
2026-06-01 00:47:51.826462+00:00,2380.97,75.53,102.2241,1.10319,153.719
2026-06-01 00:47:55.271763+00:00,2381.64,75.49,102.239,1.10361,153.769
2026-06-01 00:47:59.890040+00:00,2382.81,75.68,102.2441,1.10367,153.787
2026-06-01 00:48:03.706140+00:00,2385.57,75.76,102.1695,1.1033,153.755
2026-06-01 00:48:06.172659+00:00,2387.45,75.8,102.1495,1.10308,153.863
2026-06-01 00:48:08.333091+00:00,2390.42,75.85,102.1349,1.10277,153.898
2026-06-01 00:48:09.471751+00:00,2396.48,75.96,102.0706,1.10264,153.801
2026-06-01 00:48:12.699409+00:00,2399.57,76.0,102.0383,1.10235,153.796
2026-06-01 00:48:13.846735+00:00,2397.18,76.1,102.062,1.10256,153.868
2026-06-01 00:48:16.103798+00:00,2398.79,76.18,102.0299,1.10272,153.899
2026-06-01 00:48:19.532652+00:00,2396.52,76.16,102.0343,1.10212,153.943
2026-06-01 00:48:22.453534+00:00,2401.8,76.21,101.9908,1.10178,153.964
2026-06-01 00:48:24.334834+00:00,2401.55,76.21,101.9412,1.1021,153.914
2026-06-01 00:48:28.019290+00:00,2400.04,76.17,101.9335,1.10212,153.955
2026-06-01 00:48:30.589387+00:00,2404.59,76.35,101.9159,1.10233,153.959
2026-06-01 00:48:32.162489+00:00,2408.42,76.48,101.8523,1.10208,153.945
2026-06-01 00:48:34.570225+00:00,2410.49,76.63,101.8522,1.1025,154.04
2026-06-01 00:48:36.233133+00:00,2408.51,76.5,101.8473,1.10242,154.144
2026-06-01 00:48:38.120178+00:00,2411.98,76.55,101.88,1.1025,154.152
2026-06-01 00:48:40.757090+00:00,2410.07,76.42,101.9029,1.10295,154.244
2026-06-01 00:48:43.814345+00:00,2412.66,76.5,101.864,1.10323,154.365
2026-06-01 00:48:46.972117+00:00,2415.86,76.6,101.8449,1.10353,154.498
2026-06-01 00:48:50.246274+00:00,2422.35,76.76,101.7764,1.10374,154.628
2026-06-01 00:48:51.581552+00:00,2424.07,76.8,101.7534,1.10371,154.644
2026-06-01 00:48:56.373241+00:00,2428.31,76.93,101.6804,1.10397,154.752
2026-06-01 00:48:59.950477+00:00,2432.8,77.1,101.6247,1.10417,154.782
2026-06-01 00:49:01.951640+00:00,2433.22,77.15,101.6138,1.10411,154.915
2026-06-01 00:49:05.072742+00:00,2438.95,77.26,101.5088,1.1041,154.988
2026-06-01 00:49:06.714373+00:00,2440.78,77.35,101.4737,1.10404,154.992
2026-06-01 00:49:09.617214+00:00,2435.57,77.14,101.5344,1.10414,155.044
2026-06-01 00:49:12.013686+00:00,2429.37,77.05,101.531,1.10457,154.914
2026-06-01 00:49:14.917601+00:00,2430.67,77.2,101.5674,1.10384,154.972
2026-06-01 00:49:19.107402+00:00,2426.65,77.04,101.6221,1.10356,155.037
2026-06-01 00:49:23.307652+00:00,2424.44,76.9,101.6347,1.10411,155.038
2026-06-01 00:49:25.072363+00:00,2430.76,76.99,101.5717,1.10417,155.158
2026-06-01 00:49:28.051505+00:00,2432.19,77.01,101.5543,1.10462,155.164
2026-06-01 00:49:31.435257+00:00,2430.68,76.94,101.5349,1.1044,155.282
2026-06-01 00:49:33.153020+00:00,2431.05,76.73,101.5496,1.10437,155.252
2026-06-01 00:49:35.167594+00:00,2431.09,76.59,101.5598,1.10447,155.235
2026-06-01 00:49:37.587249+00:00,2427.14,76.53,101.619,1.10456,155.138
2026-06-01 00:49:41.220410+00:00,2427.78,76.62,101.6214,1.10359,155.185
2026-06-01 00:49:44.427830+00:00,2423.79,76.53,101.6573,1.10307,155.244
2026-06-01 00:49:48.095063+00:00,2425.9,76.52,101.6111,1.10343,155.137
2026-06-01 00:49:52.873482+00:00,2428.56,76.6,101.5409,1.10341,155.189
2026-06-01 00:49:57.698859+00:00,2425.82,76.5,101.5655,1.10371,155.032
2026-06-01 00:49:59.774134+00:00,2428.59,76.64,101.5598,1.10363,154.991
2026-06-01 00:50:01.372455+00:00,2428.54,76.56,101.5814,1.10436,154.992
2026-06-01 00:50:05.509990+00:00,2423.76,76.51,101.6181,1.10467,154.959
2026-06-01 00:50:09.896537+00:00,2425.83,76.52,101.5816,1.1043,155.113
2026-06-01 00:50:14.222591+00:00,2426.41,76.48,101.5601,1.10424,155.201
2026-06-01 00:50:17.345320+00:00,2424.25,76.45,101.5831,1.10481,155.234
2026-06-01 00:50:21.845904+00:00,2426.8,76.41,101.5408,1.10447,155.141
2026-06-01 00:50:24.692614+00:00,2429.26,76.48,101.4609,1.10518,155.08
2026-06-01 00:50:26.670564+00:00,2433.04,76.58,101.3508,1.10532,155.005
2026-06-01 00:50:31.210157+00:00,2428.92,76.56,101.3948,1.10594,154.96
2026-06-01 00:50:35.565756+00:00,2428.19,76.55,101.3746,1.10612,155.042
2026-06-01 00:50:39.503103+00:00,2429.92,76.7,101.3405,1.10603,154.995
2026-06-01 00:50:40.983887+00:00,2430.52,76.69,101.358,1.10597,155.183
2026-06-01 00:50:43.782595+00:00,2433.18,76.77,101.311,1.10604,155.137
2026-06-01 00:50:48.476722+00:00,2436.01,76.7,101.2717,1.1059,155.111
2026-06-01 00:50:50.161727+00:00,2442.35,76.93,101.2027,1.10583,155.009
2026-06-01 00:50:53.023039+00:00,2445.02,77.09,101.1716,1.1058,155.028
2026-06-01 00:50:55.679841+00:00,2445.82,77.22,101.1411,1.10547,154.879
2026-06-01 00:50:56.951991+00:00,2447.18,77.34,101.1494,1.10615,154.882
2026-06-01 00:50:58.092259+00:00,2449.26,77.37,101.1038,1.10549,154.984
2026-06-01 00:51:02.266900+00:00,2446.85,77.23,101.116,1.10609,155.146
2026-06-01 00:51:04.952892+00:00,2442.32,77.03,101.1834,1.10621,155.105
2026-06-01 00:51:06.776796+00:00,2442.1,77.16,101.1892,1.10645,154.913
2026-06-01 00:51:09.334999+00:00,2444.34,77.26,101.1509,1.10637,154.83
2026-06-01 00:51:10.522398+00:00,2449.13,77.33,101.0966,1.10553,154.755
2026-06-01 00:51:13.007428+00:00,2450.28,77.19,101.0848,1.10589,154.654
2026-06-01 00:51:15.942857+00:00,2451.06,77.34,101.0701,1.10585,154.723
2026-06-01 00:51:18.224163+00:00,2447.53,77.2,101.1045,1.10616,154.771
2026-06-01 00:51:19.370433+00:00,2445.88,77.26,101.1074,1.10623,154.763
2026-06-01 00:51:20.742789+00:00,2444.05,77.37,101.0906,1.10659,154.723
2026-06-01 00:51:23.847681+00:00,2443.9,77.4,101.1107,1.10686,154.707
2026-06-01 00:51:26.520786+00:00,2443.27,77.47,101.0939,1.10738,154.69
2026-06-01 00:51:27.896589+00:00,2444.28,77.47,101.0843,1.10739,154.763
2026-06-01 00:51:30.454653+00:00,2442.56,77.42,101.1188,1.10738,154.903
2026-06-01 00:51:35.379929+00:00,2442.02,77.4,101.0939,1.10706,154.87
2026-06-01 00:51:39.735479+00:00,2445.02,77.45,101.0812,1.1076,154.97
2026-06-01 00:51:42.777554+00:00,2442.41,77.53,101.1089,1.10753,155.029
2026-06-01 00:51:44.012283+00:00,2444.49,77.62,101.0941,1.10717,155.036
2026-06-01 00:51:46.668744+00:00,2440.67,77.49,101.1345,1.10708,154.994
2026-06-01 00:51:51.422185+00:00,2439.67,77.53,101.1528,1.10708,154.985
2026-06-01 00:51:54.771616+00:00,2438.52,77.61,101.2012,1.10706,154.983
2026-06-01 00:51:57.760372+00:00,2442.35,77.74,101.132,1.10727,155.18
2026-06-01 00:51:59.207429+00:00,2442.8,77.81,101.0842,1.1077,155.115
2026-06-01 00:52:03.049749+00:00,2442.17,77.78,101.1089,1.10776,155.08
2026-06-01 00:52:06.824849+00:00,2437.31,77.59,101.1429,1.1081,155.045
2026-06-01 00:52:09.159301+00:00,2440.66,77.7,101.0704,1.10846,155.207
2026-06-01 00:52:11.763405+00:00,2435.89,77.66,101.0916,1.10867,155.304
2026-06-01 00:52:15.754517+00:00,2436.82,77.81,101.1255,1.10867,155.271
2026-06-01 00:52:17.482452+00:00,2435.66,77.63,101.1453,1.10872,155.239
2026-06-01 00:52:19.268500+00:00,2439.31,77.64,101.125,1.10908,155.263
2026-06-01 00:52:20.580542+00:00,2443.3,77.74,101.0422,1.10857,155.133
2026-06-01 00:52:25.303429+00:00,2442.9,77.87,101.0283,1.10851,155.076
2026-06-01 00:52:27.705644+00:00,2443.73,77.84,101.0304,1.10865,155.065
2026-06-01 00:52:32.207330+00:00,2445.51,77.92,100.9915,1.10936,155.028
2026-06-01 00:52:36.081931+00:00,2449.43,78.11,100.9561,1.10976,154.972
2026-06-01 00:52:37.564061+00:00,2454.35,78.17,100.9212,1.10961,154.952
2026-06-01 00:52:41.872468+00:00,2457.78,78.23,100.8989,1.10984,155.116
2026-06-01 00:52:43.618945+00:00,2456.88,78.15,100.9124,1.10927,155.173
2026-06-01 00:52:44.950346+00:00,2457.78,78.14,100.8815,1.10954,155.093
2026-06-01 00:52:48.273112+00:00,2461.52,78.3,100.8327,1.10938,155.13
2026-06-01 00:52:51.732443+00:00,2459.91,78.33,100.8316,1.11004,155.117
2026-06-01 00:52:53.583701+00:00,2461.65,78.34,100.8078,1.11042,155.052
2026-06-01 00:52:57.745438+00:00,2460.3,78.33,100.8209,1.1103,155.04
2026-06-01 00:53:01.098272+00:00,2456.79,78.38,100.8535,1.10999,155.023
2026-06-01 00:53:05.718549+00:00,2451.68,78.36,100.896,1.11064,155.022
2026-06-01 00:53:09.519828+00:00,2452.41,78.15,100.8982,1.11065,155.139
2026-06-01 00:53:13.419314+00:00,2453.77,78.33,100.8606,1.11037,155.16
2026-06-01 00:53:15.351221+00:00,2455.07,78.34,100.8679,1.11069,155.247
2026-06-01 00:53:17.577463+00:00,2458.78,78.45,100.8445,1.11113,155.247
2026-06-01 00:53:19.253433+00:00,2460.9,78.58,100.8403,1.111,155.362
2026-06-01 00:53:22.858963+00:00,2463.44,78.62,100.8198,1.11101,155.319
2026-06-01 00:53:25.267956+00:00,2464.19,78.6,100.8311,1.11146,155.397
2026-06-01 00:53:29.264113+00:00,2464.44,78.59,100.8115,1.11171,155.414
2026-06-01 00:53:32.536463+00:00,2472.9,78.85,100.7351,1.11179,155.346
2026-06-01 00:53:35.575660+00:00,2467.55,78.71,100.7422,1.11163,155.333
2026-06-01 00:53:39.508363+00:00,2466.38,78.67,100.7804,1.11187,155.298
2026-06-01 00:53:42.780111+00:00,2466.29,78.61,100.764,1.11223,155.273
2026-06-01 00:53:45.358178+00:00,2463.53,78.53,100.7543,1.11224,155.344
2026-06-01 00:53:46.863628+00:00,2467.3,78.67,100.7668,1.1132,155.407
2026-06-01 00:53:48.989575+00:00,2468.93,78.64,100.7611,1.113,155.442
2026-06-01 00:53:53.560584+00:00,2466.6,78.62,100.775,1.11238,155.34
2026-06-01 00:53:57.762181+00:00,2462.77,78.56,100.811,1.11276,155.402
2026-06-01 00:54:00.210880+00:00,2466.34,78.67,100.7978,1.11309,155.437
2026-06-01 00:54:04.890795+00:00,2467.16,78.74,100.7502,1.1135,155.56
2026-06-01 00:54:09.417743+00:00,2465.09,78.54,100.768,1.11344,155.543
2026-06-01 00:54:13.232394+00:00,2461.9,78.47,100.8333,1.11332,155.546
2026-06-01 00:54:16.856444+00:00,2463.82,78.25,100.8119,1.11334,155.471
2026-06-01 00:54:21.241617+00:00,2463.13,78.18,100.818,1.11357,155.46
2026-06-01 00:54:25.288095+00:00,2461.9,78.14,100.7936,1.11375,155.432
2026-06-01 00:54:29.525926+00:00,2465.94,78.34,100.7321,1.11365,155.346
2026-06-01 00:54:33.945682+00:00,2465.63,78.4,100.7272,1.11352,155.346
2026-06-01 00:54:36.065635+00:00,2465.32,78.32,100.7164,1.11289,155.319
2026-06-01 00:54:40.584980+00:00,2466.32,78.32,100.7011,1.11319,155.347
2026-06-01 00:54:42.755736+00:00,2464.81,78.31,100.7522,1.11348,155.444
2026-06-01 00:54:45.384369+00:00,2462.77,78.24,100.7648,1.11316,155.544
2026-06-01 00:54:48.631873+00:00,2464.84,78.36,100.7395,1.11343,155.45
2026-06-01 00:54:52.606100+00:00,2464.52,78.4,100.7283,1.11261,155.376
2026-06-01 00:54:56.805018+00:00,2464.56,78.53,100.7388,1.11266,155.379
2026-06-01 00:55:00.489139+00:00,2466.89,78.61,100.6805,1.11316,155.415
2026-06-01 00:55:04.205979+00:00,2465.05,78.59,100.6938,1.113,155.372
2026-06-01 00:55:06.800772+00:00,2465.66,78.59,100.6536,1.11305,155.365
2026-06-01 00:55:10.693458+00:00,2465.17,78.62,100.6745,1.11326,155.353
2026-06-01 00:55:14.056607+00:00,2462.67,78.53,100.689,1.11302,155.367
2026-06-01 00:55:16.743948+00:00,2458.46,78.52,100.7056,1.11276,155.291
2026-06-01 00:55:21.598365+00:00,2461.19,78.52,100.6854,1.11314,155.163
2026-06-01 00:55:24.605239+00:00,2469.12,78.47,100.621,1.11292,155.149
2026-06-01 00:55:26.919599+00:00,2469.06,78.43,100.6123,1.11289,155.194
2026-06-01 00:55:29.850327+00:00,2464.29,78.49,100.6321,1.11286,155.17
2026-06-01 00:55:32.044990+00:00,2467.8,78.58,100.582,1.11242,155.147
2026-06-01 00:55:35.398214+00:00,2465.32,78.63,100.5652,1.11295,155.289
2026-06-01 00:55:39.503222+00:00,2465.28,78.51,100.5822,1.1128,155.214
2026-06-01 00:55:43.995339+00:00,2464.14,78.47,100.6071,1.11256,155.349
2026-06-01 00:55:46.297713+00:00,2462.63,78.28,100.644,1.11242,155.33
2026-06-01 00:55:47.463124+00:00,2466.49,78.44,100.6087,1.1125,155.278
2026-06-01 00:55:49.160032+00:00,2462.77,78.33,100.6406,1.11189,155.281
2026-06-01 00:55:52.932714+00:00,2468.07,78.41,100.5637,1.11206,155.114
2026-06-01 00:55:54.507380+00:00,2470.83,78.64,100.4925,1.11239,155.113
2026-06-01 00:55:57.841621+00:00,2468.57,78.66,100.5131,1.11301,155.194
2026-06-01 00:56:01.436482+00:00,2466.04,78.51,100.5576,1.11277,155.311
2026-06-01 00:56:03.596394+00:00,2467.89,78.53,100.552,1.11279,155.29
2026-06-01 00:56:07.067900+00:00,2469.66,78.52,100.5401,1.11279,155.332
2026-06-01 00:56:08.711348+00:00,2467.27,78.62,100.5818,1.11311,155.309
2026-06-01 00:56:10.700062+00:00,2468.15,78.57,100.5752,1.11376,155.312
2026-06-01 00:56:12.619311+00:00,2471.3,78.75,100.5604,1.11379,155.299
2026-06-01 00:56:15.331236+00:00,2469.6,78.6,100.5908,1.1134,155.421
2026-06-01 00:56:17.951026+00:00,2472.68,78.6,100.5838,1.1133,155.345
2026-06-01 00:56:21.493755+00:00,2467.52,78.35,100.6214,1.11357,155.323
2026-06-01 00:56:23.525409+00:00,2467.76,78.39,100.6463,1.11347,155.358
2026-06-01 00:56:26.168505+00:00,2465.52,78.23,100.7117,1.11346,155.41
2026-06-01 00:56:30.061321+00:00,2466.88,78.37,100.6732,1.11374,155.387
2026-06-01 00:56:34.473402+00:00,2467.39,78.4,100.638,1.11384,155.396
2026-06-01 00:56:38.917907+00:00,2466.06,78.37,100.6388,1.11382,155.327
2026-06-01 00:56:40.139660+00:00,2473.44,78.58,100.5886,1.11318,155.143
2026-06-01 00:56:45.059210+00:00,2470.99,78.53,100.6018,1.11351,155.065
2026-06-01 00:56:48.331020+00:00,2472.17,78.59,100.5762,1.114,155.063
2026-06-01 00:56:50.779004+00:00,2476.02,78.79,100.5185,1.11391,155.116
2026-06-01 00:56:54.835824+00:00,2472.4,78.53,100.5501,1.11434,155.263
2026-06-01 00:56:58.811453+00:00,2471.04,78.5,100.5478,1.11403,155.392
2026-06-01 00:57:01.533539+00:00,2477.52,78.67,100.4513,1.11457,155.404
2026-06-01 00:57:06.009958+00:00,2477.43,78.6,100.4599,1.11411,155.492
2026-06-01 00:57:07.412843+00:00,2478.57,78.58,100.4573,1.11373,155.555
2026-06-01 00:57:10.099367+00:00,2475.88,78.52,100.4831,1.11318,155.544
2026-06-01 00:57:12.910894+00:00,2477.65,78.56,100.4594,1.11316,155.473
2026-06-01 00:57:16.128407+00:00,2478.78,78.48,100.45,1.11272,155.549
2026-06-01 00:57:20.207836+00:00,2477.72,78.48,100.4256,1.1124,155.447
2026-06-01 00:57:22.694122+00:00,2476.58,78.34,100.4641,1.11214,155.509
2026-06-01 00:57:27.092018+00:00,2474.08,78.27,100.5388,1.11237,155.471
2026-06-01 00:57:29.684227+00:00,2478.37,78.19,100.4982,1.11232,155.447
2026-06-01 00:57:31.600881+00:00,2476.17,78.28,100.4766,1.11227,155.531
2026-06-01 00:57:32.951350+00:00,2475.13,78.17,100.4699,1.11204,155.552
2026-06-01 00:57:37.796183+00:00,2472.52,78.07,100.5129,1.11254,155.526
2026-06-01 00:57:40.271705+00:00,2470.15,78.0,100.53,1.11229,155.381
2026-06-01 00:57:43.934576+00:00,2469.22,77.97,100.568,1.11296,155.444
2026-06-01 00:57:47.667246+00:00,2473.78,78.21,100.5605,1.1133,155.503
2026-06-01 00:57:52.504889+00:00,2473.32,78.17,100.5762,1.11309,155.495
2026-06-01 00:57:56.965149+00:00,2469.25,77.97,100.6534,1.11359,155.523
2026-06-01 00:58:01.234265+00:00,2471.74,78.28,100.6287,1.11369,155.636
2026-06-01 00:58:02.359635+00:00,2468.51,78.3,100.6233,1.1139,155.682
2026-06-01 00:58:04.988124+00:00,2471.99,78.58,100.5496,1.11377,155.597
2026-06-01 00:58:07.012280+00:00,2469.74,78.41,100.5943,1.11357,155.513
2026-06-01 00:58:09.306487+00:00,2468.87,78.35,100.6079,1.11382,155.6
2026-06-01 00:58:12.606961+00:00,2467.03,78.33,100.6238,1.11336,155.539
2026-06-01 00:58:16.304516+00:00,2465.06,78.22,100.6567,1.11284,155.428
2026-06-01 00:58:19.859097+00:00,2464.12,78.08,100.6515,1.11273,155.405
2026-06-01 00:58:21.045103+00:00,2463.9,78.21,100.6537,1.11249,155.418
2026-06-01 00:58:24.509448+00:00,2465.69,78.17,100.6624,1.11252,155.535
2026-06-01 00:58:26.156481+00:00,2469.38,78.25,100.6306,1.11248,155.667
2026-06-01 00:58:29.570901+00:00,2469.26,78.23,100.6008,1.11269,155.612
2026-06-01 00:58:34.531824+00:00,2470.79,78.32,100.5878,1.112,155.769
2026-06-01 00:58:35.832609+00:00,2469.97,78.34,100.6122,1.11211,155.85
2026-06-01 00:58:37.072426+00:00,2473.4,78.42,100.6331,1.11243,155.721
2026-06-01 00:58:41.377972+00:00,2479.67,78.74,100.5518,1.11281,155.676
2026-06-01 00:58:43.102481+00:00,2481.14,78.92,100.5387,1.11314,155.521
2026-06-01 00:58:47.448460+00:00,2481.5,78.93,100.5576,1.11304,155.53
2026-06-01 00:58:49.884220+00:00,2482.16,79.07,100.5123,1.11276,155.562
2026-06-01 00:58:52.946422+00:00,2486.65,79.16,100.4899,1.11307,155.562
2026-06-01 00:58:54.407780+00:00,2484.25,79.17,100.5069,1.11275,155.442
2026-06-01 00:58:57.343334+00:00,2485.94,79.27,100.5037,1.11233,155.445
2026-06-01 00:58:58.963065+00:00,2486.04,79.35,100.4791,1.11255,155.528
2026-06-01 00:59:02.175115+00:00,2485.52,79.37,100.4887,1.11276,155.576
2026-06-01 00:59:06.125089+00:00,2484.19,79.39,100.519,1.11229,155.574
2026-06-01 00:59:10.671190+00:00,2483.54,79.38,100.4818,1.11251,155.592
2026-06-01 00:59:12.839876+00:00,2479.77,79.25,100.5388,1.1124,155.539
2026-06-01 00:59:17.302743+00:00,2477.29,79.19,100.562,1.11236,155.513
2026-06-01 00:59:19.405229+00:00,2479.3,79.1,100.5584,1.11348,155.551
2026-06-01 00:59:22.369461+00:00,2476.77,78.92,100.6153,1.11343,155.524
2026-06-01 00:59:25.686278+00:00,2481.71,79.13,100.5724,1.11331,155.576
2026-06-01 00:59:29.710257+00:00,2485.14,79.37,100.5501,1.1134,155.601
2026-06-01 00:59:33.918875+00:00,2484.23,79.37,100.5473,1.11328,155.633
2026-06-01 00:59:37.151526+00:00,2485.27,79.43,100.547,1.11285,155.773
2026-06-01 00:59:41.685439+00:00,2484.93,79.39,100.5385,1.11339,155.883
2026-06-01 00:59:45.387817+00:00,2486.1,79.48,100.5236,1.11335,155.914
2026-06-01 00:59:49.933177+00:00,2485.35,79.46,100.546,1.11316,155.974
2026-06-01 00:59:52.826626+00:00,2482.47,79.35,100.5487,1.11352,155.907
2026-06-01 00:59:54.604370+00:00,2482.18,79.25,100.563,1.11321,155.976
2026-06-01 00:59:58.415271+00:00,2485.34,79.36,100.5359,1.11306,155.921
2026-06-01 01:00:00.899459+00:00,2489.69,79.41,100.4948,1.11298,155.843
2026-06-01 01:00:02.319186+00:00,2489.81,79.35,100.4567,1.11248,155.822
2026-06-01 01:00:06.525431+00:00,2488.73,79.4,100.455,1.11269,155.814
2026-06-01 01:00:10.379579+00:00,2486.93,79.23,100.4865,1.1124,155.889
2026-06-01 01:00:12.173310+00:00,2487.36,79.12,100.4801,1.11255,155.983
2026-06-01 01:00:13.245484+00:00,2491.88,79.4,100.421,1.11294,155.919
2026-06-01 01:00:18.012567+00:00,2490.48,79.35,100.4147,1.11252,155.957
2026-06-01 01:00:21.943911+00:00,2492.42,79.34,100.3749,1.11222,155.955
2026-06-01 01:00:23.372702+00:00,2492.47,79.49,100.3544,1.11271,155.884
2026-06-01 01:00:24.459865+00:00,2494.11,79.58,100.3407,1.11292,155.922
2026-06-01 01:00:27.876677+00:00,2493.51,79.69,100.3634,1.11313,155.978
2026-06-01 01:00:30.571883+00:00,2490.33,79.49,100.3926,1.11387,155.965
2026-06-01 01:00:33.642240+00:00,2489.81,79.36,100.4029,1.11431,155.975
2026-06-01 01:00:34.683749+00:00,2486.46,79.21,100.4779,1.11413,156.06
2026-06-01 01:00:36.161808+00:00,2490.27,79.33,100.4291,1.11387,156.086
2026-06-01 01:00:37.542665+00:00,2489.54,79.32,100.4343,1.11395,156.048
2026-06-01 01:00:41.466775+00:00,2488.08,79.28,100.4392,1.11408,155.918
2026-06-01 01:00:46.256857+00:00,2485.98,79.15,100.491,1.11411,155.937
2026-06-01 01:00:48.616890+00:00,2484.83,79.02,100.4991,1.11381,155.923
2026-06-01 01:00:51.759871+00:00,2477.02,78.93,100.59,1.11428,156.033
2026-06-01 01:00:55.920621+00:00,2478.39,78.91,100.5898,1.11432,156.226
2026-06-01 01:00:58.066162+00:00,2479.77,78.87,100.6246,1.11491,156.156
2026-06-01 01:01:00.692075+00:00,2477.48,78.73,100.6497,1.11487,156.166
2026-06-01 01:01:05.091530+00:00,2476.98,78.88,100.6228,1.11507,156.219
2026-06-01 01:01:08.133795+00:00,2480.55,78.82,100.5796,1.11516,156.147
2026-06-01 01:01:11.984669+00:00,2480.66,78.73,100.5856,1.11499,156.123
2026-06-01 01:01:16.043082+00:00,2480.95,78.69,100.5982,1.11487,156.164
2026-06-01 01:01:17.643176+00:00,2485.32,78.85,100.5666,1.11443,156.105
2026-06-01 01:01:21.734316+00:00,2484.1,78.76,100.5322,1.114,156.092
2026-06-01 01:01:26.400369+00:00,2483.15,78.76,100.5225,1.11439,156.086
2026-06-01 01:01:29.925383+00:00,2485.32,78.7,100.4967,1.114,156.084
2026-06-01 01:01:31.300485+00:00,2483.93,78.54,100.5164,1.11421,156.158
2026-06-01 01:01:35.217024+00:00,2482.08,78.5,100.5676,1.11374,156.096
2026-06-01 01:01:39.460674+00:00,2489.22,78.57,100.4683,1.11283,156.121
2026-06-01 01:01:42.209735+00:00,2490.44,78.6,100.4594,1.11227,156.028
2026-06-01 01:01:45.857681+00:00,2489.13,78.56,100.4379,1.11237,156.023
2026-06-01 01:01:47.675890+00:00,2490.91,78.62,100.3893,1.11255,156.004
2026-06-01 01:01:49.973783+00:00,2491.77,78.55,100.4184,1.11306,156.067
2026-06-01 01:01:51.514774+00:00,2486.89,78.56,100.4472,1.11283,156.161
2026-06-01 01:01:54.310613+00:00,2484.29,78.54,100.4478,1.11282,156.249
2026-06-01 01:01:55.395761+00:00,2486.36,78.64,100.4386,1.11206,156.172
2026-06-01 01:02:00.000151+00:00,2486.74,78.68,100.4193,1.11257,156.136
2026-06-01 01:02:01.486421+00:00,2485.13,78.66,100.4326,1.11294,156.082
2026-06-01 01:02:05.780419+00:00,2486.06,78.64,100.4429,1.11302,156.147
2026-06-01 01:02:10.174394+00:00,2487.11,78.61,100.4213,1.11345,156.201
2026-06-01 01:02:14.159126+00:00,2484.77,78.34,100.4376,1.11379,156.198
2026-06-01 01:02:16.428975+00:00,2481.83,78.32,100.4378,1.11397,156.276
2026-06-01 01:02:20.342719+00:00,2481.22,78.2,100.437,1.11357,156.144
2026-06-01 01:02:22.016008+00:00,2480.2,78.1,100.4712,1.11342,156.016
2026-06-01 01:02:24.702940+00:00,2480.34,78.13,100.4388,1.11352,155.968
2026-06-01 01:02:27.201146+00:00,2474.79,77.93,100.4757,1.11387,155.883
2026-06-01 01:02:30.038064+00:00,2475.87,78.03,100.4609,1.11415,155.877
2026-06-01 01:02:32.418548+00:00,2475.45,77.86,100.4524,1.11432,155.919
2026-06-01 01:02:36.303187+00:00,2475.87,77.78,100.4737,1.11454,156.054
2026-06-01 01:02:38.224605+00:00,2474.44,77.64,100.5114,1.1147,156.094
2026-06-01 01:02:40.491371+00:00,2483.04,77.79,100.4105,1.1144,156.07
2026-06-01 01:02:42.361155+00:00,2481.46,77.65,100.4516,1.11452,156.06
2026-06-01 01:02:45.327891+00:00,2484.09,77.73,100.4395,1.11459,156.116
2026-06-01 01:02:47.113855+00:00,2486.36,77.77,100.4446,1.11445,156.152
2026-06-01 01:02:48.614789+00:00,2486.88,77.74,100.422,1.11431,156.049
2026-06-01 01:02:51.048872+00:00,2485.6,77.79,100.4497,1.11346,156.103
2026-06-01 01:02:53.953382+00:00,2484.78,77.75,100.4597,1.11345,156.108
2026-06-01 01:02:57.199485+00:00,2488.39,77.94,100.435,1.1137,155.98
2026-06-01 01:03:00.133718+00:00,2490.92,78.09,100.3789,1.11332,156.134
2026-06-01 01:03:02.184849+00:00,2489.83,78.02,100.3962,1.11333,156.043
2026-06-01 01:03:05.602226+00:00,2488.7,77.99,100.4122,1.11344,155.938
2026-06-01 01:03:07.821309+00:00,2491.04,78.02,100.3985,1.1134,155.857
2026-06-01 01:03:08.968755+00:00,2495.99,78.16,100.3318,1.11382,155.824
2026-06-01 01:03:10.805509+00:00,2491.31,78.14,100.392,1.11376,155.933
2026-06-01 01:03:13.843803+00:00,2493.09,78.19,100.373,1.1135,155.94
2026-06-01 01:03:16.010416+00:00,2492.13,78.2,100.3547,1.11387,155.808
2026-06-01 01:03:19.850049+00:00,2490.72,78.25,100.3623,1.11449,155.864
2026-06-01 01:03:21.754136+00:00,2490.04,78.19,100.3889,1.11407,155.808
2026-06-01 01:03:23.079423+00:00,2492.73,78.05,100.3997,1.11404,155.674
2026-06-01 01:03:26.697741+00:00,2483.3,77.82,100.4858,1.11428,155.639
2026-06-01 01:03:30.147256+00:00,2480.07,77.74,100.5209,1.11403,155.713
2026-06-01 01:03:31.427707+00:00,2477.61,77.65,100.5582,1.11401,155.667
2026-06-01 01:03:33.108661+00:00,2482.54,77.74,100.5521,1.11438,155.628
2026-06-01 01:03:34.596286+00:00,2481.3,77.73,100.5357,1.11427,155.578
2026-06-01 01:03:36.882111+00:00,2481.27,77.7,100.5038,1.11404,155.471
2026-06-01 01:03:41.660354+00:00,2482.59,77.74,100.4776,1.11415,155.442
2026-06-01 01:03:46.316909+00:00,2480.58,77.71,100.528,1.11396,155.536
2026-06-01 01:03:47.676851+00:00,2480.14,77.64,100.5354,1.11318,155.52
2026-06-01 01:03:50.909514+00:00,2480.05,77.78,100.5062,1.11301,155.459
2026-06-01 01:03:55.230278+00:00,2479.85,77.85,100.5061,1.11279,155.379
2026-06-01 01:03:56.505181+00:00,2484.64,77.95,100.4357,1.11238,155.397
2026-06-01 01:03:58.750979+00:00,2483.88,77.97,100.4486,1.11233,155.515
2026-06-01 01:04:00.391442+00:00,2484.49,78.0,100.4235,1.11203,155.449
2026-06-01 01:04:04.012450+00:00,2487.45,78.2,100.3663,1.11205,155.497
2026-06-01 01:04:08.486544+00:00,2486.65,78.0,100.3902,1.11125,155.486
2026-06-01 01:04:09.534324+00:00,2489.7,77.96,100.3379,1.11104,155.506
2026-06-01 01:04:11.032949+00:00,2484.51,77.83,100.3904,1.11124,155.529
2026-06-01 01:04:15.972666+00:00,2481.05,77.8,100.3846,1.11107,155.571
2026-06-01 01:04:17.621793+00:00,2484.83,77.96,100.3099,1.11117,155.573
2026-06-01 01:04:22.304911+00:00,2487.56,78.03,100.2912,1.11116,155.496
2026-06-01 01:04:27.283025+00:00,2493.15,78.23,100.2184,1.11127,155.489
2026-06-01 01:04:30.827369+00:00,2492.52,78.13,100.264,1.11122,155.539
2026-06-01 01:04:35.756763+00:00,2491.38,78.07,100.24,1.11119,155.515
2026-06-01 01:04:40.451396+00:00,2493.22,78.12,100.1838,1.11169,155.456
2026-06-01 01:04:43.395860+00:00,2495.91,78.15,100.1363,1.11126,155.527
2026-06-01 01:04:45.103273+00:00,2493.17,78.06,100.1787,1.11144,155.463
2026-06-01 01:04:48.880893+00:00,2491.55,77.94,100.1499,1.11168,155.392
2026-06-01 01:04:51.062202+00:00,2494.46,77.98,100.1528,1.11175,155.517
2026-06-01 01:04:55.354601+00:00,2491.79,77.95,100.1779,1.11216,155.491
2026-06-01 01:04:56.584669+00:00,2499.72,78.14,100.1238,1.11258,155.409
2026-06-01 01:04:58.659019+00:00,2497.82,78.06,100.1557,1.11261,155.237
2026-06-01 01:05:00.352509+00:00,2496.6,78.11,100.1784,1.11282,155.273
2026-06-01 01:05:04.174637+00:00,2493.46,78.05,100.2453,1.11355,155.153
2026-06-01 01:05:08.511816+00:00,2491.74,78.03,100.2543,1.11349,155.235
2026-06-01 01:05:10.946927+00:00,2487.82,77.87,100.2772,1.11311,155.238
2026-06-01 01:05:14.316249+00:00,2486.63,77.93,100.2779,1.11348,155.23
2026-06-01 01:05:18.800504+00:00,2486.06,77.92,100.29,1.11337,155.275
2026-06-01 01:05:21.717252+00:00,2484.91,77.82,100.3285,1.11341,155.394
2026-06-01 01:05:23.905487+00:00,2480.38,77.68,100.3324,1.11297,155.447
2026-06-01 01:05:28.108567+00:00,2479.96,77.65,100.3176,1.11354,155.398
2026-06-01 01:05:32.600440+00:00,2477.53,77.53,100.3953,1.11339,155.467
2026-06-01 01:05:36.607518+00:00,2479.89,77.56,100.3746,1.1136,155.368
2026-06-01 01:05:38.285181+00:00,2474.25,77.52,100.4003,1.11357,155.248
2026-06-01 01:05:42.524976+00:00,2470.99,77.39,100.4327,1.11379,155.424
2026-06-01 01:05:47.291118+00:00,2472.3,77.32,100.3967,1.11369,155.311
2026-06-01 01:05:48.569607+00:00,2471.59,77.17,100.4281,1.11354,155.195
2026-06-01 01:05:52.823821+00:00,2473.24,77.33,100.3833,1.11338,155.227
2026-06-01 01:05:56.838369+00:00,2475.76,77.37,100.373,1.11365,155.248
2026-06-01 01:05:59.617244+00:00,2473.9,77.41,100.3751,1.11353,155.35
2026-06-01 01:06:01.412046+00:00,2472.15,77.3,100.4215,1.11342,155.232
2026-06-01 01:06:06.219226+00:00,2472.28,77.34,100.4187,1.11271,155.123
2026-06-01 01:06:08.733203+00:00,2476.52,77.61,100.3352,1.11268,155.176
2026-06-01 01:06:10.530408+00:00,2476.29,77.55,100.3661,1.11261,155.231
2026-06-01 01:06:12.503809+00:00,2480.37,77.81,100.3033,1.11289,155.274
2026-06-01 01:06:15.689123+00:00,2477.95,77.73,100.3153,1.11303,155.291
2026-06-01 01:06:17.887977+00:00,2477.81,77.72,100.3071,1.1131,155.249
2026-06-01 01:06:22.817381+00:00,2483.28,77.88,100.2141,1.1138,155.157
2026-06-01 01:06:26.900451+00:00,2484.8,77.94,100.223,1.11423,155.13
2026-06-01 01:06:27.909608+00:00,2483.34,77.97,100.1983,1.11419,155.01
2026-06-01 01:06:30.078334+00:00,2482.63,78.01,100.1585,1.11393,155.103
2026-06-01 01:06:33.532182+00:00,2485.57,78.18,100.1224,1.11445,155.0
2026-06-01 01:06:37.839307+00:00,2487.09,78.17,100.1093,1.11479,155.074
2026-06-01 01:06:41.385695+00:00,2487.92,78.23,100.1059,1.11499,155.095
2026-06-01 01:06:45.914629+00:00,2488.43,78.29,100.0499,1.11511,155.224
2026-06-01 01:06:49.623902+00:00,2487.45,78.31,100.0198,1.11496,155.257
2026-06-01 01:06:51.294490+00:00,2478.93,78.17,100.1238,1.1151,155.329
2026-06-01 01:06:55.179061+00:00,2480.24,78.17,100.1167,1.11491,155.43
2026-06-01 01:06:59.517681+00:00,2485.87,78.25,100.0489,1.11536,155.476
2026-06-01 01:07:02.399564+00:00,2486.14,78.31,100.0143,1.1156,155.586
2026-06-01 01:07:04.072258+00:00,2491.32,78.34,99.9663,1.11634,155.527
2026-06-01 01:07:07.469115+00:00,2492.88,78.38,100.0147,1.11611,155.459
2026-06-01 01:07:10.367824+00:00,2494.87,78.46,99.9737,1.11648,155.511
2026-06-01 01:07:14.634275+00:00,2495.74,78.6,100.0375,1.11674,155.525
2026-06-01 01:07:16.212380+00:00,2491.75,78.48,100.0627,1.11675,155.664
2026-06-01 01:07:19.688711+00:00,2494.96,78.48,100.0491,1.11676,155.541
2026-06-01 01:07:21.134826+00:00,2498.1,78.35,100.0082,1.11675,155.602
2026-06-01 01:07:25.345704+00:00,2495.94,78.37,100.0113,1.11695,155.526
2026-06-01 01:07:28.452486+00:00,2493.37,78.28,100.0673,1.11679,155.473
2026-06-01 01:07:32.872782+00:00,2495.35,78.49,100.0499,1.1171,155.427
2026-06-01 01:07:36.442122+00:00,2493.1,78.33,100.0522,1.11734,155.482
2026-06-01 01:07:41.262833+00:00,2491.24,78.28,100.1109,1.11756,155.567
2026-06-01 01:07:43.912698+00:00,2493.71,78.22,100.0911,1.11756,155.555
2026-06-01 01:07:45.371883+00:00,2495.71,78.29,100.0713,1.11734,155.644
2026-06-01 01:07:48.938268+00:00,2495.61,78.3,100.0229,1.11737,155.635
2026-06-01 01:07:53.247208+00:00,2496.01,78.17,100.0513,1.11813,155.722
2026-06-01 01:07:58.226518+00:00,2494.78,78.06,100.041,1.11792,155.674
2026-06-01 01:08:02.606655+00:00,2493.93,78.07,100.023,1.11772,155.668
2026-06-01 01:08:03.770389+00:00,2495.6,78.08,99.9936,1.11788,155.715
2026-06-01 01:08:07.438843+00:00,2494.04,78.21,99.9729,1.11812,155.737
2026-06-01 01:08:09.183051+00:00,2497.66,78.3,99.9408,1.11852,155.696
2026-06-01 01:08:10.513465+00:00,2496.76,78.23,99.9339,1.11866,155.575
2026-06-01 01:08:13.321367+00:00,2497.26,78.37,99.9089,1.11831,155.587
2026-06-01 01:08:14.448410+00:00,2496.41,78.3,99.9304,1.11853,155.518
2026-06-01 01:08:18.834856+00:00,2493.62,78.12,99.9441,1.11883,155.563
2026-06-01 01:08:22.402163+00:00,2489.77,77.95,100.0142,1.11916,155.538
2026-06-01 01:08:25.572073+00:00,2489.88,77.95,99.996,1.11933,155.537
2026-06-01 01:08:26.867892+00:00,2490.74,77.95,99.9796,1.11921,155.561
2026-06-01 01:08:28.301148+00:00,2492.16,77.9,99.9443,1.11937,155.677
2026-06-01 01:08:32.435786+00:00,2492.22,77.93,99.914,1.11983,155.697
2026-06-01 01:08:35.286873+00:00,2490.41,77.83,99.9573,1.11978,155.715
2026-06-01 01:08:37.477117+00:00,2491.21,77.9,99.9426,1.11928,155.74
2026-06-01 01:08:39.693187+00:00,2491.36,77.9,99.9462,1.11976,155.658
2026-06-01 01:08:42.647393+00:00,2491.33,77.91,99.9626,1.1207,155.71
2026-06-01 01:08:45.447645+00:00,2494.07,77.92,99.9194,1.12097,155.747
2026-06-01 01:08:48.410447+00:00,2495.01,77.93,99.9008,1.12123,155.816
2026-06-01 01:08:52.082291+00:00,2493.36,77.8,99.9373,1.12119,155.939
2026-06-01 01:08:53.210421+00:00,2492.59,77.81,99.9294,1.12119,155.925
2026-06-01 01:08:56.084497+00:00,2490.88,77.86,99.9298,1.1214,155.955
2026-06-01 01:08:59.787874+00:00,2487.93,77.65,99.9813,1.12125,155.962
2026-06-01 01:09:00.893951+00:00,2484.81,77.62,100.0009,1.12107,156.002
2026-06-01 01:09:04.226952+00:00,2483.47,77.81,99.9941,1.12133,155.998
2026-06-01 01:09:07.449825+00:00,2479.51,77.63,100.0577,1.12128,156.022
2026-06-01 01:09:10.732729+00:00,2478.58,77.48,100.1229,1.12205,156.15
2026-06-01 01:09:14.899591+00:00,2481.93,77.67,100.0797,1.12155,156.269
2026-06-01 01:09:16.867623+00:00,2484.97,77.66,100.031,1.12096,156.347
2026-06-01 01:09:19.300679+00:00,2481.23,77.47,100.0476,1.12106,156.328
2026-06-01 01:09:20.758008+00:00,2482.12,77.48,99.9717,1.12035,156.469
2026-06-01 01:09:23.300648+00:00,2487.79,77.58,99.9003,1.12067,156.437
2026-06-01 01:09:26.869766+00:00,2488.52,77.56,99.8797,1.12079,156.37
2026-06-01 01:09:30.467728+00:00,2489.3,77.6,99.8908,1.12075,156.445
2026-06-01 01:09:35.299880+00:00,2484.21,77.47,99.9799,1.12012,156.444
2026-06-01 01:09:37.612182+00:00,2487.26,77.57,99.9399,1.1202,156.568
2026-06-01 01:09:40.046403+00:00,2490.05,77.57,99.9086,1.12015,156.487
2026-06-01 01:09:41.544283+00:00,2491.0,77.56,99.9011,1.11979,156.551
2026-06-01 01:09:46.013882+00:00,2491.17,77.49,99.9251,1.11987,156.613
2026-06-01 01:09:49.392757+00:00,2489.72,77.58,99.917,1.12016,156.672
2026-06-01 01:09:53.230920+00:00,2486.8,77.58,99.9312,1.12049,156.664
2026-06-01 01:09:57.053470+00:00,2490.07,77.68,99.89,1.1206,156.76
2026-06-01 01:10:00.481252+00:00,2490.65,77.68,99.8911,1.1212,156.857
2026-06-01 01:10:03.366182+00:00,2491.23,77.63,99.8823,1.12132,156.927
2026-06-01 01:10:05.733395+00:00,2492.07,77.77,99.8551,1.12101,157.034
2026-06-01 01:10:09.762054+00:00,2496.32,77.94,99.8236,1.12151,157.096
2026-06-01 01:10:11.555452+00:00,2495.22,77.92,99.8502,1.12118,157.14
2026-06-01 01:10:13.970021+00:00,2494.99,77.96,99.8442,1.12083,157.175
2026-06-01 01:10:18.160694+00:00,2493.88,77.81,99.8522,1.12109,157.227
2026-06-01 01:10:20.441157+00:00,2490.63,77.76,99.884,1.12125,157.195
2026-06-01 01:10:23.611708+00:00,2493.22,77.8,99.8395,1.12134,157.356
2026-06-01 01:10:26.365401+00:00,2490.01,77.68,99.8769,1.12143,157.448
2026-06-01 01:10:30.890450+00:00,2491.79,77.68,99.8644,1.12123,157.317
2026-06-01 01:10:33.126847+00:00,2494.94,77.74,99.8669,1.12111,157.305
2026-06-01 01:10:37.812724+00:00,2499.9,77.93,99.8505,1.12114,157.327
2026-06-01 01:10:42.332770+00:00,2496.42,77.79,99.871,1.12107,157.222
2026-06-01 01:10:43.677136+00:00,2496.09,77.69,99.8618,1.12098,157.182
2026-06-01 01:10:45.775453+00:00,2496.51,77.61,99.8311,1.12104,157.219
2026-06-01 01:10:48.342750+00:00,2494.19,77.57,99.8354,1.12158,157.201
2026-06-01 01:10:52.614326+00:00,2496.96,77.55,99.8451,1.12182,157.262
2026-06-01 01:10:56.195433+00:00,2498.06,77.59,99.8219,1.12195,157.422
2026-06-01 01:11:00.814339+00:00,2501.7,77.75,99.7654,1.12189,157.5
2026-06-01 01:11:03.829975+00:00,2504.87,77.83,99.7614,1.12194,157.644
2026-06-01 01:11:07.744046+00:00,2505.82,77.82,99.771,1.12242,157.572
2026-06-01 01:11:10.224746+00:00,2506.05,77.79,99.7687,1.12279,157.662
2026-06-01 01:11:15.024212+00:00,2505.23,77.66,99.7613,1.12285,157.67
2026-06-01 01:11:19.300944+00:00,2502.0,77.5,99.7963,1.12221,157.6
2026-06-01 01:11:21.609518+00:00,2497.71,77.22,99.8498,1.12278,157.733
2026-06-01 01:11:25.435631+00:00,2493.44,77.01,99.877,1.12277,157.832
2026-06-01 01:11:30.413965+00:00,2494.33,77.11,99.8113,1.12254,157.776
2026-06-01 01:11:32.822886+00:00,2494.43,77.11,99.8025,1.12257,157.824
2026-06-01 01:11:35.793531+00:00,2494.63,77.15,99.8115,1.1224,157.825
2026-06-01 01:11:40.240324+00:00,2496.56,77.38,99.747,1.12231,157.76
2026-06-01 01:11:44.352332+00:00,2501.86,77.51,99.6712,1.12236,157.741
2026-06-01 01:11:47.586873+00:00,2497.67,77.51,99.6725,1.12274,157.847
2026-06-01 01:11:49.649144+00:00,2498.22,77.41,99.6904,1.12257,157.763
2026-06-01 01:11:52.013293+00:00,2499.43,77.41,99.7228,1.12234,157.849
2026-06-01 01:11:55.738404+00:00,2498.1,77.38,99.7525,1.12244,157.799
2026-06-01 01:11:57.447899+00:00,2502.48,77.4,99.6866,1.12263,157.781
2026-06-01 01:11:59.801728+00:00,2502.89,77.36,99.6822,1.12262,157.898
2026-06-01 01:12:01.736041+00:00,2501.7,77.27,99.6811,1.12226,157.786
2026-06-01 01:12:03.845863+00:00,2504.27,77.29,99.6649,1.12235,157.838
2026-06-01 01:12:08.284054+00:00,2503.05,77.32,99.6542,1.12224,157.847
2026-06-01 01:12:09.472152+00:00,2505.24,77.5,99.6512,1.12222,157.838
2026-06-01 01:12:11.596152+00:00,2497.51,77.18,99.7379,1.12229,157.897
2026-06-01 01:12:13.359824+00:00,2501.27,77.46,99.6977,1.12187,157.861
2026-06-01 01:12:16.759010+00:00,2501.08,77.36,99.6999,1.12184,157.834
2026-06-01 01:12:20.251812+00:00,2504.06,77.52,99.6661,1.12227,157.737
2026-06-01 01:12:23.140210+00:00,2499.17,77.41,99.7286,1.12209,157.707
2026-06-01 01:12:26.071023+00:00,2499.38,77.36,99.7214,1.12166,157.67
2026-06-01 01:12:29.016233+00:00,2502.69,77.39,99.7079,1.12148,157.784
2026-06-01 01:12:30.400924+00:00,2506.57,77.39,99.7085,1.12164,157.765
2026-06-01 01:12:34.398137+00:00,2510.01,77.56,99.6638,1.12177,157.682
2026-06-01 01:12:38.371966+00:00,2511.87,77.64,99.6379,1.1217,157.623
2026-06-01 01:12:42.165608+00:00,2515.76,77.66,99.6223,1.12187,157.63
2026-06-01 01:12:46.765290+00:00,2510.39,77.48,99.6224,1.12237,157.664
2026-06-01 01:12:50.103523+00:00,2507.96,77.34,99.6202,1.12305,157.617
2026-06-01 01:12:53.444598+00:00,2509.82,77.41,99.6156,1.12296,157.571
2026-06-01 01:12:57.330116+00:00,2513.74,77.61,99.5566,1.12346,157.598
2026-06-01 01:13:01.474536+00:00,2515.16,77.61,99.5406,1.12333,157.677
2026-06-01 01:13:05.891177+00:00,2513.06,77.46,99.5093,1.12356,157.596
2026-06-01 01:13:07.764855+00:00,2514.13,77.48,99.5061,1.12364,157.398
2026-06-01 01:13:09.330092+00:00,2513.88,77.58,99.5464,1.1232,157.378
2026-06-01 01:13:12.722309+00:00,2511.6,77.54,99.5971,1.12328,157.488
2026-06-01 01:13:14.549214+00:00,2516.23,77.67,99.551,1.12356,157.556
2026-06-01 01:13:18.573818+00:00,2515.45,77.75,99.5868,1.12333,157.543
2026-06-01 01:13:20.728963+00:00,2517.06,77.74,99.6109,1.12349,157.589
2026-06-01 01:13:22.354102+00:00,2521.33,77.87,99.5304,1.12346,157.483
2026-06-01 01:13:23.643609+00:00,2523.91,77.91,99.5031,1.12374,157.403
2026-06-01 01:13:28.065014+00:00,2525.37,77.79,99.5076,1.1232,157.401
2026-06-01 01:13:29.332594+00:00,2524.04,77.61,99.5066,1.12326,157.376
2026-06-01 01:13:33.758995+00:00,2520.78,77.34,99.5279,1.12309,157.443
2026-06-01 01:13:35.004803+00:00,2525.59,77.43,99.4379,1.12325,157.56
2026-06-01 01:13:39.115066+00:00,2529.52,77.43,99.3877,1.12392,157.459
2026-06-01 01:13:44.101255+00:00,2527.67,77.31,99.3954,1.12446,157.501
2026-06-01 01:13:45.646348+00:00,2525.48,77.44,99.4034,1.12495,157.574
2026-06-01 01:13:48.481796+00:00,2523.64,77.52,99.445,1.12434,157.622
2026-06-01 01:13:53.175796+00:00,2522.27,77.53,99.4188,1.12421,157.568
2026-06-01 01:13:55.346668+00:00,2520.99,77.41,99.462,1.1244,157.71
2026-06-01 01:13:59.711282+00:00,2520.07,77.54,99.4523,1.12436,157.771
2026-06-01 01:14:03.914717+00:00,2517.73,77.49,99.5115,1.12468,157.876
2026-06-01 01:14:05.974439+00:00,2516.59,77.64,99.4814,1.12422,157.925
2026-06-01 01:14:07.450089+00:00,2521.23,77.85,99.3903,1.12408,157.789
2026-06-01 01:14:12.379923+00:00,2521.67,77.81,99.3743,1.12446,157.784
2026-06-01 01:14:15.928779+00:00,2523.91,77.84,99.3325,1.12467,157.836
2026-06-01 01:14:18.029840+00:00,2526.76,77.82,99.3166,1.12469,157.806
2026-06-01 01:14:19.106143+00:00,2525.32,77.87,99.2943,1.12438,157.788
2026-06-01 01:14:22.726659+00:00,2530.93,77.87,99.2701,1.12486,157.705
2026-06-01 01:14:25.336899+00:00,2524.29,77.76,99.3738,1.12459,157.844
2026-06-01 01:14:26.559781+00:00,2518.1,77.56,99.4602,1.12505,157.923
2026-06-01 01:14:27.625685+00:00,2515.63,77.49,99.4643,1.12437,158.008
2026-06-01 01:14:30.142867+00:00,2513.83,77.47,99.4739,1.12437,157.896
2026-06-01 01:14:34.630342+00:00,2520.07,77.59,99.4088,1.12451,157.817
2026-06-01 01:14:38.052937+00:00,2519.54,77.61,99.373,1.12415,157.948
2026-06-01 01:14:39.743772+00:00,2520.06,77.46,99.3563,1.12433,157.969
2026-06-01 01:14:44.100802+00:00,2514.73,77.32,99.4431,1.12413,157.805
2026-06-01 01:14:46.373720+00:00,2510.98,77.3,99.4158,1.12401,157.92
2026-06-01 01:14:49.057421+00:00,2512.14,77.18,99.3808,1.12451,157.934
2026-06-01 01:14:50.218068+00:00,2511.27,77.2,99.352,1.12494,158.147
2026-06-01 01:14:52.746521+00:00,2511.96,77.04,99.3011,1.12548,158.075
2026-06-01 01:14:57.023816+00:00,2511.85,77.13,99.3052,1.12537,158.087
2026-06-01 01:14:59.930453+00:00,2509.67,77.11,99.3246,1.12611,158.127
2026-06-01 01:15:01.880075+00:00,2511.62,77.24,99.273,1.12627,158.185
2026-06-01 01:15:02.958432+00:00,2514.6,77.36,99.2919,1.12655,158.326
2026-06-01 01:15:07.334334+00:00,2512.48,77.17,99.3205,1.12676,158.426
2026-06-01 01:15:08.526139+00:00,2508.99,77.09,99.3482,1.12707,158.694
2026-06-01 01:15:11.797045+00:00,2509.39,77.03,99.3263,1.12678,158.736
2026-06-01 01:15:16.662979+00:00,2510.18,77.22,99.2952,1.12676,158.791
2026-06-01 01:15:18.901038+00:00,2514.1,77.32,99.2865,1.12656,158.867
2026-06-01 01:15:23.603198+00:00,2518.33,77.26,99.2386,1.12686,158.671
2026-06-01 01:15:24.746853+00:00,2520.96,77.26,99.2124,1.12652,158.638
2026-06-01 01:15:26.405468+00:00,2519.01,77.16,99.2188,1.12644,158.787
2026-06-01 01:15:28.590218+00:00,2518.48,77.09,99.2158,1.12589,158.674
2026-06-01 01:15:30.213706+00:00,2515.63,77.08,99.2133,1.12573,158.576
2026-06-01 01:15:31.222092+00:00,2516.27,77.03,99.2173,1.12624,158.617
2026-06-01 01:15:36.076061+00:00,2514.57,76.91,99.2452,1.12644,158.519
2026-06-01 01:15:38.293954+00:00,2515.03,76.97,99.2536,1.12662,158.503
2026-06-01 01:15:42.204354+00:00,2516.63,76.94,99.1594,1.12662,158.447
2026-06-01 01:15:46.107376+00:00,2515.58,76.92,99.1539,1.1263,158.484
2026-06-01 01:15:49.010865+00:00,2514.19,76.92,99.1864,1.12635,158.428
2026-06-01 01:15:51.843683+00:00,2513.83,76.81,99.1935,1.12624,158.427
2026-06-01 01:15:55.130545+00:00,2509.2,76.78,99.2397,1.12566,158.461
2026-06-01 01:15:59.479344+00:00,2512.86,76.83,99.1858,1.12571,158.486
2026-06-01 01:16:01.480447+00:00,2513.03,76.75,99.1884,1.12589,158.508
2026-06-01 01:16:04.579367+00:00,2515.35,76.72,99.2075,1.12567,158.599
2026-06-01 01:16:08.092446+00:00,2518.4,76.94,99.1771,1.12539,158.577
2026-06-01 01:16:09.206362+00:00,2522.57,76.95,99.1377,1.12548,158.544
2026-06-01 01:16:10.648919+00:00,2529.22,77.13,99.0882,1.12538,158.627
2026-06-01 01:16:15.043972+00:00,2524.4,77.08,99.166,1.12514,158.566
2026-06-01 01:16:16.268765+00:00,2525.33,77.1,99.1635,1.12498,158.423
2026-06-01 01:16:19.272055+00:00,2522.02,76.86,99.1933,1.12453,158.554
2026-06-01 01:16:22.862231+00:00,2526.68,77.05,99.1069,1.12445,158.698
2026-06-01 01:16:27.770857+00:00,2525.24,76.94,99.1405,1.12338,158.67
2026-06-01 01:16:29.390740+00:00,2524.5,77.01,99.1628,1.12292,158.836
2026-06-01 01:16:30.846309+00:00,2522.32,76.91,99.1922,1.12281,158.84
2026-06-01 01:16:32.890412+00:00,2521.95,76.91,99.1677,1.12242,158.784
2026-06-01 01:16:36.530051+00:00,2518.56,76.86,99.2013,1.12311,158.622
2026-06-01 01:16:38.054385+00:00,2519.93,76.96,99.1986,1.12307,158.641
2026-06-01 01:16:42.212556+00:00,2518.78,76.76,99.2332,1.12309,158.611
2026-06-01 01:16:44.483173+00:00,2518.11,76.84,99.3013,1.12352,158.574
2026-06-01 01:16:45.571852+00:00,2520.67,76.82,99.2546,1.12352,158.642
2026-06-01 01:16:49.677303+00:00,2515.72,76.74,99.3004,1.12402,158.541
2026-06-01 01:16:52.963202+00:00,2520.32,76.77,99.2262,1.12366,158.544
2026-06-01 01:16:57.007015+00:00,2520.03,76.7,99.234,1.12358,158.634
2026-06-01 01:17:01.608471+00:00,2518.58,76.56,99.233,1.12317,158.538
2026-06-01 01:17:04.153528+00:00,2518.09,76.71,99.2175,1.12318,158.466
2026-06-01 01:17:07.670375+00:00,2520.23,76.71,99.1957,1.12264,158.348
2026-06-01 01:17:10.806353+00:00,2517.79,76.63,99.2469,1.12235,158.398
2026-06-01 01:17:15.548890+00:00,2516.55,76.65,99.246,1.12216,158.407
2026-06-01 01:17:18.616383+00:00,2516.16,76.61,99.221,1.12221,158.353
2026-06-01 01:17:22.312671+00:00,2513.32,76.59,99.2521,1.12205,158.315
2026-06-01 01:17:24.660153+00:00,2512.41,76.7,99.193,1.1216,158.283
2026-06-01 01:17:28.327423+00:00,2520.17,76.93,99.1325,1.12099,158.301
2026-06-01 01:17:31.091600+00:00,2517.92,76.9,99.1365,1.12131,158.16
2026-06-01 01:17:33.285357+00:00,2517.25,76.87,99.1374,1.12096,158.179
2026-06-01 01:17:37.811334+00:00,2516.06,76.82,99.1377,1.12072,158.186
2026-06-01 01:17:42.549451+00:00,2514.76,76.92,99.1512,1.12061,158.203
2026-06-01 01:17:45.101274+00:00,2511.68,76.82,99.154,1.12077,158.171
2026-06-01 01:17:46.776811+00:00,2510.23,77.02,99.1485,1.12009,158.056
2026-06-01 01:17:50.397604+00:00,2513.87,77.03,99.1483,1.12036,158.048
2026-06-01 01:17:54.615718+00:00,2513.51,77.08,99.1609,1.12016,158.041
2026-06-01 01:17:56.901340+00:00,2519.16,77.3,99.1098,1.12027,158.056
2026-06-01 01:17:59.035586+00:00,2522.47,77.39,99.0664,1.12043,158.057
2026-06-01 01:18:00.093688+00:00,2524.82,77.25,99.0915,1.12016,158.073
2026-06-01 01:18:01.194976+00:00,2530.67,77.4,99.0119,1.1199,158.147
2026-06-01 01:18:03.978426+00:00,2530.12,77.25,98.989,1.11984,158.034
2026-06-01 01:18:08.764692+00:00,2532.54,77.29,98.9492,1.11967,157.925
2026-06-01 01:18:10.897823+00:00,2536.96,77.44,98.8815,1.11993,157.967
2026-06-01 01:18:15.287382+00:00,2534.51,77.36,98.9179,1.11956,158.126
2026-06-01 01:18:18.120886+00:00,2532.61,77.21,98.9118,1.11929,158.059
2026-06-01 01:18:21.451505+00:00,2530.52,77.23,98.9056,1.11901,158.035
2026-06-01 01:18:24.499053+00:00,2533.53,77.3,98.8449,1.11865,157.945
2026-06-01 01:18:26.754137+00:00,2537.74,77.34,98.792,1.11839,157.884
2026-06-01 01:18:29.363296+00:00,2538.77,77.54,98.8001,1.11886,157.941
2026-06-01 01:18:33.246634+00:00,2538.45,77.48,98.8419,1.11901,157.967
2026-06-01 01:18:35.459649+00:00,2540.9,77.38,98.8715,1.11897,157.867
2026-06-01 01:18:40.357624+00:00,2537.14,77.37,98.8703,1.11905,157.959
2026-06-01 01:18:41.517079+00:00,2535.17,77.22,98.8796,1.11994,158.025
2026-06-01 01:18:44.407149+00:00,2533.9,77.2,98.8871,1.11982,158.071
2026-06-01 01:18:47.855011+00:00,2530.4,77.16,98.8893,1.12009,158.076
2026-06-01 01:18:50.502886+00:00,2525.79,76.89,98.9543,1.12003,158.223
2026-06-01 01:18:52.950394+00:00,2527.56,76.82,98.9046,1.11964,158.368
2026-06-01 01:18:54.952838+00:00,2528.72,76.8,98.8983,1.11965,158.459
2026-06-01 01:18:59.940775+00:00,2528.47,76.95,98.8803,1.11952,158.25
2026-06-01 01:19:02.810687+00:00,2530.39,77.0,98.8506,1.11935,158.228
2026-06-01 01:19:05.720020+00:00,2532.48,77.02,98.8527,1.11935,158.196
2026-06-01 01:19:07.838398+00:00,2531.59,77.06,98.8133,1.11902,158.049
2026-06-01 01:19:09.657322+00:00,2533.08,77.04,98.8283,1.11984,158.086
2026-06-01 01:19:11.915192+00:00,2530.46,76.98,98.8355,1.11967,158.168
2026-06-01 01:19:16.028125+00:00,2531.44,77.0,98.7929,1.11989,158.261
2026-06-01 01:19:18.421141+00:00,2538.22,77.18,98.7215,1.11969,158.256
2026-06-01 01:19:21.252136+00:00,2534.25,77.15,98.7273,1.12014,158.263
2026-06-01 01:19:24.708535+00:00,2530.75,76.9,98.7376,1.12037,158.251
2026-06-01 01:19:28.081619+00:00,2531.09,76.95,98.6979,1.12072,158.308
2026-06-01 01:19:30.062142+00:00,2534.68,76.97,98.7023,1.12039,158.232
2026-06-01 01:19:33.021522+00:00,2535.09,77.08,98.679,1.12077,158.234
2026-06-01 01:19:37.708038+00:00,2535.95,77.03,98.6605,1.12095,158.238
2026-06-01 01:19:39.207793+00:00,2534.9,77.13,98.6608,1.12082,158.115
2026-06-01 01:19:43.802922+00:00,2535.66,77.19,98.6612,1.12116,158.177
2026-06-01 01:19:48.560729+00:00,2539.88,77.4,98.622,1.12074,158.234
2026-06-01 01:19:52.505204+00:00,2543.88,77.56,98.6343,1.12097,158.257
2026-06-01 01:19:53.679759+00:00,2540.67,77.41,98.6765,1.12101,158.299
2026-06-01 01:19:58.263930+00:00,2541.6,77.19,98.6802,1.12143,158.448
2026-06-01 01:20:00.846240+00:00,2545.61,77.27,98.6556,1.12164,158.454
2026-06-01 01:20:02.146186+00:00,2543.06,77.12,98.6863,1.12166,158.433
2026-06-01 01:20:06.799169+00:00,2542.25,77.14,98.6778,1.12125,158.512
2026-06-01 01:20:09.772178+00:00,2539.34,77.16,98.7475,1.12152,158.572
2026-06-01 01:20:14.278920+00:00,2542.8,77.3,98.6946,1.12143,158.673
2026-06-01 01:20:15.795903+00:00,2542.98,77.28,98.6825,1.12127,158.7
2026-06-01 01:20:18.556128+00:00,2542.13,77.27,98.7242,1.12091,158.577
2026-06-01 01:20:21.530843+00:00,2545.56,77.37,98.7104,1.12108,158.639
2026-06-01 01:20:23.195894+00:00,2543.6,77.25,98.7462,1.12111,158.732
2026-06-01 01:20:27.390824+00:00,2539.76,77.22,98.7252,1.12103,158.829
2026-06-01 01:20:30.533778+00:00,2542.62,77.31,98.7527,1.12085,158.866
2026-06-01 01:20:33.878687+00:00,2542.67,77.28,98.7967,1.1207,158.979
2026-06-01 01:20:37.349805+00:00,2544.35,77.36,98.7813,1.12084,158.97
2026-06-01 01:20:40.318716+00:00,2542.22,77.18,98.8157,1.12045,158.96
2026-06-01 01:20:41.832170+00:00,2545.04,77.1,98.7918,1.12062,158.97
2026-06-01 01:20:45.481844+00:00,2547.82,77.04,98.765,1.12046,158.842
2026-06-01 01:20:49.231453+00:00,2548.93,76.94,98.8129,1.12021,158.855
2026-06-01 01:20:52.894975+00:00,2545.85,76.83,98.8166,1.12118,158.824
2026-06-01 01:20:54.106460+00:00,2545.76,76.94,98.8506,1.1208,158.846
2026-06-01 01:20:56.194037+00:00,2541.9,76.67,98.8875,1.12082,158.887
2026-06-01 01:20:59.202479+00:00,2543.06,76.7,98.905,1.12043,159.023
2026-06-01 01:21:02.563249+00:00,2543.04,76.8,98.9361,1.1208,158.794
2026-06-01 01:21:07.470681+00:00,2543.9,76.86,98.9147,1.12072,158.607
2026-06-01 01:21:11.230687+00:00,2542.98,76.98,98.9229,1.12058,158.653
2026-06-01 01:21:14.143478+00:00,2542.8,76.87,98.9387,1.12005,158.52
2026-06-01 01:21:16.666979+00:00,2542.36,76.89,98.9265,1.12071,158.539
2026-06-01 01:21:18.209046+00:00,2543.34,76.98,98.928,1.12088,158.601
2026-06-01 01:21:23.028797+00:00,2536.56,76.84,98.9753,1.1211,158.609
2026-06-01 01:21:27.824251+00:00,2536.81,76.88,98.9285,1.12125,158.472
2026-06-01 01:21:31.426587+00:00,2536.19,76.88,98.9329,1.12135,158.353
2026-06-01 01:21:35.638351+00:00,2532.81,76.7,98.9522,1.12156,158.393
2026-06-01 01:21:40.339279+00:00,2534.53,76.73,98.9102,1.12143,158.299
2026-06-01 01:21:42.684751+00:00,2532.51,76.66,98.9929,1.121,158.296
2026-06-01 01:21:47.460078+00:00,2528.41,76.52,99.049,1.12088,158.288
2026-06-01 01:21:52.366049+00:00,2525.8,76.44,99.0512,1.12092,158.336
2026-06-01 01:21:56.100524+00:00,2525.02,76.29,99.0659,1.12071,158.4
2026-06-01 01:21:57.578971+00:00,2528.42,76.32,99.0235,1.12085,158.382
2026-06-01 01:21:59.943046+00:00,2527.7,76.32,99.0304,1.12032,158.423
2026-06-01 01:22:03.418998+00:00,2526.03,76.27,99.0129,1.12037,158.468
2026-06-01 01:22:05.977194+00:00,2527.98,76.17,99.0162,1.12053,158.383
2026-06-01 01:22:08.010371+00:00,2526.28,76.16,99.027,1.12083,158.253
2026-06-01 01:22:12.255598+00:00,2521.3,76.02,99.0849,1.12154,158.278
2026-06-01 01:22:16.917353+00:00,2519.48,76.01,99.0699,1.12137,158.393
2026-06-01 01:22:19.823526+00:00,2516.0,75.93,99.1037,1.12118,158.405
2026-06-01 01:22:24.384309+00:00,2519.95,75.97,99.0818,1.12172,158.37
2026-06-01 01:22:27.249753+00:00,2516.86,75.95,99.1253,1.12171,158.266
2026-06-01 01:22:30.238107+00:00,2518.23,75.85,99.1193,1.1216,158.219
2026-06-01 01:22:31.422434+00:00,2519.51,75.91,99.0896,1.12107,158.246
2026-06-01 01:22:33.590629+00:00,2520.38,76.01,99.1411,1.12078,158.295
2026-06-01 01:22:35.724313+00:00,2523.68,76.05,99.1376,1.1208,158.311
2026-06-01 01:22:40.566054+00:00,2520.46,75.92,99.1896,1.1209,158.331
2026-06-01 01:22:43.744069+00:00,2521.36,75.9,99.1591,1.12111,158.276
2026-06-01 01:22:45.689858+00:00,2516.82,75.82,99.1936,1.12042,158.253
2026-06-01 01:22:49.577608+00:00,2519.53,75.9,99.1765,1.12071,158.337
2026-06-01 01:22:50.689507+00:00,2514.29,75.74,99.3049,1.12047,158.21
2026-06-01 01:22:54.496758+00:00,2514.13,75.79,99.3231,1.12046,158.198
2026-06-01 01:22:57.609110+00:00,2515.34,75.81,99.3251,1.12091,158.286
2026-06-01 01:23:00.901579+00:00,2512.6,75.78,99.3121,1.12089,158.242
2026-06-01 01:23:04.711773+00:00,2511.5,75.69,99.334,1.12058,158.248
2026-06-01 01:23:06.958390+00:00,2515.18,75.82,99.3086,1.12085,158.359
2026-06-01 01:23:10.798905+00:00,2514.35,75.82,99.3068,1.12066,158.488
2026-06-01 01:23:11.895479+00:00,2514.4,75.9,99.3021,1.12074,158.563
2026-06-01 01:23:16.617444+00:00,2510.32,75.85,99.3443,1.12126,158.449
2026-06-01 01:23:21.263599+00:00,2506.86,75.79,99.3879,1.12141,158.512
2026-06-01 01:23:24.012680+00:00,2504.05,75.74,99.4271,1.12104,158.504
2026-06-01 01:23:28.904806+00:00,2504.0,75.73,99.4206,1.12149,158.469
2026-06-01 01:23:33.702071+00:00,2501.57,75.65,99.4366,1.12162,158.521
2026-06-01 01:23:34.819522+00:00,2505.5,75.64,99.3849,1.12129,158.474
2026-06-01 01:23:39.355356+00:00,2503.16,75.66,99.4416,1.12148,158.643
2026-06-01 01:23:40.608636+00:00,2500.52,75.71,99.4127,1.12125,158.689
2026-06-01 01:23:42.129136+00:00,2500.16,75.62,99.4126,1.12161,158.697
2026-06-01 01:23:45.056608+00:00,2496.7,75.5,99.4422,1.12174,158.642
2026-06-01 01:23:46.512556+00:00,2491.51,75.26,99.5189,1.12151,158.573
2026-06-01 01:23:50.254490+00:00,2494.68,75.33,99.514,1.12166,158.446
2026-06-01 01:23:54.229222+00:00,2489.05,75.38,99.575,1.12181,158.463
2026-06-01 01:23:58.968481+00:00,2484.88,75.4,99.6209,1.12164,158.336
2026-06-01 01:24:02.355223+00:00,2488.53,75.37,99.5583,1.12124,158.332
2026-06-01 01:24:03.364519+00:00,2488.63,75.45,99.5507,1.12161,158.311
2026-06-01 01:24:07.664114+00:00,2496.09,75.61,99.4364,1.12157,158.187
2026-06-01 01:24:10.934288+00:00,2494.85,75.65,99.3978,1.12146,158.239
2026-06-01 01:24:12.209005+00:00,2499.8,75.81,99.3117,1.12119,158.191
2026-06-01 01:24:15.081624+00:00,2501.54,76.05,99.2925,1.12087,158.17
2026-06-01 01:24:16.337095+00:00,2500.46,75.86,99.2867,1.1207,158.228
2026-06-01 01:24:20.936828+00:00,2505.38,76.0,99.2454,1.12099,158.147
2026-06-01 01:24:22.761473+00:00,2501.15,75.78,99.296,1.12105,158.173
2026-06-01 01:24:25.121761+00:00,2504.68,75.87,99.2564,1.12111,158.134
2026-06-01 01:24:26.489540+00:00,2507.24,75.87,99.2682,1.12089,158.217
2026-06-01 01:24:28.917967+00:00,2510.23,75.95,99.2631,1.12134,158.245
2026-06-01 01:24:29.935426+00:00,2511.07,75.87,99.2493,1.12135,158.119
2026-06-01 01:24:34.461539+00:00,2512.29,75.9,99.2174,1.12138,158.1
2026-06-01 01:24:37.131179+00:00,2512.17,75.86,99.2011,1.12177,157.946
2026-06-01 01:24:41.758515+00:00,2511.22,75.88,99.1754,1.12162,157.945
2026-06-01 01:24:46.326400+00:00,2514.55,75.87,99.1309,1.12195,157.86
2026-06-01 01:24:49.390321+00:00,2514.45,75.84,99.1838,1.12183,157.901
2026-06-01 01:24:53.579684+00:00,2513.15,75.85,99.1919,1.12183,157.839
2026-06-01 01:24:55.731806+00:00,2511.43,75.72,99.1751,1.12245,157.785
2026-06-01 01:24:58.088192+00:00,2512.76,75.69,99.1762,1.12206,157.667
2026-06-01 01:25:01.412581+00:00,2512.86,75.71,99.1687,1.12209,157.534
2026-06-01 01:25:03.726339+00:00,2514.38,75.89,99.1521,1.12179,157.537
2026-06-01 01:25:07.930943+00:00,2514.14,75.87,99.1339,1.12127,157.563
2026-06-01 01:25:12.665288+00:00,2518.01,76.04,99.1099,1.12138,157.508
2026-06-01 01:25:16.964383+00:00,2520.02,76.1,99.116,1.12124,157.499
2026-06-01 01:25:18.342031+00:00,2519.77,76.18,99.07,1.12128,157.499
2026-06-01 01:25:21.711555+00:00,2517.03,76.02,99.1007,1.12192,157.582
2026-06-01 01:25:23.375625+00:00,2519.11,76.05,99.1203,1.12221,157.531
2026-06-01 01:25:24.400419+00:00,2516.17,75.94,99.1306,1.12238,157.517
2026-06-01 01:25:25.797434+00:00,2518.2,75.94,99.1244,1.12224,157.491
2026-06-01 01:25:27.348764+00:00,2518.2,75.88,99.1645,1.12286,157.441
2026-06-01 01:25:32.022622+00:00,2511.8,75.63,99.2313,1.12268,157.416
2026-06-01 01:25:35.895728+00:00,2515.53,75.83,99.1995,1.1226,157.393
2026-06-01 01:25:38.114043+00:00,2518.07,75.95,99.1746,1.12268,157.444
2026-06-01 01:25:39.937830+00:00,2515.89,75.86,99.1783,1.12293,157.545
2026-06-01 01:25:41.241377+00:00,2511.76,75.73,99.2314,1.12277,157.519
2026-06-01 01:25:45.338134+00:00,2508.71,75.61,99.2575,1.12271,157.61
2026-06-01 01:25:49.514736+00:00,2505.24,75.64,99.286,1.12296,157.647
2026-06-01 01:25:53.031066+00:00,2504.88,75.7,99.3071,1.12334,157.564
2026-06-01 01:25:55.183319+00:00,2508.04,75.74,99.2619,1.12365,157.611
2026-06-01 01:25:57.997793+00:00,2508.44,75.73,99.2552,1.12343,157.648
2026-06-01 01:25:59.252186+00:00,2506.79,75.79,99.2451,1.12399,157.548
2026-06-01 01:26:01.311668+00:00,2505.65,75.71,99.2379,1.12461,157.566
2026-06-01 01:26:05.678114+00:00,2501.64,75.52,99.2478,1.12442,157.555
2026-06-01 01:26:08.409801+00:00,2495.7,75.43,99.3447,1.1238,157.501
2026-06-01 01:26:11.089334+00:00,2493.75,75.27,99.4007,1.12384,157.498
2026-06-01 01:26:13.369282+00:00,2498.03,75.42,99.3353,1.1234,157.458
2026-06-01 01:26:16.652964+00:00,2504.61,75.61,99.2478,1.12373,157.361
2026-06-01 01:26:21.356506+00:00,2499.99,75.64,99.3291,1.1236,157.317
2026-06-01 01:26:26.275923+00:00,2495.9,75.53,99.3908,1.12393,157.308
2026-06-01 01:26:27.530832+00:00,2496.69,75.61,99.3611,1.1241,157.343
2026-06-01 01:26:30.368377+00:00,2497.89,75.5,99.3349,1.12404,157.24
2026-06-01 01:26:34.804882+00:00,2496.53,75.57,99.3469,1.12441,157.269
2026-06-01 01:26:36.672704+00:00,2495.4,75.59,99.3836,1.12438,157.151
2026-06-01 01:26:41.090485+00:00,2490.66,75.28,99.4676,1.12461,157.11
2026-06-01 01:26:42.220890+00:00,2489.04,75.12,99.4774,1.12437,157.125
2026-06-01 01:26:45.657504+00:00,2492.12,75.24,99.4559,1.12474,157.08
2026-06-01 01:26:47.185812+00:00,2486.74,75.05,99.4947,1.12444,157.052
2026-06-01 01:26:51.249440+00:00,2490.4,74.97,99.4476,1.12419,157.116
2026-06-01 01:26:54.160977+00:00,2489.18,75.01,99.4698,1.12421,157.061
2026-06-01 01:26:55.212819+00:00,2489.75,75.01,99.4485,1.12454,157.086
2026-06-01 01:26:58.609845+00:00,2494.08,75.12,99.4046,1.12492,157.127
2026-06-01 01:27:03.530615+00:00,2501.38,75.37,99.3298,1.12491,157.114
2026-06-01 01:27:08.174894+00:00,2502.87,75.49,99.3241,1.12477,157.096
2026-06-01 01:27:12.154687+00:00,2501.39,75.35,99.3798,1.12489,157.125
2026-06-01 01:27:13.639086+00:00,2500.32,75.27,99.4147,1.12495,157.216
2026-06-01 01:27:17.037062+00:00,2503.62,75.4,99.3713,1.12458,157.208
2026-06-01 01:27:18.967338+00:00,2504.73,75.43,99.3474,1.12532,157.076
2026-06-01 01:27:21.784253+00:00,2505.88,75.42,99.3239,1.12556,157.137
2026-06-01 01:27:23.069954+00:00,2507.73,75.53,99.3316,1.1254,157.181
2026-06-01 01:27:25.729140+00:00,2508.25,75.45,99.2736,1.12545,157.209
2026-06-01 01:27:29.063785+00:00,2506.45,75.37,99.3326,1.1256,157.135
2026-06-01 01:27:31.307681+00:00,2508.53,75.37,99.2874,1.12565,157.066
2026-06-01 01:27:33.486822+00:00,2511.15,75.58,99.2088,1.12572,157.18
2026-06-01 01:27:34.661421+00:00,2508.75,75.49,99.2188,1.12583,157.089
2026-06-01 01:27:39.470897+00:00,2509.17,75.46,99.1993,1.1262,157.15
2026-06-01 01:27:41.955326+00:00,2505.09,75.32,99.2381,1.12631,157.216
2026-06-01 01:27:46.568183+00:00,2503.32,75.36,99.2339,1.1264,157.105
2026-06-01 01:27:51.107382+00:00,2503.08,75.27,99.264,1.12563,157.07
2026-06-01 01:27:53.585223+00:00,2504.72,75.17,99.2795,1.12601,157.021
2026-06-01 01:27:55.493360+00:00,2504.02,75.03,99.2786,1.12647,157.067
2026-06-01 01:27:59.102724+00:00,2503.86,75.06,99.2956,1.1263,157.189
2026-06-01 01:28:02.415045+00:00,2508.22,75.1,99.2332,1.12621,157.2
2026-06-01 01:28:05.786958+00:00,2504.25,75.06,99.2943,1.12601,157.146
2026-06-01 01:28:07.732323+00:00,2504.99,75.12,99.2943,1.1264,157.067
2026-06-01 01:28:09.842135+00:00,2505.29,75.13,99.3019,1.12675,157.179
2026-06-01 01:28:11.272552+00:00,2506.41,75.15,99.2518,1.12723,157.161
2026-06-01 01:28:12.472057+00:00,2508.63,75.09,99.2155,1.12777,157.189
2026-06-01 01:28:14.531268+00:00,2507.08,75.13,99.2483,1.1273,157.319
2026-06-01 01:28:18.834799+00:00,2509.58,75.12,99.2375,1.12748,157.215
2026-06-01 01:28:20.051305+00:00,2512.63,75.1,99.2267,1.12716,157.355
2026-06-01 01:28:23.097801+00:00,2516.59,75.19,99.2234,1.1269,157.374
2026-06-01 01:28:25.870164+00:00,2519.04,75.23,99.1994,1.12694,157.253
2026-06-01 01:28:29.791412+00:00,2513.97,75.03,99.2604,1.12725,157.365
2026-06-01 01:28:32.659942+00:00,2517.69,75.11,99.2475,1.12735,157.274
2026-06-01 01:28:36.861702+00:00,2517.57,75.14,99.2165,1.12711,157.247
2026-06-01 01:28:41.085985+00:00,2523.82,75.23,99.1495,1.1267,157.306
2026-06-01 01:28:44.902043+00:00,2521.05,75.22,99.1626,1.12704,157.307
2026-06-01 01:28:47.086994+00:00,2522.45,75.19,99.185,1.12688,157.365
2026-06-01 01:28:49.945508+00:00,2518.2,74.99,99.2134,1.12733,157.325
2026-06-01 01:28:52.422891+00:00,2521.94,75.05,99.2087,1.12753,157.34
2026-06-01 01:28:55.510209+00:00,2526.15,75.06,99.1644,1.12721,157.422
2026-06-01 01:28:59.346848+00:00,2528.66,74.98,99.1145,1.12742,157.423
2026-06-01 01:29:02.378989+00:00,2528.67,75.08,99.1129,1.12764,157.442
2026-06-01 01:29:07.378514+00:00,2530.71,75.05,99.1017,1.12793,157.535
2026-06-01 01:29:09.961440+00:00,2530.84,75.02,99.0778,1.12802,157.532
2026-06-01 01:29:13.903311+00:00,2526.7,74.78,99.0464,1.12799,157.714
2026-06-01 01:29:17.218586+00:00,2530.49,74.93,98.9611,1.12757,157.63
2026-06-01 01:29:19.431562+00:00,2529.81,74.93,98.9779,1.12748,157.639
2026-06-01 01:29:22.836400+00:00,2525.5,74.74,99.0203,1.12739,157.504
2026-06-01 01:29:27.287809+00:00,2524.04,74.86,99.0077,1.12764,157.592
2026-06-01 01:29:29.214472+00:00,2521.72,74.83,99.0354,1.12779,157.498
2026-06-01 01:29:30.377231+00:00,2522.76,74.9,99.0342,1.12804,157.531
2026-06-01 01:29:32.869569+00:00,2525.37,75.06,99.0115,1.12812,157.607
2026-06-01 01:29:34.763768+00:00,2522.68,75.06,99.019,1.12773,157.652
2026-06-01 01:29:39.702220+00:00,2524.75,75.25,98.9233,1.12762,157.797
2026-06-01 01:29:41.599408+00:00,2524.11,75.28,98.8961,1.12766,157.809
2026-06-01 01:29:44.342801+00:00,2527.77,75.39,98.8196,1.12734,157.9
2026-06-01 01:29:48.903152+00:00,2527.34,75.36,98.8047,1.1272,157.811
2026-06-01 01:29:52.860374+00:00,2526.37,75.28,98.8125,1.1273,157.775
2026-06-01 01:29:54.835681+00:00,2528.57,75.43,98.793,1.12702,157.701
2026-06-01 01:29:57.340635+00:00,2531.05,75.53,98.7981,1.12703,157.761
2026-06-01 01:29:58.778773+00:00,2531.89,75.66,98.7629,1.12751,157.723
2026-06-01 01:30:00.275268+00:00,2529.5,75.55,98.7657,1.12671,157.711
2026-06-01 01:30:04.334869+00:00,2529.18,75.55,98.7638,1.12658,157.7
2026-06-01 01:30:06.106505+00:00,2532.32,75.61,98.6946,1.1261,157.729
2026-06-01 01:30:07.186777+00:00,2534.45,75.7,98.7329,1.1261,157.716
2026-06-01 01:30:08.816193+00:00,2531.91,75.61,98.7813,1.12574,157.749
2026-06-01 01:30:10.548879+00:00,2532.74,75.58,98.7958,1.12645,157.671
2026-06-01 01:30:11.790755+00:00,2531.5,75.68,98.7345,1.1263,157.578
2026-06-01 01:30:15.805161+00:00,2532.01,75.53,98.7309,1.12615,157.704
2026-06-01 01:30:19.547665+00:00,2531.95,75.53,98.7459,1.12641,157.641
2026-06-01 01:30:21.907219+00:00,2531.09,75.47,98.717,1.1262,157.752
2026-06-01 01:30:24.981290+00:00,2530.09,75.45,98.7692,1.12623,157.842
2026-06-01 01:30:27.172036+00:00,2528.33,75.41,98.7686,1.12618,157.915
2026-06-01 01:30:30.347146+00:00,2526.34,75.4,98.7731,1.12657,157.927
2026-06-01 01:30:31.483228+00:00,2523.74,75.36,98.7824,1.12719,157.976
2026-06-01 01:30:33.937958+00:00,2525.48,75.44,98.7701,1.12691,158.056
2026-06-01 01:30:35.968755+00:00,2527.87,75.47,98.726,1.12753,158.11
2026-06-01 01:30:40.611678+00:00,2528.43,75.5,98.7162,1.12769,158.172
2026-06-01 01:30:44.619042+00:00,2524.81,75.45,98.7019,1.1276,158.14
2026-06-01 01:30:47.699211+00:00,2528.49,75.34,98.7293,1.12755,158.173
2026-06-01 01:30:49.840296+00:00,2526.0,75.24,98.767,1.12691,158.185
2026-06-01 01:30:52.519996+00:00,2528.1,75.4,98.7614,1.12672,158.312
2026-06-01 01:30:56.592526+00:00,2528.4,75.41,98.7584,1.12585,158.304
2026-06-01 01:30:57.889504+00:00,2526.76,75.43,98.8127,1.1258,158.234
2026-06-01 01:30:59.948469+00:00,2527.35,75.33,98.7827,1.12617,158.354
2026-06-01 01:31:02.674679+00:00,2533.07,75.54,98.7316,1.12549,158.363
2026-06-01 01:31:06.032115+00:00,2534.69,75.58,98.6912,1.12517,158.509
2026-06-01 01:31:09.258836+00:00,2539.81,75.74,98.6134,1.12541,158.649
2026-06-01 01:31:11.335393+00:00,2536.39,75.67,98.6661,1.12599,158.811
2026-06-01 01:31:13.596182+00:00,2536.67,75.66,98.6576,1.1261,158.868
2026-06-01 01:31:16.291557+00:00,2536.37,75.64,98.6392,1.12584,158.899
2026-06-01 01:31:20.588870+00:00,2538.73,75.61,98.6125,1.12639,158.892
2026-06-01 01:31:22.588560+00:00,2538.73,75.7,98.6318,1.12679,158.901
2026-06-01 01:31:25.477999+00:00,2538.73,75.7,98.6456,1.12729,158.866
2026-06-01 01:31:28.478598+00:00,2544.32,75.74,98.6124,1.12758,159.072
2026-06-01 01:31:32.587482+00:00,2544.1,75.69,98.6069,1.12756,159.079
2026-06-01 01:31:37.009688+00:00,2541.76,75.68,98.64,1.1274,159.074
2026-06-01 01:31:38.432245+00:00,2542.12,75.77,98.6425,1.12695,159.037
2026-06-01 01:31:42.893353+00:00,2543.98,75.88,98.6697,1.12701,159.102
2026-06-01 01:31:45.618465+00:00,2540.71,75.69,98.7086,1.12806,159.131
2026-06-01 01:31:48.395796+00:00,2539.0,75.59,98.7122,1.1288,159.219
2026-06-01 01:31:50.802736+00:00,2539.6,75.59,98.7295,1.12892,158.99
2026-06-01 01:31:54.336409+00:00,2546.4,75.8,98.6763,1.1291,159.054
2026-06-01 01:31:55.426683+00:00,2543.99,75.79,98.7141,1.12891,159.004
2026-06-01 01:31:58.607507+00:00,2546.86,75.85,98.6676,1.12891,158.891
2026-06-01 01:31:59.665825+00:00,2545.81,75.83,98.7035,1.12955,159.012
2026-06-01 01:32:04.522857+00:00,2548.21,75.85,98.6738,1.12977,159.082
2026-06-01 01:32:05.779094+00:00,2549.87,75.96,98.6773,1.13009,159.085
2026-06-01 01:32:10.712355+00:00,2546.78,75.85,98.7041,1.13029,158.984
2026-06-01 01:32:14.493922+00:00,2545.84,75.74,98.7246,1.13021,158.935
2026-06-01 01:32:18.985056+00:00,2546.56,75.69,98.7153,1.13039,158.883
2026-06-01 01:32:20.842990+00:00,2540.5,75.53,98.7354,1.1303,159.017
2026-06-01 01:32:24.392520+00:00,2536.63,75.59,98.7813,1.1302,159.011
2026-06-01 01:32:25.860857+00:00,2539.84,75.58,98.7507,1.12975,159.025
2026-06-01 01:32:28.768911+00:00,2535.69,75.41,98.8106,1.1296,159.062
2026-06-01 01:32:32.271167+00:00,2531.7,75.2,98.8468,1.13037,159.139
2026-06-01 01:32:36.205391+00:00,2535.13,75.12,98.8707,1.12988,159.127
2026-06-01 01:32:38.549488+00:00,2531.96,75.03,98.9016,1.13027,159.09
2026-06-01 01:32:40.480551+00:00,2533.89,74.94,98.8741,1.13031,159.145
2026-06-01 01:32:42.692094+00:00,2537.56,75.03,98.8118,1.13044,159.128
2026-06-01 01:32:45.947655+00:00,2536.85,75.05,98.8058,1.1302,159.168
2026-06-01 01:32:50.528035+00:00,2528.24,74.74,98.9164,1.13008,159.131
2026-06-01 01:32:52.201714+00:00,2527.56,74.71,98.9168,1.12996,159.105
2026-06-01 01:32:55.511454+00:00,2523.7,74.64,98.9498,1.1295,159.169
2026-06-01 01:32:57.190464+00:00,2526.96,74.72,98.9368,1.13026,159.152
2026-06-01 01:32:58.201476+00:00,2522.57,74.77,98.9999,1.12997,159.103
2026-06-01 01:33:02.241371+00:00,2523.23,74.65,98.9676,1.13073,159.133
2026-06-01 01:33:04.280695+00:00,2524.32,74.72,98.9212,1.13046,159.148
2026-06-01 01:33:08.659352+00:00,2518.09,74.53,98.9796,1.1303,159.078
2026-06-01 01:33:09.775675+00:00,2513.57,74.37,99.0035,1.13034,159.062
2026-06-01 01:33:11.916155+00:00,2510.04,74.39,98.9899,1.13039,159.007
2026-06-01 01:33:16.901497+00:00,2510.45,74.4,99.0208,1.13052,159.043
2026-06-01 01:33:21.456806+00:00,2505.52,74.25,99.095,1.13037,159.07
2026-06-01 01:33:22.930324+00:00,2507.55,74.26,99.1017,1.12982,158.953
2026-06-01 01:33:24.690093+00:00,2502.55,74.14,99.1844,1.12961,158.916
2026-06-01 01:33:26.180885+00:00,2503.99,74.26,99.2008,1.12974,159.025
2026-06-01 01:33:30.096347+00:00,2503.0,74.24,99.186,1.12971,158.946
2026-06-01 01:33:31.675072+00:00,2506.43,74.42,99.1203,1.13037,158.832
2026-06-01 01:33:34.820581+00:00,2502.71,74.43,99.1574,1.13031,158.778
2026-06-01 01:33:37.079060+00:00,2500.49,74.39,99.2222,1.13047,158.583
2026-06-01 01:33:42.044053+00:00,2497.87,74.27,99.2452,1.13012,158.662
2026-06-01 01:33:44.955006+00:00,2499.76,74.26,99.2321,1.12969,158.658
2026-06-01 01:33:48.438628+00:00,2491.5,74.05,99.3516,1.1291,158.57
2026-06-01 01:33:50.299821+00:00,2494.18,74.08,99.3561,1.12901,158.537
2026-06-01 01:33:54.042643+00:00,2493.78,74.14,99.3188,1.12933,158.546
2026-06-01 01:33:57.166931+00:00,2491.5,74.05,99.346,1.12929,158.574
2026-06-01 01:34:00.360988+00:00,2489.29,73.89,99.3712,1.12943,158.605
2026-06-01 01:34:03.151906+00:00,2486.67,73.86,99.391,1.12936,158.756
2026-06-01 01:34:04.355613+00:00,2485.52,73.71,99.4294,1.12962,158.723
2026-06-01 01:34:05.715752+00:00,2480.27,73.58,99.4732,1.12928,158.737
2026-06-01 01:34:07.040916+00:00,2476.29,73.38,99.5127,1.12913,158.653
2026-06-01 01:34:09.552398+00:00,2473.66,73.24,99.551,1.12903,158.492
2026-06-01 01:34:12.468526+00:00,2473.18,73.14,99.5964,1.12876,158.536
2026-06-01 01:34:16.462103+00:00,2476.5,73.12,99.5437,1.12918,158.481
2026-06-01 01:34:19.237109+00:00,2478.69,73.2,99.484,1.129,158.421
2026-06-01 01:34:22.573308+00:00,2479.5,73.25,99.4645,1.12871,158.441
2026-06-01 01:34:25.758378+00:00,2478.15,73.17,99.4858,1.12889,158.442
2026-06-01 01:34:28.752443+00:00,2472.78,73.13,99.534,1.12834,158.475
2026-06-01 01:34:30.423631+00:00,2470.48,73.01,99.5676,1.1277,158.418
2026-06-01 01:34:33.235145+00:00,2472.67,73.06,99.5442,1.12824,158.321
2026-06-01 01:34:36.414203+00:00,2474.03,73.01,99.5472,1.12809,158.38
2026-06-01 01:34:37.923259+00:00,2469.75,72.85,99.622,1.12809,158.481
2026-06-01 01:34:40.578132+00:00,2471.05,72.95,99.6197,1.12827,158.313
2026-06-01 01:34:44.283187+00:00,2470.16,72.78,99.6636,1.12854,158.265
2026-06-01 01:34:46.775926+00:00,2464.48,72.79,99.7031,1.12829,158.195
2026-06-01 01:34:49.247337+00:00,2467.48,72.84,99.692,1.12851,158.132
2026-06-01 01:34:51.692234+00:00,2465.72,72.75,99.6947,1.12793,158.053
2026-06-01 01:34:54.010394+00:00,2460.37,72.58,99.7104,1.12779,158.188
2026-06-01 01:34:55.177755+00:00,2459.62,72.6,99.7107,1.12795,158.216
2026-06-01 01:34:58.617507+00:00,2463.12,72.68,99.6825,1.1281,158.162
2026-06-01 01:35:02.142835+00:00,2462.88,72.63,99.673,1.12846,158.207
2026-06-01 01:35:05.794527+00:00,2465.62,72.71,99.6344,1.12876,158.291
2026-06-01 01:35:06.938080+00:00,2465.45,72.82,99.6329,1.12881,158.334
2026-06-01 01:35:10.166810+00:00,2464.41,72.84,99.6321,1.12945,158.4
2026-06-01 01:35:14.727223+00:00,2463.8,72.82,99.673,1.1293,158.421
2026-06-01 01:35:19.379535+00:00,2463.74,72.75,99.6845,1.12946,158.525
2026-06-01 01:35:21.134059+00:00,2463.38,72.81,99.6659,1.12985,158.614
2026-06-01 01:35:25.241301+00:00,2467.17,72.87,99.6275,1.13,158.577
2026-06-01 01:35:29.817043+00:00,2471.4,72.9,99.6222,1.13006,158.5
2026-06-01 01:35:32.864822+00:00,2471.02,72.97,99.6642,1.13053,158.599
2026-06-01 01:35:34.295793+00:00,2472.96,73.06,99.6592,1.1303,158.661
2026-06-01 01:35:37.793590+00:00,2476.64,73.14,99.6221,1.1301,158.568
2026-06-01 01:35:42.542764+00:00,2479.25,73.23,99.5727,1.13056,158.639
2026-06-01 01:35:44.741859+00:00,2477.43,73.19,99.5882,1.13064,158.653
2026-06-01 01:35:47.304366+00:00,2478.95,73.2,99.5879,1.13033,158.854
2026-06-01 01:35:49.780042+00:00,2478.56,73.22,99.5852,1.13036,158.86
2026-06-01 01:35:51.675902+00:00,2476.8,73.04,99.6444,1.13065,158.916
2026-06-01 01:35:53.646797+00:00,2471.53,73.01,99.7762,1.13108,159.001
2026-06-01 01:35:55.105430+00:00,2472.07,73.12,99.7355,1.13069,158.91
2026-06-01 01:35:59.587087+00:00,2474.66,73.21,99.703,1.13033,158.865
2026-06-01 01:36:04.366272+00:00,2471.61,73.12,99.697,1.13055,158.922
2026-06-01 01:36:08.220540+00:00,2468.05,73.17,99.7132,1.13072,158.937
2026-06-01 01:36:12.968068+00:00,2471.34,73.22,99.6788,1.13077,158.936
2026-06-01 01:36:16.023871+00:00,2469.42,73.2,99.6945,1.13069,158.925
2026-06-01 01:36:17.915427+00:00,2464.48,73.07,99.719,1.13022,158.945
2026-06-01 01:36:21.928104+00:00,2468.55,73.14,99.6445,1.13049,158.963
2026-06-01 01:36:25.840523+00:00,2471.92,73.12,99.5716,1.13015,159.006
2026-06-01 01:36:28.455049+00:00,2470.76,73.02,99.5607,1.12975,159.052
2026-06-01 01:36:32.561286+00:00,2469.12,72.93,99.5752,1.12979,159.074
2026-06-01 01:36:34.515463+00:00,2469.63,72.87,99.5523,1.12968,159.238
2026-06-01 01:36:36.102039+00:00,2465.8,72.78,99.5836,1.13006,159.221
2026-06-01 01:36:39.953100+00:00,2466.22,72.9,99.6157,1.13004,159.223
2026-06-01 01:36:42.259424+00:00,2466.62,72.84,99.6299,1.13013,159.226
2026-06-01 01:36:43.651022+00:00,2463.53,72.61,99.6534,1.12996,159.255
2026-06-01 01:36:46.348670+00:00,2469.15,72.86,99.607,1.13037,159.403
2026-06-01 01:36:48.647162+00:00,2466.49,72.85,99.6258,1.13047,159.39
2026-06-01 01:36:53.051941+00:00,2466.87,72.73,99.6544,1.13067,159.276
2026-06-01 01:36:55.792487+00:00,2464.11,72.71,99.6689,1.13066,159.171
2026-06-01 01:36:57.646956+00:00,2470.34,72.92,99.5856,1.13046,159.324
2026-06-01 01:37:00.714187+00:00,2465.8,72.69,99.6318,1.13027,159.255
2026-06-01 01:37:01.924633+00:00,2463.17,72.68,99.626,1.12983,159.377
2026-06-01 01:37:04.441645+00:00,2461.49,72.59,99.6391,1.1303,159.572
2026-06-01 01:37:06.854924+00:00,2464.75,72.77,99.6188,1.13085,159.639
2026-06-01 01:37:07.887757+00:00,2465.64,72.65,99.6173,1.13035,159.521
2026-06-01 01:37:12.001596+00:00,2465.02,72.67,99.6114,1.13043,159.458
2026-06-01 01:37:13.003458+00:00,2467.37,72.76,99.5577,1.1304,159.549
2026-06-01 01:37:15.142463+00:00,2469.13,72.8,99.5061,1.1302,159.448
2026-06-01 01:37:18.555939+00:00,2469.59,72.73,99.5054,1.13014,159.535
2026-06-01 01:37:23.507254+00:00,2467.49,72.63,99.498,1.13035,159.531
2026-06-01 01:37:25.266131+00:00,2469.18,72.73,99.4606,1.13059,159.555
2026-06-01 01:37:27.554933+00:00,2468.47,72.57,99.5005,1.13079,159.495
2026-06-01 01:37:31.946435+00:00,2465.18,72.51,99.5054,1.13036,159.561
2026-06-01 01:37:33.542882+00:00,2468.58,72.58,99.473,1.13038,159.485
2026-06-01 01:37:37.952170+00:00,2466.69,72.55,99.4897,1.13047,159.374
2026-06-01 01:37:39.502125+00:00,2468.54,72.79,99.4591,1.1306,159.597
2026-06-01 01:37:43.955571+00:00,2469.09,72.73,99.4807,1.13023,159.636
2026-06-01 01:37:45.605047+00:00,2467.77,72.59,99.5186,1.13016,159.55
2026-06-01 01:37:47.729521+00:00,2470.58,72.71,99.495,1.13034,159.388
2026-06-01 01:37:51.908003+00:00,2472.4,72.74,99.4691,1.12982,159.409
2026-06-01 01:37:56.027567+00:00,2468.67,72.65,99.5282,1.12956,159.526
2026-06-01 01:37:57.091130+00:00,2470.77,72.64,99.4682,1.12968,159.476
2026-06-01 01:37:58.155767+00:00,2473.25,72.67,99.4341,1.12947,159.483
2026-06-01 01:38:02.698688+00:00,2476.07,72.75,99.4058,1.12892,159.52
2026-06-01 01:38:07.082607+00:00,2477.6,72.8,99.394,1.12929,159.504
2026-06-01 01:38:11.621017+00:00,2478.02,72.86,99.3762,1.12987,159.665
2026-06-01 01:38:15.985983+00:00,2482.14,72.81,99.3189,1.12979,159.674
2026-06-01 01:38:17.859028+00:00,2479.92,72.88,99.3646,1.13024,159.764
2026-06-01 01:38:19.164552+00:00,2479.69,72.91,99.3968,1.13015,159.735
2026-06-01 01:38:23.994127+00:00,2484.01,72.93,99.3556,1.13,159.747
2026-06-01 01:38:25.551877+00:00,2486.11,73.09,99.3217,1.13081,159.778
2026-06-01 01:38:28.668265+00:00,2486.63,73.06,99.286,1.13075,159.765
2026-06-01 01:38:31.468477+00:00,2482.52,72.79,99.3235,1.13086,159.779
2026-06-01 01:38:35.710916+00:00,2481.47,72.71,99.333,1.1309,159.716
2026-06-01 01:38:37.497792+00:00,2482.59,72.71,99.3702,1.13087,159.701
2026-06-01 01:38:40.652324+00:00,2480.53,72.74,99.3661,1.1307,159.666
2026-06-01 01:38:44.664417+00:00,2476.13,72.63,99.4099,1.13079,159.792
2026-06-01 01:38:46.192449+00:00,2478.8,72.82,99.3826,1.13084,159.798
2026-06-01 01:38:47.549620+00:00,2482.94,72.89,99.3453,1.13058,159.845
2026-06-01 01:38:51.787095+00:00,2483.94,72.96,99.3004,1.13066,159.816
2026-06-01 01:38:55.974141+00:00,2491.71,73.13,99.1848,1.13113,159.795
2026-06-01 01:38:59.686401+00:00,2490.14,73.12,99.218,1.13116,159.814
2026-06-01 01:39:01.856405+00:00,2491.25,73.17,99.2298,1.1312,159.758
2026-06-01 01:39:04.816087+00:00,2491.84,73.03,99.1958,1.13153,159.881
2026-06-01 01:39:09.288184+00:00,2488.77,72.91,99.2253,1.13166,159.788
2026-06-01 01:39:14.014768+00:00,2485.67,72.82,99.233,1.13195,159.762
2026-06-01 01:39:15.825577+00:00,2485.01,72.78,99.2592,1.13165,159.662
2026-06-01 01:39:20.021398+00:00,2484.39,72.67,99.2379,1.13174,159.61
2026-06-01 01:39:23.459353+00:00,2481.81,72.52,99.301,1.13177,159.639
2026-06-01 01:39:26.116294+00:00,2478.42,72.43,99.3018,1.13192,159.508
2026-06-01 01:39:28.372719+00:00,2477.15,72.44,99.3,1.13219,159.596
2026-06-01 01:39:31.585069+00:00,2479.43,72.45,99.3394,1.1318,159.562
2026-06-01 01:39:35.356950+00:00,2482.74,72.55,99.323,1.13112,159.69
2026-06-01 01:39:36.541891+00:00,2483.72,72.39,99.3312,1.13095,159.741
2026-06-01 01:39:38.511110+00:00,2485.09,72.34,99.3177,1.13091,159.785
2026-06-01 01:39:43.158475+00:00,2487.96,72.32,99.2873,1.13182,159.918
2026-06-01 01:39:47.761317+00:00,2480.4,72.17,99.3694,1.13168,159.903
2026-06-01 01:39:50.664187+00:00,2480.68,72.3,99.3488,1.13139,159.996
2026-06-01 01:39:53.564100+00:00,2476.16,72.15,99.4345,1.13118,159.837
2026-06-01 01:39:58.080557+00:00,2475.28,72.17,99.4942,1.13168,159.858
2026-06-01 01:40:00.817025+00:00,2474.9,72.08,99.5047,1.13156,159.768
2026-06-01 01:40:04.543147+00:00,2473.55,72.1,99.5079,1.13115,159.652
2026-06-01 01:40:06.073775+00:00,2474.3,72.07,99.4893,1.13131,159.765
2026-06-01 01:40:07.678476+00:00,2472.5,72.09,99.4942,1.13133,159.768
2026-06-01 01:40:09.160054+00:00,2469.41,72.0,99.5414,1.13094,159.775
2026-06-01 01:40:13.723291+00:00,2475.43,72.19,99.4738,1.13112,159.745
2026-06-01 01:40:18.505416+00:00,2475.43,72.09,99.4555,1.13139,159.773
2026-06-01 01:40:21.390872+00:00,2476.84,72.15,99.451,1.13132,159.786
2026-06-01 01:40:24.728674+00:00,2481.66,72.28,99.398,1.13127,159.759
2026-06-01 01:40:26.554292+00:00,2481.77,72.28,99.3731,1.13133,159.81
2026-06-01 01:40:30.526933+00:00,2479.1,72.31,99.3789,1.13101,159.876
2026-06-01 01:40:33.914037+00:00,2476.75,72.21,99.3725,1.13109,159.851
2026-06-01 01:40:36.890465+00:00,2474.6,72.16,99.3764,1.13049,159.955
2026-06-01 01:40:39.423212+00:00,2473.28,72.06,99.3961,1.13007,159.972
2026-06-01 01:40:44.315908+00:00,2471.3,71.94,99.3982,1.1301,159.996
2026-06-01 01:40:45.666144+00:00,2469.28,71.95,99.3856,1.13012,159.93
2026-06-01 01:40:48.595855+00:00,2466.97,71.84,99.3898,1.13059,160.007
2026-06-01 01:40:53.590025+00:00,2460.46,71.74,99.4388,1.13112,160.06
2026-06-01 01:40:54.656856+00:00,2460.23,71.8,99.4015,1.13158,160.099
2026-06-01 01:40:58.815648+00:00,2459.11,71.91,99.4188,1.13179,160.072
2026-06-01 01:41:01.893357+00:00,2457.78,71.91,99.4141,1.13243,159.941
2026-06-01 01:41:06.027791+00:00,2458.61,71.88,99.4161,1.13217,159.876
2026-06-01 01:41:09.854470+00:00,2453.33,71.68,99.4699,1.13192,159.845
2026-06-01 01:41:14.559305+00:00,2452.23,71.61,99.4593,1.13197,159.934
2026-06-01 01:41:18.102345+00:00,2452.01,71.61,99.4117,1.13195,159.909
2026-06-01 01:41:19.246260+00:00,2448.9,71.52,99.4563,1.13234,159.845
2026-06-01 01:41:22.924103+00:00,2447.15,71.54,99.4717,1.1324,159.892
2026-06-01 01:41:25.497246+00:00,2447.24,71.5,99.4695,1.13234,159.993
2026-06-01 01:41:27.597781+00:00,2447.32,71.42,99.4639,1.13259,159.932
2026-06-01 01:41:28.876225+00:00,2449.94,71.42,99.435,1.13243,159.966
2026-06-01 01:41:30.307914+00:00,2454.52,71.59,99.3762,1.13246,159.959
2026-06-01 01:41:34.781966+00:00,2452.8,71.51,99.3808,1.13282,159.973
2026-06-01 01:41:37.700039+00:00,2453.82,71.37,99.4099,1.13255,159.996
2026-06-01 01:41:40.407363+00:00,2451.41,71.42,99.4614,1.13249,160.028
2026-06-01 01:41:45.159253+00:00,2453.58,71.28,99.4642,1.13227,159.854
2026-06-01 01:41:49.760983+00:00,2454.82,71.21,99.4877,1.1327,159.859
2026-06-01 01:41:53.439012+00:00,2453.36,71.16,99.4992,1.13274,159.894
2026-06-01 01:41:58.311977+00:00,2456.24,71.14,99.5242,1.13281,160.03
2026-06-01 01:42:00.521402+00:00,2453.41,71.03,99.5605,1.13325,160.066
2026-06-01 01:42:04.096915+00:00,2455.94,71.06,99.5214,1.13326,160.058
2026-06-01 01:42:07.655332+00:00,2454.92,70.97,99.5755,1.13329,160.114
2026-06-01 01:42:08.932521+00:00,2455.57,71.04,99.5942,1.13339,160.19
2026-06-01 01:42:11.015192+00:00,2457.82,71.1,99.5814,1.13368,160.092
2026-06-01 01:42:15.589247+00:00,2458.37,71.09,99.5969,1.13345,159.991
2026-06-01 01:42:16.606905+00:00,2458.98,71.01,99.5882,1.13353,160.034
2026-06-01 01:42:20.360620+00:00,2456.43,70.9,99.593,1.13312,160.064
2026-06-01 01:42:21.834415+00:00,2455.57,70.88,99.6115,1.13331,160.044
2026-06-01 01:42:23.698782+00:00,2456.42,70.72,99.6159,1.13338,160.094
2026-06-01 01:42:26.762300+00:00,2452.88,70.55,99.6663,1.13293,160.029
2026-06-01 01:42:31.461641+00:00,2453.68,70.53,99.6654,1.13327,160.091
2026-06-01 01:42:34.798589+00:00,2455.74,70.57,99.6241,1.13335,160.057
2026-06-01 01:42:36.567468+00:00,2455.41,70.63,99.642,1.13398,160.009
2026-06-01 01:42:39.601855+00:00,2451.59,70.45,99.6885,1.1334,159.946
2026-06-01 01:42:41.689582+00:00,2447.37,70.31,99.7322,1.13385,160.004
2026-06-01 01:42:46.230288+00:00,2443.99,70.21,99.7758,1.13386,160.026
2026-06-01 01:42:48.995646+00:00,2442.14,70.24,99.7795,1.13354,160.028
2026-06-01 01:42:50.077312+00:00,2437.47,70.14,99.8393,1.13355,160.048
2026-06-01 01:42:54.076967+00:00,2432.63,70.0,99.8868,1.13363,160.068
2026-06-01 01:42:56.811790+00:00,2430.41,70.01,99.911,1.13336,160.06
2026-06-01 01:43:00.923008+00:00,2431.37,70.11,99.8689,1.13346,160.023
2026-06-01 01:43:03.531864+00:00,2431.71,69.98,99.8926,1.13407,160.083
2026-06-01 01:43:04.921240+00:00,2427.03,69.83,99.9326,1.13417,159.991
2026-06-01 01:43:09.337669+00:00,2424.05,69.76,99.9955,1.13388,159.923
2026-06-01 01:43:11.217206+00:00,2421.98,69.68,100.0085,1.13378,159.868
2026-06-01 01:43:12.516393+00:00,2425.78,69.74,99.9948,1.13357,159.772
2026-06-01 01:43:17.253592+00:00,2428.51,69.76,99.9941,1.1336,159.837
2026-06-01 01:43:21.625666+00:00,2429.2,69.72,99.9793,1.13391,159.805
2026-06-01 01:43:23.860426+00:00,2429.26,69.8,99.9693,1.13353,159.794
2026-06-01 01:43:25.932538+00:00,2430.38,69.79,99.937,1.13427,159.749
2026-06-01 01:43:28.469855+00:00,2432.05,69.79,99.9224,1.13415,159.728
2026-06-01 01:43:33.366687+00:00,2427.9,69.74,99.9703,1.13454,159.779
2026-06-01 01:43:37.935079+00:00,2427.19,69.7,99.9397,1.13447,159.796
2026-06-01 01:43:40.167002+00:00,2432.26,69.76,99.8566,1.13442,159.865
2026-06-01 01:43:44.661427+00:00,2432.41,69.73,99.8745,1.1339,159.995
2026-06-01 01:43:48.607805+00:00,2430.56,69.64,99.9025,1.13384,160.021
2026-06-01 01:43:51.507396+00:00,2433.01,69.77,99.8925,1.13445,160.034
2026-06-01 01:43:55.872475+00:00,2436.36,69.81,99.8608,1.13464,160.038
2026-06-01 01:43:57.147295+00:00,2438.49,69.84,99.7867,1.13524,160.022
2026-06-01 01:44:01.066222+00:00,2435.27,69.76,99.7971,1.13501,159.976
2026-06-01 01:44:05.205071+00:00,2438.97,69.85,99.8006,1.1349,159.99
2026-06-01 01:44:08.419334+00:00,2439.46,69.86,99.8019,1.1353,160.002
2026-06-01 01:44:10.717747+00:00,2436.2,69.67,99.8362,1.13541,159.987
2026-06-01 01:44:14.408546+00:00,2437.4,69.71,99.802,1.13534,160.025
2026-06-01 01:44:18.453002+00:00,2441.27,69.86,99.7693,1.1353,160.12
2026-06-01 01:44:21.544931+00:00,2445.99,69.98,99.7774,1.13511,160.29
2026-06-01 01:44:25.104081+00:00,2449.56,70.01,99.7683,1.13562,160.212
2026-06-01 01:44:28.884830+00:00,2446.91,69.99,99.7539,1.13557,160.444
2026-06-01 01:44:33.878911+00:00,2449.86,70.15,99.7154,1.13548,160.464
2026-06-01 01:44:37.873961+00:00,2449.21,70.1,99.7076,1.13553,160.416
2026-06-01 01:44:40.291627+00:00,2447.19,70.1,99.7269,1.13611,160.369
2026-06-01 01:44:44.349048+00:00,2447.42,70.16,99.7025,1.13679,160.245
2026-06-01 01:44:49.331795+00:00,2452.05,70.32,99.6748,1.1371,160.195
2026-06-01 01:44:50.873762+00:00,2455.78,70.3,99.6961,1.13726,160.168
2026-06-01 01:44:55.776747+00:00,2453.36,70.1,99.7116,1.13719,160.092
2026-06-01 01:44:59.866895+00:00,2455.17,70.11,99.6797,1.13734,160.104
2026-06-01 01:45:03.981435+00:00,2453.62,70.06,99.675,1.13726,160.155
2026-06-01 01:45:08.775463+00:00,2454.96,70.15,99.6353,1.13696,160.142
2026-06-01 01:45:10.363741+00:00,2459.13,70.24,99.6184,1.13688,160.32
2026-06-01 01:45:13.381182+00:00,2456.81,70.19,99.6257,1.13663,160.527
2026-06-01 01:45:16.957692+00:00,2458.27,70.18,99.6017,1.137,160.405
2026-06-01 01:45:21.251849+00:00,2455.17,70.2,99.6254,1.13717,160.413
2026-06-01 01:45:24.498774+00:00,2456.89,70.34,99.5797,1.13751,160.357
2026-06-01 01:45:25.646030+00:00,2456.96,70.28,99.5505,1.13733,160.373
2026-06-01 01:45:30.429638+00:00,2454.77,70.09,99.5627,1.1377,160.434
2026-06-01 01:45:33.855487+00:00,2454.94,70.03,99.5947,1.13843,160.453
2026-06-01 01:45:37.754454+00:00,2460.99,70.12,99.5002,1.13838,160.637
2026-06-01 01:45:41.119922+00:00,2459.44,70.04,99.5283,1.13874,160.606
2026-06-01 01:45:42.397279+00:00,2453.47,70.03,99.595,1.13879,160.757
2026-06-01 01:45:44.856156+00:00,2458.61,70.17,99.522,1.13871,160.649
2026-06-01 01:45:48.698736+00:00,2452.98,70.14,99.5324,1.1394,160.599
2026-06-01 01:45:52.192961+00:00,2457.18,70.16,99.5031,1.13991,160.535
2026-06-01 01:45:55.280745+00:00,2455.45,70.13,99.5122,1.13981,160.402
2026-06-01 01:45:59.681306+00:00,2454.85,70.07,99.52,1.13951,160.361
2026-06-01 01:46:02.168132+00:00,2457.35,70.22,99.4759,1.13962,160.311
2026-06-01 01:46:03.744028+00:00,2456.56,70.16,99.49,1.1398,160.485
2026-06-01 01:46:05.886281+00:00,2455.28,70.27,99.4747,1.14051,160.605
2026-06-01 01:46:07.121914+00:00,2454.9,70.19,99.4868,1.14076,160.697
2026-06-01 01:46:12.094174+00:00,2457.41,70.43,99.4499,1.14024,160.594
2026-06-01 01:46:14.019858+00:00,2461.26,70.55,99.3921,1.14011,160.54
2026-06-01 01:46:17.779664+00:00,2462.49,70.61,99.3818,1.13998,160.434
2026-06-01 01:46:19.124617+00:00,2461.97,70.61,99.4516,1.13977,160.441
2026-06-01 01:46:20.284826+00:00,2458.54,70.51,99.4993,1.14008,160.373
2026-06-01 01:46:23.317468+00:00,2458.68,70.45,99.5073,1.14024,160.41
2026-06-01 01:46:28.021989+00:00,2458.73,70.43,99.4742,1.13973,160.407
2026-06-01 01:46:30.338796+00:00,2459.43,70.51,99.4625,1.13913,160.393
2026-06-01 01:46:31.560626+00:00,2464.42,70.49,99.4235,1.1389,160.452
2026-06-01 01:46:34.521380+00:00,2462.7,70.41,99.4411,1.13873,160.442
2026-06-01 01:46:37.175375+00:00,2460.33,70.34,99.4411,1.13909,160.434
2026-06-01 01:46:38.900911+00:00,2461.72,70.38,99.4565,1.13901,160.52
2026-06-01 01:46:40.387442+00:00,2462.72,70.41,99.4745,1.13928,160.493
2026-06-01 01:46:45.244897+00:00,2461.13,70.32,99.4697,1.13857,160.38
2026-06-01 01:46:49.495868+00:00,2465.66,70.59,99.4155,1.13858,160.271
2026-06-01 01:46:51.572882+00:00,2467.9,70.7,99.4178,1.13821,160.204
2026-06-01 01:46:54.381639+00:00,2467.23,70.76,99.4442,1.13813,160.329
2026-06-01 01:46:57.930507+00:00,2464.88,70.72,99.4532,1.13794,160.281
2026-06-01 01:47:01.735103+00:00,2470.8,70.83,99.4027,1.13775,160.287
2026-06-01 01:47:04.970031+00:00,2469.39,70.83,99.408,1.13771,160.279
2026-06-01 01:47:08.973175+00:00,2468.2,70.86,99.3793,1.13827,160.296
2026-06-01 01:47:12.654627+00:00,2470.71,70.85,99.34,1.13794,160.284
2026-06-01 01:47:17.038589+00:00,2472.0,70.95,99.2691,1.13783,160.38
2026-06-01 01:47:19.075848+00:00,2470.76,70.89,99.2112,1.13751,160.468
2026-06-01 01:47:23.788255+00:00,2468.85,70.69,99.1932,1.13794,160.522
2026-06-01 01:47:25.112864+00:00,2464.92,70.59,99.2051,1.13728,160.516
2026-06-01 01:47:29.891309+00:00,2467.18,70.7,99.1542,1.13732,160.502
2026-06-01 01:47:34.612807+00:00,2466.84,70.65,99.094,1.13774,160.534
2026-06-01 01:47:38.960527+00:00,2463.65,70.51,99.1269,1.1375,160.581
2026-06-01 01:47:41.614730+00:00,2460.49,70.54,99.1441,1.13747,160.641
2026-06-01 01:47:45.077042+00:00,2458.37,70.51,99.1305,1.13757,160.589
2026-06-01 01:47:47.611219+00:00,2461.31,70.6,99.0702,1.13756,160.505
2026-06-01 01:47:51.629785+00:00,2458.77,70.49,99.0919,1.13771,160.484
2026-06-01 01:47:55.712773+00:00,2455.35,70.44,99.1091,1.13826,160.476
2026-06-01 01:47:57.412435+00:00,2454.09,70.42,99.1079,1.13816,160.445
2026-06-01 01:47:59.474007+00:00,2456.73,70.46,99.1179,1.13839,160.535
2026-06-01 01:48:02.027046+00:00,2455.05,70.4,99.1439,1.13868,160.551
2026-06-01 01:48:06.465163+00:00,2456.81,70.53,99.135,1.13894,160.568
2026-06-01 01:48:09.714011+00:00,2457.79,70.59,99.1168,1.13851,160.611
2026-06-01 01:48:11.164206+00:00,2454.22,70.51,99.1364,1.13856,160.623
2026-06-01 01:48:13.867782+00:00,2452.85,70.4,99.2032,1.13854,160.539
2026-06-01 01:48:15.270287+00:00,2451.71,70.3,99.2025,1.13886,160.513
2026-06-01 01:48:18.090480+00:00,2454.55,70.37,99.2276,1.13829,160.457
2026-06-01 01:48:22.828369+00:00,2456.51,70.48,99.2578,1.13804,160.411
2026-06-01 01:48:27.701123+00:00,2453.63,70.53,99.2747,1.13803,160.477
2026-06-01 01:48:30.732865+00:00,2449.53,70.34,99.3154,1.13785,160.434
2026-06-01 01:48:35.560609+00:00,2450.47,70.34,99.3131,1.13758,160.493
2026-06-01 01:48:40.070698+00:00,2449.53,70.27,99.3115,1.13824,160.495
2026-06-01 01:48:41.318139+00:00,2447.73,70.16,99.3482,1.13805,160.6
2026-06-01 01:48:43.768351+00:00,2447.87,70.04,99.357,1.13855,160.619
2026-06-01 01:48:45.269792+00:00,2453.54,70.22,99.3242,1.13806,160.499
2026-06-01 01:48:48.618944+00:00,2452.51,70.05,99.3568,1.13826,160.661
2026-06-01 01:48:49.635481+00:00,2455.73,70.22,99.3334,1.13813,160.579
2026-06-01 01:48:53.888580+00:00,2454.34,70.2,99.3049,1.13808,160.588
2026-06-01 01:48:56.945620+00:00,2457.67,70.25,99.2676,1.13748,160.647
2026-06-01 01:48:59.903776+00:00,2456.51,70.29,99.2598,1.13769,160.753
2026-06-01 01:49:01.343946+00:00,2456.95,70.3,99.2011,1.13789,160.792
2026-06-01 01:49:04.365203+00:00,2449.79,70.17,99.2814,1.13796,160.77
2026-06-01 01:49:08.211004+00:00,2447.17,70.1,99.3222,1.13822,160.783
2026-06-01 01:49:10.412527+00:00,2449.69,70.08,99.2961,1.13829,160.828
2026-06-01 01:49:14.672738+00:00,2448.54,70.04,99.325,1.13799,160.917
2026-06-01 01:49:17.464586+00:00,2448.32,69.92,99.3891,1.13795,161.046
2026-06-01 01:49:20.908270+00:00,2446.57,69.93,99.4212,1.13835,161.015
2026-06-01 01:49:22.453379+00:00,2448.29,69.89,99.427,1.1383,161.037
2026-06-01 01:49:25.976793+00:00,2447.76,69.88,99.4244,1.13829,161.165
2026-06-01 01:49:30.884014+00:00,2450.8,69.89,99.3749,1.13898,161.093
2026-06-01 01:49:35.171039+00:00,2451.61,69.88,99.3487,1.13874,161.058
2026-06-01 01:49:36.356150+00:00,2451.38,69.83,99.3564,1.1388,161.116
2026-06-01 01:49:38.785087+00:00,2451.61,69.72,99.387,1.13882,161.118
2026-06-01 01:49:42.889291+00:00,2448.59,69.56,99.3895,1.13904,161.051
2026-06-01 01:49:47.842029+00:00,2443.74,69.43,99.4258,1.13902,161.137
2026-06-01 01:49:52.094704+00:00,2449.28,69.4,99.3686,1.13928,161.108
2026-06-01 01:49:56.836224+00:00,2451.84,69.57,99.3607,1.13967,161.083
2026-06-01 01:49:59.940476+00:00,2451.38,69.46,99.3898,1.13994,161.063
2026-06-01 01:50:01.645535+00:00,2454.16,69.43,99.368,1.13953,161.054
2026-06-01 01:50:03.978132+00:00,2455.24,69.5,99.3704,1.13974,160.999
2026-06-01 01:50:08.219126+00:00,2454.46,69.63,99.3308,1.13965,160.904
2026-06-01 01:50:09.743844+00:00,2452.72,69.55,99.3723,1.13975,160.874
2026-06-01 01:50:11.470918+00:00,2453.84,69.6,99.3507,1.13954,160.918
2026-06-01 01:50:15.954389+00:00,2453.72,69.68,99.3195,1.14,160.965
2026-06-01 01:50:20.204082+00:00,2450.34,69.56,99.3534,1.13996,160.883
2026-06-01 01:50:22.339498+00:00,2447.48,69.49,99.3941,1.14007,160.841
2026-06-01 01:50:27.212978+00:00,2450.88,69.58,99.3799,1.13992,160.627
2026-06-01 01:50:31.193851+00:00,2454.62,69.62,99.3166,1.13954,160.668
2026-06-01 01:50:33.251574+00:00,2455.28,69.62,99.3355,1.13969,160.738
2026-06-01 01:50:38.063651+00:00,2448.66,69.45,99.4163,1.14036,160.732
2026-06-01 01:50:39.690682+00:00,2445.05,69.47,99.4206,1.14139,160.681
2026-06-01 01:50:42.846846+00:00,2451.41,69.55,99.3594,1.14168,160.67
2026-06-01 01:50:47.719003+00:00,2454.59,69.65,99.3312,1.1413,160.671
2026-06-01 01:50:52.713949+00:00,2453.1,69.68,99.321,1.14088,160.652
2026-06-01 01:50:54.152241+00:00,2454.55,69.67,99.3479,1.14086,160.514
2026-06-01 01:50:55.721665+00:00,2455.68,69.7,99.304,1.14091,160.602
2026-06-01 01:50:58.421705+00:00,2459.96,69.88,99.2326,1.14053,160.469
2026-06-01 01:51:02.599221+00:00,2460.95,69.89,99.2065,1.14068,160.361
2026-06-01 01:51:06.984641+00:00,2457.82,69.89,99.2405,1.14043,160.203
2026-06-01 01:51:09.630953+00:00,2459.59,69.88,99.1751,1.13996,160.135
2026-06-01 01:51:12.908404+00:00,2457.76,69.88,99.1744,1.14075,160.011
2026-06-01 01:51:15.151963+00:00,2458.49,69.82,99.1685,1.14103,160.024
2026-06-01 01:51:19.256213+00:00,2459.78,69.86,99.1536,1.14137,160.072
2026-06-01 01:51:22.188055+00:00,2460.97,70.0,99.135,1.14116,160.281
2026-06-01 01:51:24.336891+00:00,2459.17,70.04,99.1119,1.14159,160.329
2026-06-01 01:51:27.150529+00:00,2459.41,70.07,99.1103,1.14156,160.376
2026-06-01 01:51:29.235875+00:00,2458.23,70.05,99.0971,1.14082,160.4
2026-06-01 01:51:32.172038+00:00,2452.12,69.78,99.1206,1.14098,160.39
2026-06-01 01:51:33.514556+00:00,2450.13,69.72,99.1327,1.14099,160.46
2026-06-01 01:51:37.943590+00:00,2452.46,69.66,99.0861,1.14098,160.406
2026-06-01 01:51:41.939496+00:00,2449.94,69.76,99.1048,1.141,160.312
2026-06-01 01:51:45.664112+00:00,2454.23,69.9,99.0918,1.14088,160.295
2026-06-01 01:51:48.816111+00:00,2459.47,69.87,99.047,1.1407,160.37
2026-06-01 01:51:51.871094+00:00,2458.72,69.92,99.0361,1.14085,160.421
2026-06-01 01:51:53.611403+00:00,2463.16,70.02,99.0114,1.14164,160.498
2026-06-01 01:51:55.535756+00:00,2464.3,70.06,99.0027,1.1424,160.447
2026-06-01 01:51:56.819591+00:00,2467.27,70.04,98.9617,1.14224,160.498
2026-06-01 01:52:00.018158+00:00,2466.5,70.15,98.9776,1.14281,160.522
2026-06-01 01:52:01.586112+00:00,2467.31,70.11,98.9782,1.14277,160.416
2026-06-01 01:52:02.945394+00:00,2467.28,70.1,98.9787,1.14323,160.357
2026-06-01 01:52:05.163968+00:00,2465.68,70.02,98.9739,1.14318,160.409
2026-06-01 01:52:07.326881+00:00,2465.46,70.13,98.9802,1.1429,160.509
2026-06-01 01:52:10.402094+00:00,2466.25,70.18,98.967,1.14311,160.53
2026-06-01 01:52:12.808883+00:00,2463.26,70.2,98.9666,1.1434,160.574
2026-06-01 01:52:17.358845+00:00,2463.62,70.19,98.9772,1.14337,160.71
2026-06-01 01:52:18.784567+00:00,2461.54,70.05,99.0098,1.14319,160.68
2026-06-01 01:52:20.381766+00:00,2460.39,69.93,98.9778,1.14337,160.524
2026-06-01 01:52:21.865400+00:00,2464.45,69.98,98.9752,1.14339,160.653
2026-06-01 01:52:25.048139+00:00,2460.77,69.95,99.0196,1.1436,160.62
2026-06-01 01:52:27.076958+00:00,2462.82,69.96,99.0589,1.14344,160.704
2026-06-01 01:52:28.527295+00:00,2464.14,69.99,99.0534,1.14351,160.736
2026-06-01 01:52:33.512836+00:00,2460.76,69.9,99.0978,1.14366,160.711
2026-06-01 01:52:37.126616+00:00,2459.09,69.82,99.1557,1.144,160.643
2026-06-01 01:52:39.912100+00:00,2464.0,69.97,99.1099,1.14334,160.631
2026-06-01 01:52:42.347956+00:00,2462.86,69.96,99.1225,1.14332,160.72
2026-06-01 01:52:45.551547+00:00,2463.81,69.99,99.1469,1.14341,160.686
2026-06-01 01:52:46.692627+00:00,2457.41,69.82,99.1986,1.14324,160.72
2026-06-01 01:52:47.764120+00:00,2455.06,69.83,99.2397,1.14288,160.745
2026-06-01 01:52:49.755766+00:00,2448.65,69.66,99.316,1.14264,160.688
2026-06-01 01:52:52.335918+00:00,2448.91,69.61,99.3514,1.14257,160.704
2026-06-01 01:52:53.551189+00:00,2448.48,69.67,99.3935,1.14233,160.795
2026-06-01 01:52:54.812866+00:00,2451.09,69.7,99.3704,1.14267,160.875
2026-06-01 01:52:58.726684+00:00,2455.47,69.8,99.2719,1.14214,160.851
2026-06-01 01:53:00.660897+00:00,2453.65,69.64,99.2917,1.14201,160.951
2026-06-01 01:53:04.111131+00:00,2452.71,69.61,99.3248,1.14232,160.954
2026-06-01 01:53:07.936625+00:00,2448.21,69.49,99.3781,1.14209,161.049
2026-06-01 01:53:09.904800+00:00,2447.35,69.46,99.413,1.14234,161.137
2026-06-01 01:53:13.804640+00:00,2444.04,69.34,99.4448,1.14231,161.105
2026-06-01 01:53:16.476383+00:00,2442.36,69.31,99.4748,1.14181,161.138
2026-06-01 01:53:20.147310+00:00,2445.82,69.37,99.449,1.1415,161.143
2026-06-01 01:53:21.166431+00:00,2441.22,69.28,99.4519,1.14151,161.236
2026-06-01 01:53:25.224699+00:00,2446.2,69.49,99.4016,1.14141,161.093
2026-06-01 01:53:29.584263+00:00,2449.35,69.7,99.3608,1.1411,161.124
2026-06-01 01:53:31.435194+00:00,2456.66,69.81,99.2801,1.14115,161.118
2026-06-01 01:53:32.537096+00:00,2460.7,69.78,99.2505,1.14111,161.127
2026-06-01 01:53:36.594270+00:00,2462.79,69.86,99.2252,1.14112,161.099
2026-06-01 01:53:37.692684+00:00,2458.45,69.88,99.2384,1.14113,161.101
2026-06-01 01:53:41.848227+00:00,2458.25,69.8,99.1995,1.14161,161.031
2026-06-01 01:53:42.992293+00:00,2459.41,69.72,99.2181,1.142,161.116
2026-06-01 01:53:45.431767+00:00,2455.31,69.64,99.2931,1.14176,161.085
2026-06-01 01:53:49.025170+00:00,2457.2,69.72,99.2608,1.1416,161.108
2026-06-01 01:53:52.063304+00:00,2460.32,69.81,99.1999,1.14226,161.126
2026-06-01 01:53:54.264106+00:00,2463.26,69.89,99.1351,1.14155,161.229
2026-06-01 01:53:58.481635+00:00,2463.81,69.81,99.1119,1.14193,161.371
2026-06-01 01:54:01.391609+00:00,2463.07,69.78,99.125,1.14259,161.342
2026-06-01 01:54:02.930804+00:00,2466.83,69.87,99.1124,1.14271,161.341
2026-06-01 01:54:06.968237+00:00,2471.92,70.05,98.9914,1.14289,161.364
2026-06-01 01:54:11.149639+00:00,2472.63,70.07,99.0029,1.14282,161.486
2026-06-01 01:54:12.714139+00:00,2475.38,70.16,98.9997,1.14319,161.484
2026-06-01 01:54:13.876646+00:00,2478.28,70.37,98.989,1.143,161.671
2026-06-01 01:54:18.523126+00:00,2473.65,70.17,99.0858,1.14311,161.616
2026-06-01 01:54:23.405766+00:00,2472.28,70.13,99.0842,1.14288,161.644
2026-06-01 01:54:24.534513+00:00,2472.31,70.05,99.0758,1.14308,161.707
2026-06-01 01:54:29.158495+00:00,2475.62,70.16,99.1095,1.14417,161.577
2026-06-01 01:54:32.404779+00:00,2470.03,70.04,99.1704,1.14443,161.562
2026-06-01 01:54:33.833671+00:00,2467.75,69.98,99.2048,1.14429,161.546
2026-06-01 01:54:35.419668+00:00,2469.13,70.1,99.1666,1.14392,161.576
2026-06-01 01:54:37.660898+00:00,2469.34,70.22,99.1898,1.14373,161.698
2026-06-01 01:54:39.107472+00:00,2464.49,69.99,99.2771,1.14342,161.699
2026-06-01 01:54:42.506172+00:00,2462.28,70.07,99.2961,1.14417,161.676
2026-06-01 01:54:46.215246+00:00,2464.46,70.15,99.2381,1.14472,161.697
2026-06-01 01:54:49.759991+00:00,2457.74,69.94,99.3158,1.14502,161.68
2026-06-01 01:54:53.884954+00:00,2457.24,69.82,99.3383,1.14517,161.665
2026-06-01 01:54:57.687575+00:00,2458.5,69.89,99.297,1.1454,161.751
2026-06-01 01:55:02.317049+00:00,2460.12,69.9,99.3021,1.14545,161.669
2026-06-01 01:55:05.586356+00:00,2460.55,69.98,99.2671,1.14532,161.688
2026-06-01 01:55:07.809483+00:00,2459.41,69.94,99.273,1.1458,161.711
2026-06-01 01:55:09.828274+00:00,2462.73,70.08,99.2627,1.14572,161.606
2026-06-01 01:55:11.346461+00:00,2464.6,70.12,99.1852,1.14604,161.685
2026-06-01 01:55:12.442662+00:00,2465.04,70.14,99.1776,1.1465,161.593
2026-06-01 01:55:14.890418+00:00,2464.84,70.08,99.1824,1.14697,161.696
2026-06-01 01:55:19.368322+00:00,2464.96,70.04,99.1612,1.14699,161.664
2026-06-01 01:55:23.978193+00:00,2470.13,70.22,99.1211,1.14703,161.872
2026-06-01 01:55:27.824836+00:00,2467.15,70.08,99.1771,1.14733,161.836
2026-06-01 01:55:32.505157+00:00,2466.57,70.05,99.2278,1.14733,161.882
2026-06-01 01:55:34.281612+00:00,2466.78,70.06,99.1924,1.14752,161.948
2026-06-01 01:55:36.569534+00:00,2470.21,70.13,99.1908,1.14785,162.062
2026-06-01 01:55:40.538853+00:00,2473.96,70.26,99.16,1.14748,161.981
2026-06-01 01:55:42.032400+00:00,2470.59,70.14,99.1672,1.14755,161.98
2026-06-01 01:55:45.517990+00:00,2476.02,70.26,99.1152,1.1478,161.988
2026-06-01 01:55:50.025218+00:00,2474.56,70.21,99.1159,1.1481,162.034
2026-06-01 01:55:51.673267+00:00,2480.19,70.37,99.0526,1.14777,161.996
2026-06-01 01:55:55.206870+00:00,2475.63,70.25,99.1021,1.14791,161.973
2026-06-01 01:55:58.632025+00:00,2474.62,70.3,99.1126,1.1479,161.842
2026-06-01 01:56:02.303693+00:00,2475.09,70.29,99.0939,1.14873,161.751
2026-06-01 01:56:05.660904+00:00,2473.43,70.2,99.0892,1.14898,161.858
2026-06-01 01:56:08.728359+00:00,2471.43,70.21,99.1077,1.14908,161.886
2026-06-01 01:56:10.386805+00:00,2471.37,70.19,99.1293,1.14987,161.906
2026-06-01 01:56:12.391545+00:00,2471.76,70.15,99.1417,1.15005,161.88
2026-06-01 01:56:13.862227+00:00,2474.25,70.14,99.1189,1.15015,161.961
2026-06-01 01:56:18.109910+00:00,2476.41,70.17,99.0912,1.1503,162.005
2026-06-01 01:56:22.524173+00:00,2477.21,70.26,99.0659,1.15118,162.071
2026-06-01 01:56:24.450714+00:00,2474.61,70.24,99.0895,1.15069,161.997
2026-06-01 01:56:26.774292+00:00,2474.19,70.18,99.0811,1.15063,161.949
2026-06-01 01:56:29.586291+00:00,2471.39,70.18,99.0768,1.15047,161.982
2026-06-01 01:56:33.778404+00:00,2470.07,70.02,99.0888,1.15052,161.949
2026-06-01 01:56:34.929114+00:00,2467.52,69.98,99.1186,1.15111,162.01
2026-06-01 01:56:37.836124+00:00,2468.18,69.98,99.1197,1.15158,161.947
2026-06-01 01:56:41.713482+00:00,2469.69,70.01,99.1087,1.15102,161.777
2026-06-01 01:56:43.034088+00:00,2475.55,70.11,99.051,1.15071,161.757
2026-06-01 01:56:47.955533+00:00,2471.65,69.9,99.0443,1.15109,161.687
2026-06-01 01:56:50.103408+00:00,2474.23,69.94,99.0195,1.15116,161.661
2026-06-01 01:56:54.207122+00:00,2479.58,70.13,98.9382,1.15103,161.668
2026-06-01 01:56:57.509089+00:00,2478.98,70.04,98.9474,1.15086,161.559
2026-06-01 01:57:00.293177+00:00,2476.67,69.91,98.9819,1.15054,161.431
2026-06-01 01:57:05.114811+00:00,2480.94,69.98,98.9264,1.15107,161.483
2026-06-01 01:57:09.590213+00:00,2483.4,70.07,98.8973,1.15091,161.482
2026-06-01 01:57:14.261579+00:00,2482.45,69.94,98.923,1.15104,161.473
2026-06-01 01:57:17.533563+00:00,2483.34,69.92,98.9174,1.15126,161.44
2026-06-01 01:57:21.799632+00:00,2481.71,69.84,98.9623,1.15139,161.447
2026-06-01 01:57:25.639245+00:00,2480.23,69.74,98.9741,1.15168,161.484
2026-06-01 01:57:29.803269+00:00,2473.67,69.57,99.0387,1.15176,161.35
2026-06-01 01:57:32.314210+00:00,2465.37,69.4,99.056,1.15149,161.208
2026-06-01 01:57:33.629454+00:00,2467.04,69.37,99.0581,1.15181,161.216
2026-06-01 01:57:37.056116+00:00,2467.63,69.39,99.0672,1.15178,161.195
2026-06-01 01:57:40.269459+00:00,2469.76,69.54,99.0163,1.1523,161.238
2026-06-01 01:57:44.586308+00:00,2467.94,69.43,99.0427,1.15216,161.235
2026-06-01 01:57:45.722186+00:00,2471.08,69.41,98.9906,1.15227,161.268
2026-06-01 01:57:48.497482+00:00,2471.22,69.43,98.9953,1.15205,161.256
2026-06-01 01:57:53.494843+00:00,2471.88,69.47,99.0029,1.1523,161.327
2026-06-01 01:57:55.125303+00:00,2472.6,69.52,99.0079,1.15206,161.281
2026-06-01 01:57:59.894180+00:00,2471.19,69.4,99.0268,1.1522,161.183
2026-06-01 01:58:03.370603+00:00,2470.48,69.39,99.0096,1.15175,161.23
2026-06-01 01:58:05.890205+00:00,2466.37,69.27,99.0498,1.15186,161.36
2026-06-01 01:58:10.576957+00:00,2463.33,68.98,99.122,1.15118,161.555
2026-06-01 01:58:12.787382+00:00,2463.88,69.03,99.1219,1.15108,161.497
2026-06-01 01:58:16.841338+00:00,2465.57,69.03,99.1062,1.15079,161.478
2026-06-01 01:58:20.519734+00:00,2465.25,69.01,99.1305,1.15075,161.457
2026-06-01 01:58:23.944696+00:00,2465.43,68.93,99.1412,1.15086,161.324
2026-06-01 01:58:25.814598+00:00,2471.83,69.0,99.0626,1.15096,161.221
2026-06-01 01:58:29.421303+00:00,2474.97,69.2,99.0028,1.15094,161.325
2026-06-01 01:58:33.040363+00:00,2474.56,69.26,98.9984,1.15053,161.219
2026-06-01 01:58:34.953847+00:00,2476.63,69.37,98.9727,1.15006,161.043
2026-06-01 01:58:38.809541+00:00,2484.81,69.58,98.8901,1.14959,160.988
2026-06-01 01:58:41.030457+00:00,2490.23,69.65,98.8112,1.14944,160.97
2026-06-01 01:58:44.810606+00:00,2495.51,69.71,98.7463,1.14955,160.878
2026-06-01 01:58:48.043260+00:00,2498.04,69.75,98.7157,1.14939,160.756
2026-06-01 01:58:51.416528+00:00,2498.17,69.68,98.755,1.14969,160.624
2026-06-01 01:58:53.947294+00:00,2492.54,69.67,98.8222,1.15027,160.632
2026-06-01 01:58:57.645078+00:00,2490.72,69.68,98.8215,1.15021,160.763
2026-06-01 01:58:59.093280+00:00,2492.01,69.56,98.8755,1.15011,160.824
2026-06-01 01:59:03.405890+00:00,2493.84,69.68,98.864,1.14988,160.776
2026-06-01 01:59:06.709043+00:00,2493.95,69.78,98.8736,1.14988,160.829
2026-06-01 01:59:08.930975+00:00,2488.04,69.66,98.9534,1.14997,160.948
2026-06-01 01:59:12.674777+00:00,2489.88,69.72,98.9328,1.14984,161.073
2026-06-01 01:59:13.909470+00:00,2487.46,69.69,98.9565,1.14968,161.074
2026-06-01 01:59:15.496521+00:00,2489.15,69.67,98.9522,1.14984,161.158
2026-06-01 01:59:17.192880+00:00,2493.7,69.81,98.9124,1.15003,161.121
2026-06-01 01:59:18.966284+00:00,2491.06,69.76,98.9337,1.15003,161.043
2026-06-01 01:59:21.458838+00:00,2489.57,69.67,98.9596,1.15021,161.219
2026-06-01 01:59:23.514703+00:00,2488.19,69.9,98.9017,1.15016,161.137
2026-06-01 01:59:26.986829+00:00,2486.7,69.71,98.9189,1.15058,161.079
2026-06-01 01:59:31.208996+00:00,2483.04,69.59,98.9454,1.15019,161.125
2026-06-01 01:59:34.943357+00:00,2483.53,69.57,98.9274,1.14988,161.145
2026-06-01 01:59:39.671780+00:00,2487.41,69.59,98.8887,1.14984,161.14
2026-06-01 01:59:42.987659+00:00,2489.55,69.62,98.8704,1.15058,161.24
2026-06-01 01:59:47.592260+00:00,2492.01,69.61,98.865,1.15065,161.201
2026-06-01 01:59:50.140202+00:00,2490.41,69.67,98.8828,1.15074,161.205
2026-06-01 01:59:51.668831+00:00,2486.37,69.53,98.8853,1.15045,161.233
2026-06-01 01:59:55.202490+00:00,2488.47,69.68,98.8428,1.15043,161.236
2026-06-01 01:59:56.282929+00:00,2491.57,69.77,98.7747,1.15014,161.327
2026-06-01 01:59:58.882811+00:00,2487.78,69.66,98.8185,1.14988,161.481
2026-06-01 02:00:03.757138+00:00,2491.46,69.77,98.761,1.14995,161.435
2026-06-01 02:00:07.034242+00:00,2493.41,69.76,98.7396,1.1495,161.451
2026-06-01 02:00:09.560265+00:00,2491.81,69.6,98.7728,1.14916,161.461
2026-06-01 02:00:12.463058+00:00,2492.98,69.59,98.8183,1.14937,161.578
2026-06-01 02:00:17.343445+00:00,2492.95,69.66,98.8395,1.14958,161.559
2026-06-01 02:00:18.422785+00:00,2493.93,69.74,98.8295,1.14934,161.496
2026-06-01 02:00:20.518325+00:00,2495.19,69.86,98.8127,1.14918,161.623
2026-06-01 02:00:25.172386+00:00,2493.34,69.78,98.8121,1.14975,161.705
2026-06-01 02:00:29.834338+00:00,2491.27,69.64,98.8696,1.14946,161.614
2026-06-01 02:00:32.598748+00:00,2490.26,69.59,98.8784,1.14964,161.59
2026-06-01 02:00:34.549106+00:00,2489.93,69.59,98.8598,1.14946,161.549
2026-06-01 02:00:36.481773+00:00,2489.33,69.6,98.8599,1.14907,161.543
2026-06-01 02:00:39.426075+00:00,2493.94,69.74,98.7948,1.14906,161.514
2026-06-01 02:00:41.419460+00:00,2497.6,69.88,98.7692,1.14939,161.644
2026-06-01 02:00:43.354498+00:00,2503.84,70.06,98.7136,1.14971,161.705
2026-06-01 02:00:47.254399+00:00,2507.93,70.23,98.6404,1.14991,161.695
2026-06-01 02:00:51.814030+00:00,2507.72,70.32,98.6273,1.14998,161.853
2026-06-01 02:00:53.911496+00:00,2507.23,70.3,98.6396,1.15077,161.865
2026-06-01 02:00:57.888644+00:00,2507.97,70.24,98.6217,1.15054,161.774
2026-06-01 02:01:01.285019+00:00,2502.95,70.11,98.6953,1.15078,161.826
2026-06-01 02:01:04.863617+00:00,2501.73,70.15,98.7266,1.15095,161.734
2026-06-01 02:01:07.397342+00:00,2506.63,70.25,98.6807,1.15091,161.708
2026-06-01 02:01:09.451998+00:00,2506.54,70.24,98.7082,1.15106,161.648
2026-06-01 02:01:13.288874+00:00,2504.71,70.2,98.7555,1.15176,161.719
2026-06-01 02:01:15.344953+00:00,2503.61,70.22,98.7335,1.15235,161.601
2026-06-01 02:01:19.065254+00:00,2503.76,70.25,98.7323,1.15273,161.602
2026-06-01 02:01:22.305741+00:00,2505.15,70.32,98.7265,1.15286,161.568
2026-06-01 02:01:26.304509+00:00,2505.68,70.23,98.7132,1.1531,161.54
2026-06-01 02:01:27.998222+00:00,2503.51,70.05,98.7493,1.1529,161.524
2026-06-01 02:01:30.326538+00:00,2502.11,70.0,98.792,1.15272,161.696
2026-06-01 02:01:33.016727+00:00,2495.46,69.99,98.8549,1.15286,161.735
2026-06-01 02:01:36.335743+00:00,2497.42,69.96,98.8512,1.15311,161.853
2026-06-01 02:01:41.179002+00:00,2502.54,70.0,98.8309,1.15278,161.886
2026-06-01 02:01:45.703608+00:00,2501.51,70.04,98.8404,1.15298,161.829
2026-06-01 02:01:48.910704+00:00,2500.31,70.01,98.8402,1.15364,161.815
2026-06-01 02:01:53.075302+00:00,2496.43,69.9,98.8977,1.15351,161.748
2026-06-01 02:01:57.869383+00:00,2501.7,69.91,98.8438,1.15395,161.767
2026-06-01 02:02:00.908116+00:00,2498.34,69.79,98.8976,1.15395,161.643
2026-06-01 02:02:03.008902+00:00,2499.63,69.78,98.8631,1.15361,161.734
2026-06-01 02:02:06.740084+00:00,2500.95,69.82,98.8593,1.15347,161.724
2026-06-01 02:02:11.667076+00:00,2505.73,69.82,98.8176,1.15378,161.877
2026-06-01 02:02:14.691890+00:00,2509.65,70.03,98.763,1.15417,161.944
2026-06-01 02:02:18.015001+00:00,2507.06,70.02,98.7971,1.1541,161.829
2026-06-01 02:02:19.696690+00:00,2509.23,70.0,98.7675,1.15418,161.792
2026-06-01 02:02:21.130754+00:00,2507.38,70.1,98.7647,1.15382,161.607
2026-06-01 02:02:22.349375+00:00,2510.85,70.18,98.7483,1.15414,161.629
2026-06-01 02:02:23.693355+00:00,2509.83,70.2,98.7805,1.15413,161.75
2026-06-01 02:02:25.831200+00:00,2511.37,70.39,98.7991,1.15474,161.695
2026-06-01 02:02:27.639422+00:00,2517.19,70.53,98.6886,1.15487,161.617
2026-06-01 02:02:31.601789+00:00,2517.08,70.69,98.6844,1.15569,161.544
2026-06-01 02:02:36.198945+00:00,2519.26,70.82,98.6232,1.15555,161.511
2026-06-01 02:02:39.066191+00:00,2515.54,70.72,98.6496,1.15598,161.54
2026-06-01 02:02:42.168365+00:00,2517.08,70.78,98.6261,1.15612,161.48
2026-06-01 02:02:43.448573+00:00,2519.07,70.79,98.6051,1.15615,161.446
2026-06-01 02:02:46.009279+00:00,2516.51,70.72,98.6403,1.15626,161.526
2026-06-01 02:02:47.847603+00:00,2517.31,70.64,98.6038,1.15605,161.475
2026-06-01 02:02:49.354969+00:00,2521.13,70.87,98.5568,1.15662,161.605
2026-06-01 02:02:51.762734+00:00,2521.18,70.94,98.5595,1.1566,161.563
2026-06-01 02:02:54.960846+00:00,2515.14,70.73,98.6052,1.15677,161.456
2026-06-01 02:02:58.552870+00:00,2517.95,70.76,98.5771,1.15638,161.521
2026-06-01 02:03:00.251086+00:00,2518.87,70.81,98.556,1.15588,161.602
2026-06-01 02:03:04.547400+00:00,2520.21,70.89,98.5574,1.15629,161.564
2026-06-01 02:03:06.547275+00:00,2514.9,70.76,98.6274,1.15606,161.525
2026-06-01 02:03:10.828087+00:00,2512.8,70.72,98.6174,1.15646,161.52
2026-06-01 02:03:13.335150+00:00,2518.15,71.01,98.5686,1.15634,161.496
2026-06-01 02:03:14.932804+00:00,2514.81,70.94,98.5932,1.15581,161.68
2026-06-01 02:03:18.984691+00:00,2514.32,70.88,98.5927,1.15571,161.686
2026-06-01 02:03:20.906262+00:00,2515.32,70.9,98.6041,1.15573,161.711
2026-06-01 02:03:25.400077+00:00,2515.94,70.91,98.6051,1.15569,161.709
2026-06-01 02:03:26.487622+00:00,2516.09,70.87,98.6164,1.156,161.854
2026-06-01 02:03:30.673458+00:00,2515.37,70.69,98.6476,1.15552,161.784
2026-06-01 02:03:35.630348+00:00,2515.67,70.67,98.6253,1.15579,161.718
2026-06-01 02:03:37.013146+00:00,2515.23,70.72,98.6406,1.15518,161.805
2026-06-01 02:03:38.144291+00:00,2514.01,70.61,98.6631,1.15609,161.822
2026-06-01 02:03:40.498190+00:00,2512.66,70.48,98.7023,1.15622,161.747
2026-06-01 02:03:43.835754+00:00,2510.12,70.47,98.7067,1.15663,161.746
2026-06-01 02:03:47.544505+00:00,2507.27,70.53,98.7039,1.1564,161.827
2026-06-01 02:03:49.277410+00:00,2507.07,70.62,98.7145,1.15653,161.785
2026-06-01 02:03:54.070582+00:00,2506.31,70.49,98.7514,1.15715,161.774
2026-06-01 02:03:55.528288+00:00,2508.71,70.66,98.7686,1.15657,161.756
2026-06-01 02:03:57.822016+00:00,2509.6,70.82,98.783,1.15631,161.749
2026-06-01 02:03:59.261075+00:00,2507.53,70.75,98.8211,1.15602,161.553
2026-06-01 02:04:01.325355+00:00,2502.27,70.6,98.8694,1.15567,161.465
2026-06-01 02:04:03.306288+00:00,2498.7,70.49,98.8822,1.15593,161.395
2026-06-01 02:04:07.522616+00:00,2497.28,70.53,98.8868,1.15632,161.312
2026-06-01 02:04:09.826748+00:00,2496.62,70.44,98.884,1.15695,161.253
2026-06-01 02:04:13.428141+00:00,2494.94,70.33,98.8692,1.15681,161.228
2026-06-01 02:04:16.554152+00:00,2492.62,70.27,98.8829,1.15636,161.207
2026-06-01 02:04:19.763670+00:00,2492.64,70.31,98.8411,1.1567,161.242
2026-06-01 02:04:21.357965+00:00,2494.17,70.3,98.8243,1.1572,161.391
2026-06-01 02:04:25.907394+00:00,2492.35,70.32,98.8404,1.15742,161.457
2026-06-01 02:04:28.973006+00:00,2491.48,70.28,98.83,1.1571,161.413
2026-06-01 02:04:31.086416+00:00,2495.11,70.4,98.8082,1.15727,161.441
2026-06-01 02:04:35.015064+00:00,2496.84,70.33,98.7776,1.15694,161.534
2026-06-01 02:04:36.739452+00:00,2498.86,70.56,98.7273,1.15731,161.579
2026-06-01 02:04:38.430563+00:00,2503.01,70.57,98.6796,1.15751,161.569
2026-06-01 02:04:40.340504+00:00,2504.79,70.58,98.6357,1.1574,161.591
2026-06-01 02:04:41.341309+00:00,2498.89,70.3,98.6786,1.15784,161.506
2026-06-01 02:04:44.440351+00:00,2504.06,70.45,98.6575,1.15816,161.406
2026-06-01 02:04:45.735168+00:00,2500.09,70.37,98.7227,1.15799,161.428
2026-06-01 02:04:50.531838+00:00,2500.48,70.38,98.6981,1.15811,161.449
2026-06-01 02:04:55.129994+00:00,2500.2,70.42,98.7216,1.15777,161.463
2026-06-01 02:04:58.628335+00:00,2498.04,70.29,98.7708,1.15806,161.559
2026-06-01 02:05:00.033097+00:00,2500.62,70.34,98.7711,1.15803,161.461
2026-06-01 02:05:01.405472+00:00,2503.56,70.52,98.7431,1.15805,161.585
2026-06-01 02:05:04.294489+00:00,2498.98,70.35,98.7424,1.15837,161.549
2026-06-01 02:05:06.930260+00:00,2501.92,70.46,98.7036,1.15813,161.562
2026-06-01 02:05:09.782343+00:00,2504.41,70.47,98.6498,1.15822,161.526
2026-06-01 02:05:12.082420+00:00,2504.08,70.44,98.6547,1.15844,161.685
2026-06-01 02:05:13.184249+00:00,2507.99,70.44,98.5978,1.15846,161.758
2026-06-01 02:05:17.545142+00:00,2511.33,70.31,98.5988,1.1586,161.644
2026-06-01 02:05:18.699445+00:00,2513.56,70.39,98.5941,1.15877,161.537
2026-06-01 02:05:21.767479+00:00,2511.48,70.42,98.623,1.15836,161.491
2026-06-01 02:05:25.955580+00:00,2508.77,70.39,98.6374,1.15861,161.58
2026-06-01 02:05:30.883329+00:00,2510.53,70.57,98.6307,1.15918,161.574
2026-06-01 02:05:32.705768+00:00,2507.57,70.44,98.6503,1.15949,161.682
2026-06-01 02:05:37.318366+00:00,2506.37,70.4,98.6491,1.15977,161.717
2026-06-01 02:05:42.224717+00:00,2507.27,70.45,98.6539,1.1595,161.793
2026-06-01 02:05:44.780626+00:00,2507.58,70.49,98.6502,1.1599,161.718
2026-06-01 02:05:46.566868+00:00,2511.22,70.55,98.5975,1.15958,161.589
2026-06-01 02:05:50.634836+00:00,2515.38,70.48,98.5557,1.15986,161.592
2026-06-01 02:05:53.161367+00:00,2517.59,70.5,98.5236,1.15906,161.51
2026-06-01 02:05:55.723744+00:00,2521.58,70.67,98.5014,1.1583,161.467
2026-06-01 02:05:58.350447+00:00,2527.06,70.86,98.4546,1.15787,161.471
2026-06-01 02:06:01.571834+00:00,2529.01,70.88,98.4516,1.15792,161.508
2026-06-01 02:06:05.718633+00:00,2529.97,70.85,98.4571,1.15737,161.642
2026-06-01 02:06:09.042348+00:00,2524.36,70.79,98.5106,1.15693,161.681
2026-06-01 02:06:13.543644+00:00,2524.42,70.75,98.505,1.15676,161.877
2026-06-01 02:06:17.673484+00:00,2523.49,70.7,98.5441,1.15621,161.911
2026-06-01 02:06:18.790738+00:00,2521.36,70.62,98.5545,1.15593,161.938
2026-06-01 02:06:19.985207+00:00,2526.27,70.64,98.4837,1.15586,161.917
2026-06-01 02:06:24.868569+00:00,2527.15,70.78,98.4762,1.15548,162.013
2026-06-01 02:06:27.105662+00:00,2530.89,70.85,98.4482,1.15543,161.86
2026-06-01 02:06:30.638203+00:00,2533.54,70.99,98.4142,1.15553,161.886
2026-06-01 02:06:33.830559+00:00,2534.02,71.0,98.4129,1.15581,161.987
2026-06-01 02:06:35.797097+00:00,2531.94,70.92,98.4212,1.15528,161.995
2026-06-01 02:06:39.393129+00:00,2533.16,70.96,98.4123,1.15579,161.969
2026-06-01 02:06:42.377848+00:00,2530.07,71.01,98.4211,1.15604,162.066
2026-06-01 02:06:44.326833+00:00,2524.39,70.89,98.4827,1.15584,162.026
2026-06-01 02:06:47.445966+00:00,2523.3,70.83,98.4827,1.15627,161.938
2026-06-01 02:06:48.463395+00:00,2520.17,70.69,98.5238,1.15626,161.961
2026-06-01 02:06:53.385664+00:00,2519.48,70.59,98.5304,1.15551,162.059
2026-06-01 02:06:55.780929+00:00,2519.9,70.61,98.5435,1.15553,162.095
2026-06-01 02:06:59.234645+00:00,2516.16,70.54,98.5555,1.15605,162.131
2026-06-01 02:07:04.119054+00:00,2514.08,70.5,98.5724,1.15617,162.143
2026-06-01 02:07:05.587300+00:00,2508.11,70.38,98.6217,1.15606,162.245
2026-06-01 02:07:09.960258+00:00,2509.65,70.45,98.6408,1.15567,162.253
2026-06-01 02:07:11.456136+00:00,2513.3,70.58,98.5743,1.15636,162.198
2026-06-01 02:07:14.263727+00:00,2507.77,70.27,98.609,1.15727,162.175
2026-06-01 02:07:18.066265+00:00,2504.17,70.11,98.6653,1.15698,162.203
2026-06-01 02:07:22.645038+00:00,2504.21,70.06,98.6934,1.1569,162.166
2026-06-01 02:07:23.907520+00:00,2501.45,70.13,98.7021,1.15619,162.082
2026-06-01 02:07:28.341424+00:00,2503.73,70.19,98.6947,1.15594,162.137
2026-06-01 02:07:29.531622+00:00,2502.74,70.11,98.7068,1.15625,162.202
2026-06-01 02:07:32.716631+00:00,2501.9,70.22,98.7204,1.15614,162.158
2026-06-01 02:07:33.906371+00:00,2504.85,70.28,98.6893,1.15628,162.16
2026-06-01 02:07:38.711183+00:00,2509.57,70.4,98.6779,1.1563,162.22
2026-06-01 02:07:40.410634+00:00,2513.49,70.54,98.6576,1.15701,162.185
2026-06-01 02:07:42.020666+00:00,2512.97,70.5,98.62,1.15751,162.111
2026-06-01 02:07:46.300387+00:00,2511.93,70.56,98.5966,1.15714,162.133
2026-06-01 02:07:49.579696+00:00,2509.56,70.52,98.6301,1.15687,162.062
2026-06-01 02:07:52.409660+00:00,2510.36,70.63,98.6053,1.15679,162.16
2026-06-01 02:07:56.620642+00:00,2514.57,70.72,98.5515,1.15661,162.108
2026-06-01 02:08:01.083480+00:00,2517.09,70.65,98.5709,1.15643,162.141
2026-06-01 02:08:05.530422+00:00,2521.8,70.74,98.535,1.1564,162.188
2026-06-01 02:08:07.031394+00:00,2522.36,70.63,98.5182,1.15593,162.19
2026-06-01 02:08:11.292576+00:00,2517.65,70.44,98.5896,1.15561,162.096
2026-06-01 02:08:16.086940+00:00,2520.35,70.45,98.5785,1.15608,162.171
2026-06-01 02:08:17.430671+00:00,2520.94,70.52,98.5362,1.15589,162.289
2026-06-01 02:08:21.830360+00:00,2525.01,70.47,98.4709,1.15568,162.282
2026-06-01 02:08:23.774766+00:00,2521.54,70.51,98.5128,1.15577,162.21
2026-06-01 02:08:24.829368+00:00,2515.94,70.28,98.5598,1.15593,162.141
2026-06-01 02:08:25.851503+00:00,2518.12,70.43,98.5677,1.15589,162.205
2026-06-01 02:08:30.107956+00:00,2519.55,70.63,98.514,1.15573,162.184
2026-06-01 02:08:34.273079+00:00,2519.26,70.63,98.5119,1.15583,162.22
2026-06-01 02:08:37.046295+00:00,2519.32,70.69,98.5382,1.156,162.3
2026-06-01 02:08:40.400115+00:00,2524.79,70.84,98.5077,1.15571,162.286
2026-06-01 02:08:44.776389+00:00,2524.62,70.76,98.5381,1.15525,162.165
2026-06-01 02:08:47.929258+00:00,2523.43,70.67,98.5266,1.15501,162.172
2026-06-01 02:08:50.070307+00:00,2521.3,70.62,98.5619,1.15554,162.19
2026-06-01 02:08:51.752897+00:00,2521.81,70.68,98.56,1.15602,162.05
2026-06-01 02:08:55.781915+00:00,2521.7,70.66,98.5455,1.1556,162.119
2026-06-01 02:09:00.325216+00:00,2517.84,70.67,98.5739,1.15558,162.054
2026-06-01 02:09:04.111233+00:00,2519.04,70.55,98.5435,1.15539,162.059
2026-06-01 02:09:05.536051+00:00,2518.58,70.59,98.5607,1.1556,162.086
2026-06-01 02:09:06.553530+00:00,2517.27,70.52,98.5309,1.15557,162.111
2026-06-01 02:09:10.126914+00:00,2513.65,70.36,98.5497,1.15538,162.03
2026-06-01 02:09:14.821518+00:00,2515.19,70.46,98.52,1.15526,162.183
2026-06-01 02:09:19.362895+00:00,2512.48,70.46,98.5802,1.15517,162.3
2026-06-01 02:09:22.277990+00:00,2510.96,70.41,98.5755,1.15487,162.393
2026-06-01 02:09:25.499791+00:00,2509.01,70.26,98.596,1.15449,162.308
2026-06-01 02:09:29.068356+00:00,2510.04,70.28,98.6063,1.15447,162.288
2026-06-01 02:09:32.191028+00:00,2511.62,70.4,98.6043,1.1542,162.24
2026-06-01 02:09:34.028597+00:00,2508.65,70.33,98.6432,1.15386,162.35
2026-06-01 02:09:35.277655+00:00,2510.02,70.25,98.6502,1.15357,162.303
2026-06-01 02:09:40.194882+00:00,2514.21,70.42,98.5817,1.15382,162.234
2026-06-01 02:09:43.063560+00:00,2511.08,70.34,98.6194,1.15409,162.308
2026-06-01 02:09:46.346541+00:00,2513.74,70.56,98.6101,1.15399,162.185
2026-06-01 02:09:50.675986+00:00,2509.69,70.6,98.6484,1.1538,162.138
2026-06-01 02:09:52.523114+00:00,2507.32,70.5,98.726,1.15404,162.209
2026-06-01 02:09:53.898871+00:00,2505.58,70.43,98.7032,1.15437,162.186
2026-06-01 02:09:56.242102+00:00,2508.36,70.47,98.649,1.1545,162.175
2026-06-01 02:10:00.721582+00:00,2510.06,70.58,98.6517,1.15462,162.243
2026-06-01 02:10:04.270167+00:00,2513.84,70.65,98.6456,1.15463,162.189
2026-06-01 02:10:06.588457+00:00,2512.21,70.49,98.6931,1.1548,162.267
2026-06-01 02:10:09.980160+00:00,2510.08,70.49,98.6996,1.15439,162.424
2026-06-01 02:10:12.568971+00:00,2507.0,70.42,98.7448,1.15367,162.522
2026-06-01 02:10:14.703576+00:00,2505.03,70.3,98.8082,1.15373,162.473
2026-06-01 02:10:19.070881+00:00,2504.46,70.3,98.8229,1.15375,162.372
2026-06-01 02:10:21.394573+00:00,2504.38,70.23,98.8433,1.15379,162.362
2026-06-01 02:10:24.069174+00:00,2505.68,70.27,98.8293,1.15445,162.547
2026-06-01 02:10:26.171528+00:00,2506.46,70.33,98.85,1.15458,162.626
2026-06-01 02:10:27.368372+00:00,2508.38,70.3,98.8269,1.15442,162.539
2026-06-01 02:10:31.464844+00:00,2503.68,70.16,98.875,1.15463,162.56
2026-06-01 02:10:33.448506+00:00,2502.1,70.21,98.8777,1.15451,162.552
2026-06-01 02:10:34.890310+00:00,2499.71,70.12,98.8908,1.15476,162.591
2026-06-01 02:10:36.195603+00:00,2505.26,70.37,98.853,1.15497,162.559
2026-06-01 02:10:37.802950+00:00,2506.82,70.32,98.8557,1.15456,162.6
2026-06-01 02:10:38.959045+00:00,2505.9,70.35,98.8893,1.15501,162.607
2026-06-01 02:10:40.769673+00:00,2512.75,70.45,98.8214,1.15498,162.594
2026-06-01 02:10:44.440668+00:00,2508.95,70.23,98.8177,1.15489,162.541
2026-06-01 02:10:45.577459+00:00,2503.31,70.12,98.8368,1.15469,162.578
2026-06-01 02:10:48.154458+00:00,2507.68,70.29,98.8145,1.15436,162.619
2026-06-01 02:10:51.180276+00:00,2509.93,70.3,98.7925,1.15387,162.541
2026-06-01 02:10:55.842895+00:00,2508.81,70.27,98.8297,1.15358,162.471
2026-06-01 02:10:59.986066+00:00,2509.41,70.27,98.7745,1.1537,162.598
2026-06-01 02:11:03.951481+00:00,2507.98,70.19,98.7672,1.15341,162.53
2026-06-01 02:11:07.248938+00:00,2507.75,70.3,98.7454,1.15327,162.466
2026-06-01 02:11:10.201188+00:00,2504.64,70.21,98.7441,1.1533,162.379
2026-06-01 02:11:12.904764+00:00,2506.23,70.25,98.7443,1.15314,162.39
2026-06-01 02:11:14.390494+00:00,2508.36,70.28,98.729,1.15271,162.34
2026-06-01 02:11:15.722353+00:00,2511.3,70.34,98.7343,1.15291,162.328
2026-06-01 02:11:18.402313+00:00,2509.84,70.31,98.803,1.15368,162.234
2026-06-01 02:11:22.427884+00:00,2503.35,70.29,98.851,1.15373,162.145
2026-06-01 02:11:24.846317+00:00,2503.45,70.34,98.8561,1.15399,162.142
2026-06-01 02:11:25.910008+00:00,2507.4,70.34,98.8456,1.15443,162.185
2026-06-01 02:11:29.595226+00:00,2510.14,70.24,98.8588,1.15429,162.277
2026-06-01 02:11:32.241852+00:00,2509.17,70.22,98.8725,1.15424,162.235
2026-06-01 02:11:34.955442+00:00,2508.37,70.3,98.8458,1.15524,162.257
2026-06-01 02:11:39.104388+00:00,2509.53,70.34,98.8295,1.1549,162.201
2026-06-01 02:11:41.841015+00:00,2511.03,70.46,98.7841,1.15459,162.361
2026-06-01 02:11:46.139521+00:00,2507.36,70.38,98.7942,1.15461,162.379
2026-06-01 02:11:50.323577+00:00,2507.96,70.35,98.797,1.1546,162.347
2026-06-01 02:11:55.314584+00:00,2511.85,70.53,98.7744,1.15507,162.408
2026-06-01 02:11:56.350481+00:00,2511.9,70.51,98.7287,1.15534,162.433
2026-06-01 02:11:57.687043+00:00,2514.08,70.62,98.6741,1.15496,162.247
2026-06-01 02:11:58.936233+00:00,2512.97,70.55,98.6817,1.15483,162.142
2026-06-01 02:12:01.336343+00:00,2519.78,70.65,98.5902,1.15479,162.135
2026-06-01 02:12:03.137707+00:00,2523.26,70.88,98.5402,1.15497,162.221
2026-06-01 02:12:04.682099+00:00,2528.05,70.94,98.5019,1.15413,162.212
2026-06-01 02:12:08.823457+00:00,2532.1,71.02,98.5001,1.15402,162.163
2026-06-01 02:12:12.219421+00:00,2529.7,71.03,98.5167,1.15425,162.137
2026-06-01 02:12:15.582473+00:00,2527.2,71.05,98.5174,1.1539,162.135
2026-06-01 02:12:18.268746+00:00,2528.64,70.96,98.5286,1.15354,162.098
2026-06-01 02:12:22.886083+00:00,2529.27,70.98,98.524,1.15339,162.174
2026-06-01 02:12:25.571219+00:00,2528.47,70.99,98.5346,1.15364,162.205
2026-06-01 02:12:30.253931+00:00,2529.47,70.95,98.4896,1.15309,162.349
2026-06-01 02:12:32.511184+00:00,2525.08,70.73,98.5754,1.15235,162.337
2026-06-01 02:12:36.367354+00:00,2529.88,70.81,98.4912,1.15191,162.452
2026-06-01 02:12:37.537285+00:00,2529.0,70.81,98.4729,1.15208,162.425
2026-06-01 02:12:41.042048+00:00,2529.25,70.72,98.4528,1.15232,162.463
2026-06-01 02:12:43.168301+00:00,2530.48,70.71,98.4501,1.15218,162.544
2026-06-01 02:12:46.400107+00:00,2530.75,70.63,98.4603,1.15194,162.556
2026-06-01 02:12:49.809445+00:00,2538.05,70.91,98.3773,1.15234,162.564
2026-06-01 02:12:53.000118+00:00,2541.46,70.92,98.3639,1.15205,162.64
2026-06-01 02:12:54.769692+00:00,2541.26,70.76,98.3883,1.15185,162.704
2026-06-01 02:12:57.786641+00:00,2540.74,70.73,98.369,1.15216,162.629
2026-06-01 02:12:59.419844+00:00,2540.55,70.83,98.3738,1.1521,162.656
2026-06-01 02:13:00.894310+00:00,2533.78,70.66,98.418,1.15157,162.73
2026-06-01 02:13:03.821678+00:00,2534.76,70.63,98.4089,1.15177,162.716
2026-06-01 02:13:06.401302+00:00,2535.16,70.67,98.4153,1.15222,162.826
2026-06-01 02:13:09.388905+00:00,2536.09,70.66,98.3684,1.15178,162.819
2026-06-01 02:13:13.066141+00:00,2537.54,70.75,98.3551,1.15208,162.789
2026-06-01 02:13:14.140338+00:00,2540.41,70.88,98.3223,1.15246,162.649
2026-06-01 02:13:16.620260+00:00,2543.96,70.98,98.2411,1.15235,162.761
2026-06-01 02:13:20.609587+00:00,2543.77,70.95,98.2716,1.15244,162.695
2026-06-01 02:13:23.672685+00:00,2545.88,70.99,98.2647,1.15324,162.792
2026-06-01 02:13:25.072640+00:00,2548.56,71.1,98.2527,1.15251,162.829
2026-06-01 02:13:26.759612+00:00,2547.68,71.08,98.2239,1.15191,162.933
2026-06-01 02:13:29.682000+00:00,2546.28,71.07,98.2247,1.15183,163.037
2026-06-01 02:13:33.998667+00:00,2547.66,71.14,98.182,1.15138,162.93
2026-06-01 02:13:36.073563+00:00,2544.89,71.1,98.2233,1.15158,162.995
2026-06-01 02:13:39.316117+00:00,2545.0,71.07,98.2195,1.15226,162.82
2026-06-01 02:13:41.091723+00:00,2540.56,70.92,98.2436,1.15191,162.754
2026-06-01 02:13:42.189765+00:00,2544.46,71.11,98.1831,1.15147,162.648
2026-06-01 02:13:46.646189+00:00,2548.51,71.2,98.1467,1.15147,162.567
2026-06-01 02:13:48.771388+00:00,2549.8,71.16,98.1399,1.15134,162.592
2026-06-01 02:13:49.846650+00:00,2550.61,71.16,98.1233,1.15148,162.626
2026-06-01 02:13:53.750006+00:00,2553.3,71.16,98.1184,1.15091,162.623
2026-06-01 02:13:55.505976+00:00,2554.36,71.13,98.1355,1.15032,162.602
2026-06-01 02:13:59.794408+00:00,2555.06,71.02,98.1589,1.15039,162.484
2026-06-01 02:14:03.607554+00:00,2554.24,70.99,98.1263,1.15022,162.571
2026-06-01 02:14:04.840252+00:00,2557.35,70.97,98.1312,1.15022,162.701
2026-06-01 02:14:06.680767+00:00,2555.13,71.03,98.1195,1.15012,162.594
2026-06-01 02:14:11.458720+00:00,2559.01,71.26,98.0603,1.14982,162.704
2026-06-01 02:14:12.686305+00:00,2558.87,71.16,98.0506,1.14999,162.609
2026-06-01 02:14:16.563375+00:00,2557.07,71.13,98.0925,1.14991,162.562
2026-06-01 02:14:18.399729+00:00,2564.08,71.31,98.0018,1.14984,162.574
2026-06-01 02:14:23.347108+00:00,2567.16,71.46,97.9922,1.14993,162.61
2026-06-01 02:14:26.252363+00:00,2568.99,71.72,97.9466,1.14983,162.522
2026-06-01 02:14:30.271175+00:00,2567.06,71.8,97.9673,1.14998,162.546
2026-06-01 02:14:31.855551+00:00,2572.45,71.98,97.9303,1.15018,162.601
2026-06-01 02:14:33.136924+00:00,2571.26,71.92,97.9505,1.15064,162.592
2026-06-01 02:14:36.681746+00:00,2573.48,71.82,97.9311,1.15136,162.621
2026-06-01 02:14:41.610143+00:00,2570.69,71.81,97.9115,1.15144,162.599
2026-06-01 02:14:44.202459+00:00,2566.48,71.69,97.9563,1.15134,162.526
2026-06-01 02:14:48.108088+00:00,2561.9,71.65,98.0007,1.15134,162.451
2026-06-01 02:14:50.727489+00:00,2561.87,71.66,97.9994,1.15046,162.405
2026-06-01 02:14:55.414160+00:00,2559.66,71.59,98.0267,1.15047,162.489
2026-06-01 02:15:00.047783+00:00,2555.38,71.35,98.0597,1.15014,162.595
2026-06-01 02:15:01.237101+00:00,2557.78,71.35,98.0247,1.1498,162.622
2026-06-01 02:15:05.054353+00:00,2563.25,71.45,97.9649,1.14981,162.787
2026-06-01 02:15:09.271933+00:00,2567.0,71.55,97.9315,1.15,162.761
2026-06-01 02:15:13.751741+00:00,2566.04,71.49,97.972,1.15059,162.809
2026-06-01 02:15:18.676391+00:00,2570.84,71.54,97.9372,1.15052,162.936
2026-06-01 02:15:23.594023+00:00,2566.61,71.52,97.9669,1.1505,163.027
2026-06-01 02:15:26.286258+00:00,2563.11,71.37,97.9965,1.15062,162.979
2026-06-01 02:15:30.178183+00:00,2559.81,71.37,98.0112,1.15041,162.893
2026-06-01 02:15:31.267304+00:00,2559.34,71.5,98.0233,1.15042,162.967
2026-06-01 02:15:33.186053+00:00,2560.67,71.72,97.9994,1.15052,163.016
2026-06-01 02:15:37.676203+00:00,2563.49,71.7,98.0017,1.1506,163.1
2026-06-01 02:15:41.214855+00:00,2562.64,71.74,98.0121,1.15034,163.212
2026-06-01 02:15:43.419909+00:00,2564.65,71.76,97.9948,1.15059,163.093
2026-06-01 02:15:47.392333+00:00,2566.54,71.62,97.9846,1.15085,163.145
2026-06-01 02:15:49.826653+00:00,2568.46,71.6,97.9228,1.15125,163.207
2026-06-01 02:15:52.674921+00:00,2570.9,71.74,97.8562,1.15098,163.223
2026-06-01 02:15:56.953767+00:00,2574.76,71.78,97.8168,1.15068,163.176
2026-06-01 02:15:58.699076+00:00,2581.78,72.02,97.7441,1.15071,163.237
2026-06-01 02:16:00.101228+00:00,2580.2,71.93,97.7472,1.15075,163.179
2026-06-01 02:16:01.525915+00:00,2581.44,71.94,97.7197,1.15081,163.146
2026-06-01 02:16:03.633216+00:00,2582.97,71.86,97.7579,1.1508,163.185
2026-06-01 02:16:06.274905+00:00,2582.38,71.8,97.7694,1.15063,163.171
2026-06-01 02:16:10.608313+00:00,2583.85,71.82,97.7402,1.15039,163.141
2026-06-01 02:16:12.730513+00:00,2586.0,71.92,97.7238,1.15054,163.135
2026-06-01 02:16:13.849724+00:00,2581.15,71.77,97.7516,1.15037,163.152
2026-06-01 02:16:17.175033+00:00,2577.38,71.8,97.7506,1.15033,163.067
2026-06-01 02:16:21.476372+00:00,2575.25,71.67,97.7809,1.15082,163.139
2026-06-01 02:16:23.975853+00:00,2576.55,71.73,97.7571,1.15114,163.283
2026-06-01 02:16:27.365345+00:00,2580.62,72.0,97.7247,1.15106,163.304
2026-06-01 02:16:29.346075+00:00,2578.34,71.81,97.7382,1.15105,163.385
2026-06-01 02:16:33.578741+00:00,2580.36,72.04,97.7056,1.15115,163.264
2026-06-01 02:16:36.784211+00:00,2580.03,72.01,97.723,1.15126,163.158
2026-06-01 02:16:40.895394+00:00,2581.54,72.08,97.7204,1.15182,163.066
2026-06-01 02:16:44.536990+00:00,2581.2,72.06,97.7403,1.15182,163.009
2026-06-01 02:16:46.048457+00:00,2582.3,72.08,97.7066,1.15194,162.974
2026-06-01 02:16:50.123168+00:00,2581.23,72.17,97.7706,1.15218,162.96
2026-06-01 02:16:51.583651+00:00,2581.64,72.13,97.7955,1.1515,162.943
2026-06-01 02:16:54.623262+00:00,2582.96,72.17,97.7807,1.15205,162.849
2026-06-01 02:16:55.868248+00:00,2578.28,71.97,97.7892,1.15174,162.952
2026-06-01 02:16:58.935690+00:00,2577.6,71.88,97.8078,1.15241,162.889
2026-06-01 02:17:03.263845+00:00,2582.83,72.0,97.7621,1.15257,163.04
2026-06-01 02:17:04.549637+00:00,2585.0,72.01,97.7603,1.15226,163.056
2026-06-01 02:17:06.993376+00:00,2590.05,72.24,97.6782,1.1522,163.046
2026-06-01 02:17:11.547570+00:00,2590.13,72.26,97.6631,1.15293,163.033
2026-06-01 02:17:15.640247+00:00,2591.03,72.37,97.6578,1.1531,162.959
2026-06-01 02:17:19.628505+00:00,2591.08,72.26,97.6894,1.15279,163.044
2026-06-01 02:17:21.839509+00:00,2588.22,72.16,97.6958,1.15295,163.056
2026-06-01 02:17:23.926096+00:00,2585.34,72.0,97.7375,1.15326,163.061
2026-06-01 02:17:26.685979+00:00,2588.25,72.01,97.7082,1.15349,162.979
2026-06-01 02:17:28.248066+00:00,2587.11,71.95,97.7065,1.15382,163.072
2026-06-01 02:17:30.467133+00:00,2590.15,72.0,97.6304,1.15397,162.9
2026-06-01 02:17:33.896388+00:00,2584.86,71.88,97.675,1.15453,162.943
2026-06-01 02:17:36.901900+00:00,2585.93,71.98,97.6894,1.15428,162.906
2026-06-01 02:17:38.611401+00:00,2582.08,71.8,97.7224,1.15439,162.758
2026-06-01 02:17:43.000410+00:00,2578.2,71.71,97.7469,1.15432,162.709
2026-06-01 02:17:45.746158+00:00,2573.79,71.59,97.7804,1.15439,162.748
2026-06-01 02:17:48.994116+00:00,2575.02,71.53,97.7823,1.15454,162.68
2026-06-01 02:17:53.221414+00:00,2577.14,71.67,97.7762,1.15493,162.592
2026-06-01 02:17:56.060450+00:00,2576.79,71.69,97.8058,1.15504,162.526
2026-06-01 02:17:59.175756+00:00,2575.4,71.64,97.8487,1.15495,162.553
2026-06-01 02:18:03.168153+00:00,2573.31,71.49,97.8677,1.15475,162.306
2026-06-01 02:18:04.590854+00:00,2571.47,71.45,97.875,1.15538,162.336
2026-06-01 02:18:08.782934+00:00,2573.07,71.54,97.8711,1.1555,162.398
2026-06-01 02:18:12.305963+00:00,2569.06,71.48,97.9437,1.15504,162.499
2026-06-01 02:18:13.426502+00:00,2567.94,71.34,98.0048,1.15456,162.51
2026-06-01 02:18:16.396563+00:00,2562.3,71.16,98.0866,1.15443,162.606
2026-06-01 02:18:18.825993+00:00,2559.35,71.07,98.1235,1.15458,162.669
2026-06-01 02:18:22.635369+00:00,2560.96,71.03,98.1203,1.15517,162.544
2026-06-01 02:18:26.593703+00:00,2563.18,71.17,98.1173,1.15522,162.584
2026-06-01 02:18:31.548328+00:00,2560.89,71.02,98.1651,1.1554,162.519
2026-06-01 02:18:35.057193+00:00,2563.08,71.11,98.136,1.15434,162.556
2026-06-01 02:18:39.052027+00:00,2561.54,71.12,98.181,1.15497,162.659
2026-06-01 02:18:42.048135+00:00,2567.97,71.35,98.1258,1.15454,162.86
2026-06-01 02:18:45.490719+00:00,2569.69,71.31,98.1399,1.15372,162.834
2026-06-01 02:18:46.605021+00:00,2570.09,71.39,98.1184,1.15397,162.937
2026-06-01 02:18:51.571920+00:00,2577.38,71.52,98.0215,1.15463,163.001
2026-06-01 02:18:53.754842+00:00,2575.57,71.46,98.0315,1.15477,162.855
2026-06-01 02:18:58.100477+00:00,2575.59,71.6,98.0141,1.15464,162.939
2026-06-01 02:19:02.791672+00:00,2578.21,71.63,98.0035,1.15456,162.966
2026-06-01 02:19:06.244210+00:00,2582.36,71.8,97.9334,1.15387,162.989
2026-06-01 02:19:10.760535+00:00,2583.36,71.72,97.9255,1.15398,162.926
2026-06-01 02:19:15.179196+00:00,2579.53,71.67,97.9705,1.1537,162.943
2026-06-01 02:19:17.150768+00:00,2580.7,71.74,97.9678,1.15328,163.04
2026-06-01 02:19:20.209068+00:00,2584.96,71.84,97.9375,1.15324,162.863
2026-06-01 02:19:21.703359+00:00,2585.37,71.88,97.9202,1.15317,162.946
2026-06-01 02:19:24.919210+00:00,2583.56,71.97,97.9148,1.15357,162.843
2026-06-01 02:19:28.191348+00:00,2583.95,71.96,97.8923,1.15277,162.969
2026-06-01 02:19:31.941424+00:00,2586.11,72.04,97.8937,1.15268,163.013
2026-06-01 02:19:36.524967+00:00,2590.23,72.28,97.8194,1.15215,163.097
2026-06-01 02:19:37.597635+00:00,2590.52,72.32,97.8716,1.15248,163.032
2026-06-01 02:19:40.490813+00:00,2587.88,72.1,97.9484,1.15273,163.032
2026-06-01 02:19:44.253068+00:00,2589.75,72.11,97.9604,1.15324,163.051
2026-06-01 02:19:47.682902+00:00,2589.77,71.93,97.9838,1.15352,162.993
2026-06-01 02:19:49.412022+00:00,2592.52,71.96,97.9711,1.15316,163.067
2026-06-01 02:19:53.502652+00:00,2587.59,71.82,98.0159,1.15332,163.067
2026-06-01 02:19:56.929125+00:00,2591.24,71.93,97.9876,1.15318,163.05
2026-06-01 02:19:58.355976+00:00,2591.84,72.03,97.9792,1.15333,162.947
2026-06-01 02:20:01.481447+00:00,2593.86,72.03,97.9808,1.1536,163.03
2026-06-01 02:20:03.719134+00:00,2595.12,72.04,97.9798,1.15401,163.031
2026-06-01 02:20:06.432660+00:00,2600.67,72.09,97.8823,1.15345,163.005
2026-06-01 02:20:08.059663+00:00,2600.97,72.07,97.9026,1.15349,163.013
2026-06-01 02:20:09.937797+00:00,2601.19,71.92,97.9226,1.15345,163.081
2026-06-01 02:20:14.722113+00:00,2601.27,71.9,97.9475,1.15348,163.242
2026-06-01 02:20:17.024395+00:00,2602.17,71.91,97.9477,1.1533,163.259
2026-06-01 02:20:20.992563+00:00,2602.7,71.94,97.9524,1.15335,163.389
2026-06-01 02:20:22.983498+00:00,2607.04,71.98,97.9558,1.15312,163.505
2026-06-01 02:20:26.064399+00:00,2605.78,71.91,97.9824,1.15306,163.45
2026-06-01 02:20:27.861077+00:00,2606.98,71.92,97.9622,1.15347,163.387
2026-06-01 02:20:31.389048+00:00,2609.79,72.02,97.9737,1.1532,163.441
2026-06-01 02:20:32.517116+00:00,2612.62,72.06,97.9281,1.15334,163.337
2026-06-01 02:20:34.551402+00:00,2612.61,72.2,97.9191,1.15402,163.396
2026-06-01 02:20:39.399419+00:00,2610.96,72.19,97.9245,1.15446,163.33
2026-06-01 02:20:43.992612+00:00,2618.14,72.32,97.8974,1.15421,163.352
2026-06-01 02:20:45.411932+00:00,2616.94,72.11,97.9037,1.15401,163.463
2026-06-01 02:20:47.946914+00:00,2619.84,72.26,97.8705,1.15418,163.599
2026-06-01 02:20:52.388858+00:00,2618.39,72.28,97.8893,1.15424,163.684
2026-06-01 02:20:53.906265+00:00,2618.12,72.29,97.8979,1.15483,163.72
2026-06-01 02:20:56.903563+00:00,2618.03,72.34,97.919,1.1551,163.609
2026-06-01 02:20:58.860235+00:00,2612.82,72.2,97.9889,1.15536,163.767
2026-06-01 02:21:00.166608+00:00,2617.97,72.24,97.9296,1.15456,163.823
2026-06-01 02:21:03.720112+00:00,2622.55,72.37,97.8911,1.15439,163.765
2026-06-01 02:21:07.256120+00:00,2621.08,72.48,97.8675,1.15434,163.619
2026-06-01 02:21:10.949268+00:00,2622.02,72.48,97.8376,1.15436,163.583
2026-06-01 02:21:13.213953+00:00,2624.09,72.48,97.8491,1.15423,163.528
2026-06-01 02:21:17.008766+00:00,2627.11,72.46,97.8539,1.15396,163.318
2026-06-01 02:21:18.759298+00:00,2627.88,72.45,97.9063,1.15387,163.14
2026-06-01 02:21:22.023098+00:00,2625.42,72.39,97.9357,1.1537,163.22
2026-06-01 02:21:23.136440+00:00,2624.54,72.37,97.9403,1.15342,163.193
2026-06-01 02:21:27.594465+00:00,2631.15,72.58,97.8669,1.15295,163.286
2026-06-01 02:21:32.541051+00:00,2633.95,72.62,97.8088,1.15327,163.385
2026-06-01 02:21:35.469742+00:00,2631.3,72.66,97.8132,1.15391,163.383
2026-06-01 02:21:38.548693+00:00,2630.42,72.61,97.8437,1.15424,163.475
2026-06-01 02:21:41.525443+00:00,2630.52,72.62,97.827,1.15477,163.56
2026-06-01 02:21:42.710754+00:00,2629.3,72.73,97.8294,1.15475,163.689
2026-06-01 02:21:45.992640+00:00,2627.65,72.68,97.8157,1.15488,163.635
2026-06-01 02:21:47.048200+00:00,2625.37,72.59,97.8131,1.15499,163.63
2026-06-01 02:21:49.824853+00:00,2628.42,72.59,97.8206,1.15526,163.631
2026-06-01 02:21:52.692538+00:00,2629.33,72.62,97.7981,1.15511,163.639
2026-06-01 02:21:55.599792+00:00,2625.79,72.64,97.8564,1.15537,163.731
2026-06-01 02:21:59.810627+00:00,2623.37,72.51,97.9372,1.15533,163.808
2026-06-01 02:22:04.010924+00:00,2625.6,72.46,97.9623,1.15557,163.847
2026-06-01 02:22:06.040288+00:00,2625.57,72.29,97.9737,1.15542,163.945
2026-06-01 02:22:10.111161+00:00,2628.1,72.38,97.9122,1.15566,163.925
2026-06-01 02:22:11.954606+00:00,2632.14,72.51,97.8697,1.15536,163.897
2026-06-01 02:22:16.727014+00:00,2626.61,72.27,97.8915,1.15543,163.946
2026-06-01 02:22:20.358155+00:00,2626.06,72.2,97.8833,1.15516,163.948
2026-06-01 02:22:22.671159+00:00,2622.83,72.06,97.9324,1.1555,163.98
2026-06-01 02:22:26.884020+00:00,2622.72,72.08,97.9276,1.1557,164.132
2026-06-01 02:22:27.990534+00:00,2627.9,72.18,97.8558,1.15555,164.106
2026-06-01 02:22:29.768166+00:00,2625.31,72.17,97.9035,1.1559,164.088
2026-06-01 02:22:31.817652+00:00,2628.65,72.24,97.8688,1.15585,164.145
2026-06-01 02:22:35.809939+00:00,2628.31,72.2,97.8677,1.15603,164.127
2026-06-01 02:22:37.284917+00:00,2626.79,72.19,97.8591,1.15651,164.118
2026-06-01 02:22:39.972379+00:00,2628.8,72.33,97.8702,1.15662,164.016
2026-06-01 02:22:43.500868+00:00,2624.38,72.28,97.9109,1.15655,163.978
2026-06-01 02:22:44.992710+00:00,2624.17,72.26,97.9206,1.1575,163.872
2026-06-01 02:22:47.512058+00:00,2624.57,72.29,97.9045,1.15781,163.858
2026-06-01 02:22:51.710909+00:00,2623.36,72.18,97.9247,1.15793,163.899
2026-06-01 02:22:56.355613+00:00,2623.07,72.26,97.9438,1.15845,163.935
2026-06-01 02:22:59.421905+00:00,2626.44,72.35,97.9245,1.15876,163.918
2026-06-01 02:23:03.653029+00:00,2623.45,72.22,97.9861,1.15905,163.865
2026-06-01 02:23:06.927261+00:00,2619.78,72.11,98.0106,1.15946,163.795
2026-06-01 02:23:10.520972+00:00,2625.11,72.18,97.9735,1.15994,163.787
2026-06-01 02:23:12.131730+00:00,2626.77,72.21,97.9339,1.1591,163.728
2026-06-01 02:23:14.742258+00:00,2634.11,72.33,97.8589,1.15922,163.769
2026-06-01 02:23:16.698669+00:00,2632.91,72.6,97.8605,1.15918,163.719
2026-06-01 02:23:20.408373+00:00,2636.36,72.68,97.8376,1.15916,163.757
2026-06-01 02:23:25.102211+00:00,2638.91,72.76,97.8406,1.15863,163.701
2026-06-01 02:23:27.244504+00:00,2638.25,72.73,97.862,1.1586,163.564
2026-06-01 02:23:31.861856+00:00,2637.28,72.71,97.8824,1.15879,163.559
2026-06-01 02:23:36.591504+00:00,2633.59,72.57,97.9089,1.15905,163.598
2026-06-01 02:23:38.526413+00:00,2635.54,72.75,97.895,1.15912,163.652
2026-06-01 02:23:43.360545+00:00,2631.31,72.65,97.9265,1.15917,163.647
2026-06-01 02:23:45.456113+00:00,2626.79,72.7,97.9444,1.15904,163.601
2026-06-01 02:23:49.822095+00:00,2631.42,72.72,97.9274,1.15901,163.56
2026-06-01 02:23:52.828366+00:00,2629.82,72.6,97.9483,1.15896,163.615
2026-06-01 02:23:56.686457+00:00,2631.39,72.48,97.92,1.15918,163.521
2026-06-01 02:23:59.738242+00:00,2630.91,72.51,97.9376,1.15947,163.382
2026-06-01 02:24:00.935531+00:00,2635.54,72.77,97.919,1.15902,163.423
2026-06-01 02:24:05.737626+00:00,2639.87,72.97,97.8528,1.15918,163.235
2026-06-01 02:24:08.990757+00:00,2637.36,72.87,97.8523,1.15902,163.267
2026-06-01 02:24:12.016741+00:00,2637.33,72.92,97.8452,1.15952,163.196
2026-06-01 02:24:15.782517+00:00,2644.13,73.04,97.78,1.15962,163.249
2026-06-01 02:24:17.195180+00:00,2645.71,73.15,97.7036,1.15958,163.37
2026-06-01 02:24:20.573410+00:00,2640.0,73.07,97.7694,1.15971,163.227
2026-06-01 02:24:23.191347+00:00,2635.59,72.86,97.8185,1.15981,163.195
2026-06-01 02:24:27.649583+00:00,2641.45,73.08,97.7803,1.15978,163.187
2026-06-01 02:24:32.100906+00:00,2641.57,73.01,97.8199,1.15954,163.21
2026-06-01 02:24:35.520190+00:00,2640.53,73.16,97.8151,1.15946,163.164
2026-06-01 02:24:37.886245+00:00,2640.65,73.08,97.8026,1.15969,163.251
2026-06-01 02:24:39.264067+00:00,2640.92,73.06,97.7892,1.1594,163.136
2026-06-01 02:24:41.172409+00:00,2640.18,72.97,97.8001,1.15929,163.24
2026-06-01 02:24:46.146751+00:00,2638.07,72.9,97.8257,1.1594,163.251
2026-06-01 02:24:48.432245+00:00,2640.36,73.09,97.8004,1.15883,163.308
2026-06-01 02:24:53.066986+00:00,2641.62,73.1,97.7446,1.15818,163.443
2026-06-01 02:24:56.894420+00:00,2641.28,72.94,97.7384,1.15844,163.442
2026-06-01 02:25:00.119002+00:00,2642.88,72.97,97.7064,1.15804,163.558
2026-06-01 02:25:03.185490+00:00,2646.13,73.0,97.6507,1.15819,163.551
2026-06-01 02:25:07.091722+00:00,2647.59,73.03,97.6803,1.15803,163.686
2026-06-01 02:25:09.818088+00:00,2652.35,73.0,97.6356,1.15787,163.694
2026-06-01 02:25:10.969540+00:00,2650.43,73.0,97.6866,1.15776,163.618
2026-06-01 02:25:14.417452+00:00,2653.64,73.03,97.6822,1.1577,163.585
2026-06-01 02:25:18.038089+00:00,2655.48,73.11,97.6699,1.15785,163.635
2026-06-01 02:25:21.041396+00:00,2652.14,73.04,97.6916,1.15769,163.66
2026-06-01 02:25:22.693640+00:00,2656.22,73.21,97.6364,1.15731,163.644
2026-06-01 02:25:26.008909+00:00,2656.3,73.18,97.6252,1.1575,163.546
2026-06-01 02:25:28.935893+00:00,2663.0,73.43,97.5423,1.15772,163.561
2026-06-01 02:25:31.150582+00:00,2665.29,73.61,97.4853,1.15808,163.577
2026-06-01 02:25:32.557929+00:00,2664.92,73.67,97.4717,1.15816,163.639
2026-06-01 02:25:35.228502+00:00,2668.1,73.8,97.461,1.15897,163.719
2026-06-01 02:25:39.911536+00:00,2666.59,73.87,97.4529,1.15886,163.707
2026-06-01 02:25:40.919197+00:00,2667.49,73.8,97.4622,1.15874,163.872
2026-06-01 02:25:45.397739+00:00,2669.99,73.87,97.4761,1.15896,163.897
2026-06-01 02:25:47.514308+00:00,2676.19,73.93,97.4567,1.15898,163.943
2026-06-01 02:25:51.257300+00:00,2673.84,73.92,97.472,1.15874,164.022
2026-06-01 02:25:55.847237+00:00,2674.26,74.01,97.477,1.15891,164.109
2026-06-01 02:25:59.633555+00:00,2672.99,73.99,97.4329,1.15916,164.186
2026-06-01 02:26:01.394660+00:00,2676.35,74.14,97.3718,1.15915,164.081
2026-06-01 02:26:04.951983+00:00,2677.43,74.19,97.3922,1.15911,164.01
2026-06-01 02:26:08.527514+00:00,2679.42,74.24,97.353,1.15916,163.866
2026-06-01 02:26:12.194311+00:00,2680.99,74.21,97.3425,1.15938,163.89
2026-06-01 02:26:13.833755+00:00,2688.06,74.33,97.2857,1.15931,163.997
2026-06-01 02:26:18.716497+00:00,2689.45,74.24,97.2758,1.15931,163.923
2026-06-01 02:26:23.650918+00:00,2689.49,74.23,97.2518,1.15924,163.892
2026-06-01 02:26:24.663690+00:00,2690.27,74.21,97.2345,1.15929,163.975
2026-06-01 02:26:26.475946+00:00,2692.92,74.32,97.2526,1.15978,164.104
2026-06-01 02:26:27.484503+00:00,2690.58,74.32,97.3105,1.15954,164.163
2026-06-01 02:26:30.464319+00:00,2693.16,74.23,97.2904,1.15893,164.181
2026-06-01 02:26:33.748685+00:00,2699.65,74.4,97.2322,1.15892,164.216
2026-06-01 02:26:37.378386+00:00,2699.87,74.43,97.2322,1.15926,164.325
2026-06-01 02:26:42.124101+00:00,2701.39,74.51,97.208,1.15906,164.322
2026-06-01 02:26:43.293979+00:00,2698.41,74.49,97.2284,1.15924,164.279
2026-06-01 02:26:48.178828+00:00,2698.16,74.35,97.2303,1.15934,164.306
2026-06-01 02:26:52.078367+00:00,2702.62,74.34,97.1967,1.15992,164.387
2026-06-01 02:26:53.844164+00:00,2704.3,74.48,97.186,1.16001,164.348
2026-06-01 02:26:58.048355+00:00,2706.75,74.41,97.1645,1.15981,164.322
2026-06-01 02:27:02.338489+00:00,2708.01,74.45,97.1632,1.15993,164.378
2026-06-01 02:27:04.673327+00:00,2704.67,74.26,97.2007,1.16007,164.378
2026-06-01 02:27:05.808064+00:00,2706.36,74.28,97.2133,1.16034,164.409
2026-06-01 02:27:07.530240+00:00,2707.61,74.49,97.1691,1.16041,164.393
2026-06-01 02:27:08.949485+00:00,2706.27,74.41,97.1987,1.16001,164.477
2026-06-01 02:27:13.387236+00:00,2707.78,74.5,97.1738,1.15965,164.397
2026-06-01 02:27:15.006560+00:00,2710.52,74.57,97.1442,1.15961,164.378
2026-06-01 02:27:16.365993+00:00,2705.76,74.48,97.1935,1.16025,164.306
2026-06-01 02:27:20.275289+00:00,2704.18,74.45,97.1729,1.16048,164.332
2026-06-01 02:27:22.184300+00:00,2698.16,74.24,97.223,1.16004,164.371
2026-06-01 02:27:27.032951+00:00,2703.61,74.21,97.1742,1.15999,164.291
2026-06-01 02:27:28.038063+00:00,2705.82,74.19,97.1291,1.15932,164.245
2026-06-01 02:27:31.793804+00:00,2704.89,74.12,97.1417,1.1595,164.267
2026-06-01 02:27:34.581433+00:00,2706.55,74.11,97.1049,1.15932,164.112
2026-06-01 02:27:37.316540+00:00,2706.48,74.13,97.1281,1.15939,164.233
2026-06-01 02:27:40.892310+00:00,2702.43,74.13,97.1566,1.15918,164.283
2026-06-01 02:27:41.964138+00:00,2700.3,74.04,97.1727,1.15927,164.409
2026-06-01 02:27:42.966891+00:00,2699.24,74.12,97.1974,1.15934,164.293
2026-06-01 02:27:46.803556+00:00,2695.79,74.07,97.2083,1.15993,164.175
2026-06-01 02:27:51.238175+00:00,2692.94,74.02,97.1889,1.15934,164.161
2026-06-01 02:27:53.419782+00:00,2699.2,74.09,97.1432,1.15908,164.218
2026-06-01 02:27:55.195063+00:00,2705.2,74.21,97.0794,1.1591,164.333
2026-06-01 02:27:58.163551+00:00,2701.99,74.15,97.0828,1.15849,164.358
2026-06-01 02:28:02.209799+00:00,2705.83,74.09,97.0793,1.15885,164.405
2026-06-01 02:28:03.405299+00:00,2701.81,74.02,97.1075,1.15868,164.514
2026-06-01 02:28:07.231980+00:00,2698.51,73.98,97.1256,1.15882,164.547
2026-06-01 02:28:08.326659+00:00,2701.52,74.06,97.1091,1.15816,164.549
2026-06-01 02:28:11.554145+00:00,2706.63,74.2,97.0837,1.15782,164.664
2026-06-01 02:28:14.812769+00:00,2701.96,74.14,97.1062,1.15792,164.705
2026-06-01 02:28:17.696197+00:00,2707.68,74.23,97.0646,1.15765,164.784
2026-06-01 02:28:21.713722+00:00,2708.49,74.11,97.0162,1.15716,164.929
2026-06-01 02:28:24.071329+00:00,2706.25,73.97,97.042,1.15716,165.065
2026-06-01 02:28:27.089215+00:00,2708.51,74.12,97.0098,1.15756,165.143
2026-06-01 02:28:31.778461+00:00,2710.99,74.15,96.9641,1.1573,165.077
2026-06-01 02:28:32.843166+00:00,2711.89,74.21,96.96,1.15696,164.998
2026-06-01 02:28:36.558203+00:00,2710.43,74.13,96.9966,1.15645,165.165
2026-06-01 02:28:40.175273+00:00,2712.6,74.22,96.9973,1.15705,165.085
2026-06-01 02:28:44.768447+00:00,2711.24,74.08,96.9861,1.15772,165.078
2026-06-01 02:28:46.225594+00:00,2719.58,74.45,96.9624,1.15856,165.111
2026-06-01 02:28:48.656003+00:00,2720.73,74.47,96.9558,1.15885,165.08
2026-06-01 02:28:49.673511+00:00,2717.38,74.32,96.9815,1.15882,165.057
2026-06-01 02:28:51.548203+00:00,2720.48,74.49,96.9503,1.15881,165.077
2026-06-01 02:28:55.655249+00:00,2717.34,74.46,97.0042,1.15837,164.963
2026-06-01 02:28:56.723340+00:00,2717.64,74.44,97.0019,1.15788,164.915
2026-06-01 02:28:59.175851+00:00,2716.78,74.46,97.0005,1.15817,164.973
2026-06-01 02:29:03.226679+00:00,2713.45,74.4,97.0351,1.1576,164.99
2026-06-01 02:29:06.405258+00:00,2717.33,74.39,97.0031,1.15755,165.02
2026-06-01 02:29:10.798502+00:00,2718.48,74.32,97.005,1.15731,165.015
2026-06-01 02:29:13.580689+00:00,2721.78,74.43,96.9277,1.15739,165.105
2026-06-01 02:29:17.141125+00:00,2722.26,74.54,96.9263,1.1577,165.168
2026-06-01 02:29:18.219156+00:00,2714.09,74.25,96.991,1.15823,165.145
2026-06-01 02:29:19.562396+00:00,2717.91,74.31,96.9478,1.15814,165.176
2026-06-01 02:29:24.198052+00:00,2717.55,74.28,96.9516,1.15838,165.311
2026-06-01 02:29:28.263285+00:00,2716.62,74.23,96.9831,1.15865,165.167
2026-06-01 02:29:30.764224+00:00,2710.21,74.1,97.0361,1.15885,165.159
2026-06-01 02:29:33.619460+00:00,2715.27,74.21,97.0147,1.1583,165.159
2026-06-01 02:29:36.231175+00:00,2716.53,74.1,97.0028,1.15846,165.204
2026-06-01 02:29:37.461392+00:00,2720.99,74.18,96.9784,1.15842,165.222
2026-06-01 02:29:40.249460+00:00,2723.34,74.27,96.9711,1.15869,165.327
2026-06-01 02:29:43.163934+00:00,2731.0,74.41,96.9104,1.15887,165.382
2026-06-01 02:29:45.259647+00:00,2733.36,74.64,96.8998,1.15909,165.435
2026-06-01 02:29:48.157156+00:00,2732.81,74.67,96.9162,1.15937,165.492
2026-06-01 02:29:49.731887+00:00,2736.5,74.66,96.9033,1.16004,165.496
2026-06-01 02:29:52.446622+00:00,2739.81,74.77,96.8444,1.16054,165.633
2026-06-01 02:29:55.771229+00:00,2741.11,74.89,96.8438,1.16061,165.698
2026-06-01 02:30:00.195199+00:00,2738.96,74.99,96.8557,1.16093,165.747
2026-06-01 02:30:03.621493+00:00,2738.9,75.11,96.8682,1.1612,165.881
2026-06-01 02:30:04.684623+00:00,2736.91,75.22,96.8764,1.16153,165.827
2026-06-01 02:30:09.024502+00:00,2736.81,75.26,96.8496,1.16125,165.809
2026-06-01 02:30:10.573217+00:00,2728.94,75.15,96.9201,1.1609,165.859
2026-06-01 02:30:12.632075+00:00,2727.45,75.07,96.9365,1.16089,166.07
2026-06-01 02:30:14.450388+00:00,2725.69,75.08,96.937,1.16036,166.029
2026-06-01 02:30:15.625785+00:00,2727.58,75.12,96.9296,1.1601,166.028
2026-06-01 02:30:20.382091+00:00,2723.78,75.02,96.9862,1.15973,166.02
2026-06-01 02:30:23.051441+00:00,2719.96,75.04,97.0142,1.15927,165.972
2026-06-01 02:30:24.873467+00:00,2713.92,74.97,97.0302,1.15941,165.981
2026-06-01 02:30:27.622098+00:00,2712.82,74.86,97.059,1.15919,165.956
2026-06-01 02:30:31.453962+00:00,2712.35,74.87,97.02,1.1593,165.824
2026-06-01 02:30:35.042431+00:00,2711.39,74.82,97.0367,1.15957,165.769
2026-06-01 02:30:36.760519+00:00,2709.17,74.64,97.0481,1.16006,165.656
2026-06-01 02:30:41.552720+00:00,2707.62,74.77,97.0447,1.15992,165.581
2026-06-01 02:30:46.092102+00:00,2708.11,74.7,97.0607,1.16004,165.655
2026-06-01 02:30:50.259212+00:00,2707.61,74.67,97.0956,1.1601,165.662
2026-06-01 02:30:52.640429+00:00,2705.81,74.65,97.122,1.15989,165.679
2026-06-01 02:30:56.332830+00:00,2706.91,74.54,97.0957,1.15943,165.688
2026-06-01 02:31:01.048223+00:00,2703.88,74.38,97.1112,1.15907,165.755
2026-06-01 02:31:05.430107+00:00,2705.56,74.4,97.0548,1.15893,165.701
2026-06-01 02:31:10.212413+00:00,2707.15,74.44,97.0692,1.15876,165.659
2026-06-01 02:31:11.665169+00:00,2710.44,74.5,97.0719,1.15898,165.651
2026-06-01 02:31:13.920517+00:00,2710.24,74.47,97.0895,1.15924,165.728
2026-06-01 02:31:15.268833+00:00,2713.02,74.55,97.0813,1.15901,165.878
2026-06-01 02:31:17.952421+00:00,2710.02,74.36,97.1124,1.15883,165.896
2026-06-01 02:31:22.715683+00:00,2709.97,74.38,97.1266,1.1584,165.834
2026-06-01 02:31:24.290404+00:00,2712.65,74.46,97.1185,1.15815,165.8
2026-06-01 02:31:29.181900+00:00,2710.53,74.51,97.1013,1.15775,165.698
2026-06-01 02:31:31.204526+00:00,2713.9,74.59,97.0262,1.15769,165.773
2026-06-01 02:31:34.700715+00:00,2714.63,74.5,97.0096,1.15776,165.701
2026-06-01 02:31:36.593578+00:00,2717.72,74.51,97.0017,1.15775,165.799
2026-06-01 02:31:41.500929+00:00,2722.32,74.72,96.9649,1.15743,165.76
2026-06-01 02:31:44.492545+00:00,2720.62,74.65,96.9752,1.15775,165.616
2026-06-01 02:31:47.099024+00:00,2718.79,74.62,96.9801,1.15796,165.728
2026-06-01 02:31:50.249611+00:00,2717.56,74.68,97.012,1.15768,165.737
2026-06-01 02:31:54.949757+00:00,2720.95,74.63,96.986,1.15736,165.643
2026-06-01 02:31:58.242048+00:00,2717.61,74.44,97.0398,1.15759,165.663
2026-06-01 02:32:02.185525+00:00,2719.06,74.48,97.0135,1.15731,165.661
2026-06-01 02:32:06.762655+00:00,2719.36,74.55,97.021,1.15706,165.494
2026-06-01 02:32:08.677414+00:00,2715.65,74.44,97.0451,1.15711,165.648
2026-06-01 02:32:11.663644+00:00,2719.5,74.53,97.0492,1.15701,165.57
2026-06-01 02:32:13.710767+00:00,2718.34,74.45,97.04,1.15718,165.496
2026-06-01 02:32:14.806393+00:00,2712.74,74.32,97.0625,1.15712,165.551
2026-06-01 02:32:17.458387+00:00,2713.7,74.27,97.0317,1.15737,165.628
2026-06-01 02:32:19.096461+00:00,2716.31,74.43,97.0091,1.15791,165.614
2026-06-01 02:32:21.368110+00:00,2720.22,74.36,96.9578,1.15751,165.479
2026-06-01 02:32:23.734744+00:00,2725.41,74.41,96.9459,1.15805,165.502
2026-06-01 02:32:27.589974+00:00,2725.17,74.45,96.9607,1.15823,165.543
2026-06-01 02:32:29.696466+00:00,2723.21,74.51,96.9343,1.15847,165.609
2026-06-01 02:32:33.760567+00:00,2719.34,74.58,96.963,1.15807,165.68
2026-06-01 02:32:37.824986+00:00,2714.92,74.57,96.9648,1.1582,165.622
2026-06-01 02:32:40.899765+00:00,2717.3,74.43,96.9488,1.15813,165.741
2026-06-01 02:32:43.639191+00:00,2719.49,74.41,96.919,1.15814,165.719
2026-06-01 02:32:46.726333+00:00,2723.26,74.42,96.8612,1.1585,165.712
2026-06-01 02:32:50.925563+00:00,2724.07,74.33,96.8214,1.15823,165.738
2026-06-01 02:32:52.006147+00:00,2721.58,74.39,96.8289,1.15838,165.778
2026-06-01 02:32:54.947625+00:00,2718.38,74.36,96.8859,1.15866,165.826
2026-06-01 02:32:57.010582+00:00,2713.54,74.17,96.9583,1.15907,165.757
2026-06-01 02:32:59.942802+00:00,2713.85,74.23,96.9243,1.15833,165.766
2026-06-01 02:33:03.859179+00:00,2706.97,74.09,97.019,1.15814,165.786
2026-06-01 02:33:08.793899+00:00,2707.53,74.21,97.0024,1.15795,165.804
2026-06-01 02:33:11.245468+00:00,2708.22,74.17,97.008,1.15776,165.736
2026-06-01 02:33:14.255511+00:00,2707.75,74.24,97.0116,1.15751,165.759
2026-06-01 02:33:15.363501+00:00,2703.74,74.14,97.0301,1.15772,165.778
2026-06-01 02:33:19.725882+00:00,2705.26,74.19,97.0327,1.15707,165.748
2026-06-01 02:33:20.784282+00:00,2702.12,74.07,97.0726,1.15718,165.651
2026-06-01 02:33:23.053628+00:00,2700.58,74.09,97.1341,1.15745,165.577
2026-06-01 02:33:26.414648+00:00,2700.67,74.04,97.1431,1.15668,165.628
2026-06-01 02:33:27.487430+00:00,2699.32,74.12,97.1295,1.1568,165.698
2026-06-01 02:33:30.937836+00:00,2697.98,74.23,97.1175,1.15664,165.68
2026-06-01 02:33:34.228796+00:00,2695.59,74.22,97.1141,1.1569,165.727
2026-06-01 02:33:36.427789+00:00,2700.07,74.28,97.0354,1.15768,165.787
2026-06-01 02:33:41.145711+00:00,2700.3,74.33,97.0264,1.15744,165.783
2026-06-01 02:33:45.301030+00:00,2697.29,74.31,97.028,1.15757,165.882
2026-06-01 02:33:47.589523+00:00,2698.46,74.29,97.0295,1.15718,165.908
2026-06-01 02:33:52.258521+00:00,2700.04,74.25,97.0162,1.15678,165.95
2026-06-01 02:33:53.899289+00:00,2697.92,74.16,97.0361,1.15642,165.876
2026-06-01 02:33:57.385655+00:00,2700.4,74.3,97.0001,1.15644,165.895
2026-06-01 02:34:00.300084+00:00,2706.06,74.49,96.9446,1.15612,165.962
2026-06-01 02:34:05.097623+00:00,2711.53,74.6,96.9158,1.1564,165.981
2026-06-01 02:34:07.921021+00:00,2712.33,74.55,96.894,1.15618,165.86
2026-06-01 02:34:09.136514+00:00,2712.82,74.62,96.9114,1.15666,165.98
2026-06-01 02:34:13.227986+00:00,2709.06,74.64,96.9573,1.15723,166.025
2026-06-01 02:34:17.559335+00:00,2703.96,74.53,97.0368,1.15775,166.104
2026-06-01 02:34:22.428057+00:00,2701.18,74.53,97.0356,1.15828,165.975
2026-06-01 02:34:25.006324+00:00,2703.31,74.56,96.9982,1.15759,165.939
2026-06-01 02:34:28.003418+00:00,2703.34,74.46,97.019,1.15716,165.984
2026-06-01 02:34:30.190162+00:00,2699.68,74.29,97.027,1.15694,165.921
2026-06-01 02:34:32.763354+00:00,2697.51,74.19,97.0274,1.15656,165.993
2026-06-01 02:34:36.709992+00:00,2700.74,74.28,96.9677,1.15661,166.018
2026-06-01 02:34:40.560768+00:00,2700.73,74.29,96.9507,1.15704,166.008
2026-06-01 02:34:41.685222+00:00,2706.14,74.56,96.9218,1.15715,165.957
2026-06-01 02:34:43.234362+00:00,2704.93,74.52,96.9279,1.15746,165.967
2026-06-01 02:34:44.379103+00:00,2706.26,74.66,96.9103,1.1579,166.051
2026-06-01 02:34:48.475372+00:00,2705.95,74.79,96.9043,1.15818,166.028
2026-06-01 02:34:49.499657+00:00,2699.31,74.68,96.9691,1.15835,166.125
2026-06-01 02:34:52.610659+00:00,2699.61,74.75,96.9581,1.15817,166.17
2026-06-01 02:34:55.971106+00:00,2699.24,74.75,96.9803,1.15867,166.191
2026-06-01 02:34:58.315814+00:00,2697.8,74.88,96.9958,1.15896,166.017
2026-06-01 02:35:00.721000+00:00,2697.89,74.94,96.983,1.1589,166.073
2026-06-01 02:35:02.202332+00:00,2695.14,74.9,97.0285,1.1592,166.165
2026-06-01 02:35:06.324922+00:00,2697.27,74.77,97.063,1.15997,166.208
2026-06-01 02:35:08.346373+00:00,2699.71,74.82,97.024,1.15998,166.259
2026-06-01 02:35:11.058811+00:00,2703.46,74.86,96.98,1.16058,166.168
2026-06-01 02:35:15.094517+00:00,2702.33,74.85,96.9653,1.16034,166.057
2026-06-01 02:35:17.485912+00:00,2705.67,74.81,96.9637,1.16069,166.011
2026-06-01 02:35:19.177721+00:00,2698.88,74.62,97.0484,1.16067,165.938
2026-06-01 02:35:22.170627+00:00,2697.86,74.67,97.0222,1.1604,165.974
2026-06-01 02:35:24.057313+00:00,2705.63,74.72,96.9568,1.16061,166.074
2026-06-01 02:35:26.931053+00:00,2699.73,74.53,96.9795,1.16016,166.035
2026-06-01 02:35:30.421445+00:00,2701.26,74.56,96.9932,1.1602,165.986
2026-06-01 02:35:34.661659+00:00,2701.72,74.62,96.9928,1.1599,166.019
2026-06-01 02:35:36.290368+00:00,2704.71,74.61,96.963,1.16018,165.993
2026-06-01 02:35:41.180624+00:00,2705.1,74.48,97.0131,1.15999,166.069
2026-06-01 02:35:43.259877+00:00,2705.25,74.45,97.03,1.15989,166.03
2026-06-01 02:35:46.760508+00:00,2710.58,74.54,96.9454,1.16057,165.993
2026-06-01 02:35:49.163797+00:00,2717.08,74.7,96.8858,1.16136,165.825
2026-06-01 02:35:53.830424+00:00,2717.5,74.7,96.8796,1.16129,165.846
2026-06-01 02:35:56.623753+00:00,2715.96,74.73,96.8913,1.16113,166.002
2026-06-01 02:35:58.792044+00:00,2720.94,74.9,96.8501,1.16155,166.134
2026-06-01 02:36:00.607221+00:00,2722.69,74.95,96.8348,1.16186,166.134
2026-06-01 02:36:02.707806+00:00,2723.15,74.83,96.8302,1.16142,166.066
2026-06-01 02:36:04.939431+00:00,2728.43,74.92,96.8007,1.16144,165.977
2026-06-01 02:36:07.127982+00:00,2736.62,75.12,96.7168,1.16139,165.929
2026-06-01 02:36:11.788207+00:00,2737.42,75.1,96.6829,1.16215,165.954
2026-06-01 02:36:15.867045+00:00,2738.35,75.02,96.6652,1.16207,166.018
2026-06-01 02:36:17.788801+00:00,2742.03,75.16,96.6709,1.16222,166.112
2026-06-01 02:36:20.898316+00:00,2741.25,75.19,96.6369,1.16233,166.055
2026-06-01 02:36:23.249026+00:00,2744.34,75.33,96.6477,1.16177,165.966
2026-06-01 02:36:25.845952+00:00,2754.18,75.57,96.5606,1.16177,165.819
2026-06-01 02:36:26.850394+00:00,2751.94,75.46,96.5688,1.16269,165.806
2026-06-01 02:36:31.107758+00:00,2753.19,75.52,96.5486,1.16315,165.848
2026-06-01 02:36:34.982968+00:00,2749.47,75.41,96.5788,1.16335,165.905
2026-06-01 02:36:37.175738+00:00,2751.52,75.46,96.5194,1.16364,165.95
2026-06-01 02:36:41.384134+00:00,2749.16,75.44,96.5676,1.16384,165.983
2026-06-01 02:36:43.428142+00:00,2751.65,75.54,96.5253,1.16425,165.861
2026-06-01 02:36:44.867807+00:00,2754.17,75.68,96.4837,1.16431,165.873
2026-06-01 02:36:49.584096+00:00,2754.27,75.76,96.4326,1.1641,165.755
2026-06-01 02:36:50.609309+00:00,2757.3,75.86,96.4342,1.16401,165.81
2026-06-01 02:36:54.110195+00:00,2757.52,75.96,96.4696,1.16388,165.883
2026-06-01 02:36:55.894678+00:00,2758.99,76.01,96.451,1.16266,166.012
2026-06-01 02:36:58.839533+00:00,2756.82,75.94,96.4531,1.16276,166.015
2026-06-01 02:37:00.983557+00:00,2755.07,75.89,96.4888,1.16232,165.957
2026-06-01 02:37:03.623220+00:00,2756.51,75.87,96.4536,1.16231,165.956
2026-06-01 02:37:06.867507+00:00,2754.77,75.92,96.4823,1.16166,165.839
2026-06-01 02:37:11.101008+00:00,2759.76,75.83,96.4661,1.16226,165.777
2026-06-01 02:37:15.291150+00:00,2764.26,75.98,96.4037,1.16263,165.85
2026-06-01 02:37:20.082436+00:00,2771.2,76.11,96.4108,1.16313,165.9
2026-06-01 02:37:24.940756+00:00,2766.53,75.93,96.4188,1.16363,165.945
2026-06-01 02:37:26.238969+00:00,2764.72,75.86,96.4491,1.16335,165.98
2026-06-01 02:37:27.668356+00:00,2764.67,76.01,96.4318,1.16302,166.055
2026-06-01 02:37:30.307049+00:00,2765.48,75.92,96.443,1.1638,165.961
2026-06-01 02:37:33.120690+00:00,2765.67,76.16,96.4538,1.16393,165.869
2026-06-01 02:37:35.388011+00:00,2763.87,75.98,96.4537,1.16395,165.887
2026-06-01 02:37:38.139322+00:00,2764.57,76.08,96.4232,1.16419,165.91
2026-06-01 02:37:40.501394+00:00,2767.92,76.09,96.3902,1.16363,165.756
2026-06-01 02:37:42.431362+00:00,2767.41,76.0,96.3756,1.16418,165.833
2026-06-01 02:37:44.633658+00:00,2763.34,75.93,96.3971,1.16392,165.812
2026-06-01 02:37:48.475384+00:00,2768.12,75.96,96.3716,1.16395,165.739
2026-06-01 02:37:51.870394+00:00,2765.82,76.03,96.4072,1.16383,165.694
2026-06-01 02:37:52.908042+00:00,2770.53,76.03,96.371,1.16383,165.639
2026-06-01 02:37:56.242085+00:00,2770.92,76.02,96.355,1.16333,165.482
2026-06-01 02:37:59.748204+00:00,2772.81,76.25,96.3635,1.16318,165.675
2026-06-01 02:38:02.685242+00:00,2774.88,76.13,96.3468,1.16321,165.716
2026-06-01 02:38:04.907571+00:00,2772.92,76.08,96.3641,1.16311,165.694
2026-06-01 02:38:09.640292+00:00,2768.75,75.88,96.4229,1.16288,165.677
2026-06-01 02:38:12.625141+00:00,2774.81,76.01,96.3687,1.16228,165.783
2026-06-01 02:38:16.320939+00:00,2778.5,75.83,96.3321,1.16186,165.879
2026-06-01 02:38:20.809801+00:00,2782.19,75.82,96.3276,1.16179,166.03
2026-06-01 02:38:24.336610+00:00,2783.74,75.81,96.3441,1.16203,166.151
2026-06-01 02:38:26.745682+00:00,2784.34,75.87,96.3639,1.1624,166.169
2026-06-01 02:38:30.107300+00:00,2780.07,75.62,96.4154,1.16239,166.062
2026-06-01 02:38:32.269993+00:00,2784.0,75.63,96.4165,1.16323,166.138
2026-06-01 02:38:35.788388+00:00,2782.55,75.62,96.4599,1.16368,165.924
2026-06-01 02:38:40.346914+00:00,2780.1,75.48,96.4104,1.16345,165.93
2026-06-01 02:38:45.321497+00:00,2777.46,75.44,96.4293,1.16331,166.046
2026-06-01 02:38:47.373622+00:00,2776.68,75.36,96.4207,1.16372,165.987
2026-06-01 02:38:48.377021+00:00,2778.67,75.56,96.4081,1.1635,166.052
2026-06-01 02:38:51.820091+00:00,2780.56,75.53,96.3932,1.16355,165.938
2026-06-01 02:38:53.491179+00:00,2780.65,75.44,96.3762,1.16402,166.041
2026-06-01 02:38:57.730163+00:00,2783.89,75.56,96.3478,1.16365,165.976
2026-06-01 02:39:00.189316+00:00,2784.01,75.59,96.3417,1.1637,165.95
2026-06-01 02:39:04.588789+00:00,2783.02,75.69,96.3429,1.1638,165.975
2026-06-01 02:39:06.980248+00:00,2780.3,75.69,96.3981,1.16342,165.86
2026-06-01 02:39:09.461328+00:00,2782.0,75.73,96.4065,1.16297,165.821
2026-06-01 02:39:12.058630+00:00,2775.56,75.4,96.4929,1.16353,165.839
2026-06-01 02:39:15.922560+00:00,2771.76,75.43,96.543,1.16397,165.807
2026-06-01 02:39:17.350721+00:00,2769.28,75.22,96.6091,1.16404,165.883
2026-06-01 02:39:19.799214+00:00,2766.15,75.29,96.5978,1.16419,165.925
2026-06-01 02:39:23.459371+00:00,2765.53,75.29,96.5744,1.16449,165.977
2026-06-01 02:39:26.396287+00:00,2764.9,75.45,96.547,1.16398,165.977
2026-06-01 02:39:30.408798+00:00,2765.65,75.48,96.5522,1.16417,166.022
2026-06-01 02:39:31.467129+00:00,2772.22,75.59,96.4922,1.16328,166.026
2026-06-01 02:39:34.617631+00:00,2776.3,75.69,96.4702,1.16369,166.146
2026-06-01 02:39:37.204220+00:00,2777.34,75.55,96.4732,1.16389,166.165
2026-06-01 02:39:39.698990+00:00,2776.68,75.48,96.4896,1.1639,166.208
2026-06-01 02:39:44.224418+00:00,2774.18,75.34,96.5067,1.16423,166.135
2026-06-01 02:39:47.728662+00:00,2777.02,75.29,96.5045,1.16436,166.173
2026-06-01 02:39:51.569292+00:00,2781.97,75.38,96.4844,1.16451,166.152
2026-06-01 02:39:53.248686+00:00,2777.76,75.37,96.5386,1.16417,166.247
2026-06-01 02:39:56.381730+00:00,2774.38,75.42,96.5264,1.16481,166.345
2026-06-01 02:39:57.764372+00:00,2774.43,75.59,96.5494,1.16492,166.582
2026-06-01 02:39:59.938329+00:00,2775.64,75.53,96.5108,1.16484,166.592
2026-06-01 02:40:01.334813+00:00,2774.96,75.6,96.4824,1.16508,166.674
2026-06-01 02:40:04.023876+00:00,2772.75,75.69,96.5078,1.16515,166.798
2026-06-01 02:40:05.396345+00:00,2772.35,75.62,96.5004,1.16545,166.916
2026-06-01 02:40:06.435616+00:00,2774.07,75.61,96.4817,1.16501,166.882
2026-06-01 02:40:11.377750+00:00,2773.03,75.55,96.5137,1.16564,166.784
2026-06-01 02:40:15.861383+00:00,2775.26,75.53,96.562,1.16594,166.896
2026-06-01 02:40:19.445442+00:00,2779.29,75.6,96.5182,1.16561,166.897
2026-06-01 02:40:23.444045+00:00,2781.53,75.64,96.5611,1.16488,166.806
2026-06-01 02:40:26.990267+00:00,2782.5,75.61,96.5401,1.16482,166.717
2026-06-01 02:40:31.841367+00:00,2781.07,75.48,96.581,1.16481,166.703
2026-06-01 02:40:33.913326+00:00,2778.37,75.44,96.6298,1.16516,166.613
2026-06-01 02:40:37.739645+00:00,2781.99,75.47,96.6018,1.16539,166.623
2026-06-01 02:40:39.735938+00:00,2782.45,75.66,96.5477,1.16561,166.659
2026-06-01 02:40:43.045838+00:00,2783.58,75.8,96.5241,1.16522,166.578
2026-06-01 02:40:46.854760+00:00,2782.09,75.95,96.5379,1.16588,166.723
2026-06-01 02:40:51.407823+00:00,2780.11,75.72,96.5373,1.16653,166.663
2026-06-01 02:40:52.835965+00:00,2778.94,75.73,96.5653,1.16601,166.562
2026-06-01 02:40:57.099233+00:00,2784.34,75.83,96.5523,1.16556,166.643
2026-06-01 02:40:58.363693+00:00,2785.04,75.64,96.5464,1.16584,166.645
2026-06-01 02:41:02.047182+00:00,2790.39,75.67,96.523,1.16551,166.656
2026-06-01 02:41:03.753802+00:00,2791.4,75.78,96.4914,1.16533,166.719
2026-06-01 02:41:05.116746+00:00,2787.98,75.79,96.5148,1.16485,166.794
2026-06-01 02:41:09.552317+00:00,2785.17,75.57,96.5411,1.16457,166.701
2026-06-01 02:41:12.967317+00:00,2788.19,75.56,96.5373,1.16531,166.815
2026-06-01 02:41:14.338304+00:00,2792.21,75.62,96.4989,1.16549,166.722
2026-06-01 02:41:18.745796+00:00,2788.31,75.58,96.5198,1.16529,166.794
2026-06-01 02:41:21.567049+00:00,2784.52,75.56,96.5651,1.16503,166.819
2026-06-01 02:41:26.452310+00:00,2782.14,75.52,96.5956,1.16516,166.848
2026-06-01 02:41:29.640441+00:00,2779.62,75.48,96.6373,1.16494,166.928
2026-06-01 02:41:33.402111+00:00,2775.37,75.36,96.6482,1.16486,166.952
2026-06-01 02:41:36.429996+00:00,2769.71,75.09,96.7377,1.16495,166.969
2026-06-01 02:41:40.786770+00:00,2771.27,75.19,96.6979,1.16544,167.075
2026-06-01 02:41:44.027433+00:00,2771.07,74.95,96.6728,1.16564,167.178
2026-06-01 02:41:48.366049+00:00,2773.24,75.15,96.6682,1.16553,167.36
2026-06-01 02:41:53.321858+00:00,2768.35,75.04,96.6824,1.16542,167.431
2026-06-01 02:41:55.871843+00:00,2768.38,75.04,96.6358,1.16492,167.407
2026-06-01 02:41:56.978894+00:00,2765.78,75.09,96.6559,1.16448,167.35
2026-06-01 02:42:01.134166+00:00,2772.8,75.26,96.5733,1.16461,167.387
2026-06-01 02:42:02.852138+00:00,2772.3,75.24,96.5573,1.16423,167.504
2026-06-01 02:42:07.400215+00:00,2774.66,75.33,96.5363,1.16507,167.581
2026-06-01 02:42:10.243013+00:00,2777.28,75.36,96.536,1.16532,167.521
2026-06-01 02:42:14.073427+00:00,2779.79,75.24,96.5021,1.16548,167.373
2026-06-01 02:42:17.611625+00:00,2774.44,75.15,96.5608,1.16605,167.386
2026-06-01 02:42:22.082890+00:00,2771.86,75.09,96.5823,1.16634,167.414
2026-06-01 02:42:24.163009+00:00,2775.18,75.14,96.59,1.16611,167.415
2026-06-01 02:42:26.063913+00:00,2774.91,75.03,96.5948,1.16548,167.469
2026-06-01 02:42:27.765973+00:00,2779.83,75.18,96.572,1.16575,167.525
2026-06-01 02:42:29.680656+00:00,2781.13,75.22,96.5508,1.16565,167.406
2026-06-01 02:42:34.513459+00:00,2777.95,75.2,96.5838,1.16664,167.339
2026-06-01 02:42:38.244536+00:00,2781.0,75.31,96.5807,1.16704,167.35
2026-06-01 02:42:41.802162+00:00,2787.61,75.38,96.5359,1.16652,167.479
2026-06-01 02:42:44.670671+00:00,2790.1,75.39,96.4906,1.16747,167.496
2026-06-01 02:42:48.177707+00:00,2788.75,75.47,96.5128,1.16746,167.522
2026-06-01 02:42:49.255439+00:00,2784.77,75.52,96.5395,1.16719,167.493
2026-06-01 02:42:52.482037+00:00,2785.57,75.62,96.5531,1.16792,167.545
2026-06-01 02:42:55.680049+00:00,2791.2,75.71,96.5299,1.16857,167.45
2026-06-01 02:42:58.917095+00:00,2793.49,75.76,96.5106,1.16868,167.482
2026-06-01 02:43:03.099293+00:00,2797.51,75.84,96.4591,1.16854,167.51
2026-06-01 02:43:06.848313+00:00,2796.77,75.82,96.4987,1.16834,167.45
2026-06-01 02:43:11.315245+00:00,2800.41,75.89,96.4764,1.16859,167.356
2026-06-01 02:43:12.892208+00:00,2804.1,76.13,96.4078,1.16873,167.348
2026-06-01 02:43:15.143049+00:00,2799.26,75.83,96.4564,1.16914,167.312
2026-06-01 02:43:19.665763+00:00,2797.76,75.75,96.4718,1.16961,167.225
2026-06-01 02:43:22.765705+00:00,2797.64,75.62,96.5165,1.16956,167.302
2026-06-01 02:43:25.379185+00:00,2800.15,75.65,96.4875,1.16983,167.229
2026-06-01 02:43:29.892027+00:00,2798.62,75.51,96.5263,1.16978,167.223
2026-06-01 02:43:32.246545+00:00,2802.86,75.59,96.4768,1.16963,167.176
2026-06-01 02:43:35.590275+00:00,2803.63,75.61,96.4817,1.17,167.055
2026-06-01 02:43:40.422946+00:00,2809.46,75.88,96.4585,1.17017,167.166
2026-06-01 02:43:44.736131+00:00,2807.25,75.83,96.5001,1.1699,167.095
2026-06-01 02:43:47.709491+00:00,2809.0,75.8,96.5033,1.1704,167.198
2026-06-01 02:43:51.860243+00:00,2810.07,75.96,96.4905,1.17075,167.362
2026-06-01 02:43:56.355472+00:00,2811.41,75.93,96.4577,1.17103,167.405
2026-06-01 02:43:58.930834+00:00,2818.63,76.07,96.3691,1.17146,167.411
2026-06-01 02:44:02.160707+00:00,2814.34,75.88,96.4016,1.17149,167.345
2026-06-01 02:44:05.479921+00:00,2812.1,75.79,96.3933,1.17134,167.28
2026-06-01 02:44:09.950963+00:00,2814.23,75.93,96.4099,1.17161,167.322
2026-06-01 02:44:14.496486+00:00,2817.15,75.99,96.385,1.17127,167.397
2026-06-01 02:44:16.798023+00:00,2819.03,76.06,96.3709,1.17173,167.198
2026-06-01 02:44:20.824926+00:00,2823.19,76.25,96.3205,1.17215,167.178
2026-06-01 02:44:24.741670+00:00,2816.57,76.07,96.3401,1.17219,167.098
2026-06-01 02:44:27.092039+00:00,2818.32,76.27,96.3135,1.17236,167.088
2026-06-01 02:44:30.587987+00:00,2813.4,76.2,96.3692,1.17228,166.978
2026-06-01 02:44:32.886553+00:00,2815.98,76.32,96.3424,1.17172,167.027
2026-06-01 02:44:34.940200+00:00,2817.85,76.32,96.3389,1.17189,166.986
2026-06-01 02:44:38.084113+00:00,2815.96,76.2,96.3502,1.17259,167.076
2026-06-01 02:44:41.269694+00:00,2818.98,76.17,96.3864,1.17245,167.244
2026-06-01 02:44:42.511578+00:00,2822.82,76.43,96.3203,1.17228,167.293
2026-06-01 02:44:44.009973+00:00,2820.61,76.28,96.3499,1.17277,167.33
2026-06-01 02:44:48.546926+00:00,2820.37,76.15,96.3412,1.17264,167.4
2026-06-01 02:44:53.136814+00:00,2822.4,76.18,96.3114,1.17319,167.351
2026-06-01 02:44:54.849783+00:00,2823.64,76.26,96.2848,1.17358,167.468
2026-06-01 02:44:56.432024+00:00,2826.92,76.3,96.3076,1.17326,167.546
2026-06-01 02:45:01.201598+00:00,2827.97,76.34,96.2853,1.17343,167.578
2026-06-01 02:45:02.271113+00:00,2837.44,76.59,96.2162,1.1741,167.507
2026-06-01 02:45:04.049885+00:00,2834.6,76.62,96.2349,1.17378,167.629
2026-06-01 02:45:08.237787+00:00,2832.17,76.57,96.2834,1.1735,167.659
2026-06-01 02:45:09.408789+00:00,2835.34,76.68,96.2728,1.17332,167.802
2026-06-01 02:45:14.336016+00:00,2834.84,76.78,96.261,1.17346,167.75
2026-06-01 02:45:17.427974+00:00,2845.45,76.97,96.1954,1.17349,167.729
2026-06-01 02:45:21.384812+00:00,2845.9,76.86,96.1941,1.1735,167.761
2026-06-01 02:45:23.874718+00:00,2845.34,76.92,96.2037,1.17401,167.807
2026-06-01 02:45:26.048555+00:00,2845.69,76.76,96.247,1.17413,167.99
2026-06-01 02:45:28.336942+00:00,2841.8,76.72,96.2762,1.17427,168.012
2026-06-01 02:45:33.106952+00:00,2838.17,76.69,96.2668,1.17381,167.988
2026-06-01 02:45:36.774826+00:00,2842.14,76.8,96.2791,1.17406,168.024
2026-06-01 02:45:38.442596+00:00,2848.07,76.97,96.1974,1.1744,167.952
2026-06-01 02:45:42.378437+00:00,2851.24,77.09,96.1878,1.17497,167.955
2026-06-01 02:45:45.140679+00:00,2852.03,77.06,96.2035,1.17471,168.013
2026-06-01 02:45:49.274849+00:00,2855.27,76.97,96.2025,1.17471,167.971
2026-06-01 02:45:52.565501+00:00,2855.99,77.01,96.2044,1.17433,167.892
2026-06-01 02:45:55.652815+00:00,2856.75,77.06,96.2313,1.17452,167.958
2026-06-01 02:45:58.470277+00:00,2852.14,77.04,96.2536,1.17495,167.977
2026-06-01 02:46:01.578738+00:00,2862.34,77.35,96.1328,1.17538,168.027
2026-06-01 02:46:05.064580+00:00,2859.62,77.4,96.1808,1.17494,168.004
2026-06-01 02:46:09.390898+00:00,2865.45,77.57,96.1442,1.17453,167.943
2026-06-01 02:46:14.208766+00:00,2866.61,77.64,96.1635,1.17454,168.049
2026-06-01 02:46:15.723418+00:00,2867.47,77.72,96.1967,1.17457,168.035
2026-06-01 02:46:19.298825+00:00,2873.71,77.79,96.1342,1.17506,167.917
2026-06-01 02:46:21.952149+00:00,2868.84,77.68,96.1569,1.17516,167.945
2026-06-01 02:46:24.695242+00:00,2870.16,77.68,96.1896,1.17467,167.834
2026-06-01 02:46:27.663115+00:00,2874.09,77.63,96.1762,1.17426,167.783
2026-06-01 02:46:29.896466+00:00,2874.18,77.55,96.1422,1.17362,167.828
2026-06-01 02:46:31.396689+00:00,2876.89,77.53,96.1414,1.17389,167.835
2026-06-01 02:46:35.142358+00:00,2875.72,77.53,96.1742,1.17432,167.821
2026-06-01 02:46:38.590470+00:00,2876.07,77.63,96.1397,1.17459,168.067
2026-06-01 02:46:43.338406+00:00,2878.27,77.63,96.1389,1.17433,168.265
2026-06-01 02:46:44.757929+00:00,2879.17,77.65,96.1301,1.17435,168.3
2026-06-01 02:46:49.004560+00:00,2883.22,77.84,96.0747,1.1742,168.393
2026-06-01 02:46:52.479658+00:00,2875.88,77.75,96.1112,1.17374,168.262
2026-06-01 02:46:55.591574+00:00,2882.46,77.9,96.0949,1.17413,168.411
2026-06-01 02:47:00.390146+00:00,2877.46,77.86,96.134,1.17459,168.286
2026-06-01 02:47:03.240989+00:00,2881.01,77.99,96.103,1.1748,168.23
2026-06-01 02:47:05.654881+00:00,2878.92,77.91,96.1039,1.17465,168.176
2026-06-01 02:47:10.619302+00:00,2877.68,77.77,96.1449,1.17405,168.292
2026-06-01 02:47:13.825555+00:00,2877.75,77.75,96.1539,1.17304,168.232
2026-06-01 02:47:15.831542+00:00,2877.36,77.93,96.148,1.17341,168.385
2026-06-01 02:47:20.803354+00:00,2878.66,77.89,96.1401,1.17401,168.436
2026-06-01 02:47:23.142077+00:00,2885.9,78.05,96.0805,1.17405,168.554
2026-06-01 02:47:27.461332+00:00,2887.25,78.03,96.0912,1.17395,168.573
2026-06-01 02:47:32.212585+00:00,2885.95,78.01,96.0585,1.17383,168.516
2026-06-01 02:47:35.418275+00:00,2890.49,78.14,96.0021,1.17382,168.414
2026-06-01 02:47:38.546534+00:00,2891.03,78.2,96.0125,1.17429,168.441
2026-06-01 02:47:43.099140+00:00,2891.6,78.26,96.0063,1.17445,168.424
2026-06-01 02:47:47.500514+00:00,2886.22,78.0,96.0676,1.17393,168.373
2026-06-01 02:47:50.681717+00:00,2886.62,77.93,96.0566,1.17408,168.362
2026-06-01 02:47:55.234102+00:00,2887.84,78.01,96.0783,1.17402,168.384
2026-06-01 02:47:58.502529+00:00,2881.85,77.92,96.117,1.17426,168.425
2026-06-01 02:48:02.163010+00:00,2879.32,77.72,96.1374,1.17436,168.558
2026-06-01 02:48:05.690965+00:00,2876.62,77.65,96.1761,1.1748,168.533
2026-06-01 02:48:08.528029+00:00,2881.55,77.87,96.1537,1.17488,168.501
2026-06-01 02:48:10.915289+00:00,2876.92,77.77,96.1908,1.17512,168.39
2026-06-01 02:48:15.852936+00:00,2879.1,77.83,96.205,1.17528,168.367
2026-06-01 02:48:18.581632+00:00,2874.54,77.51,96.2465,1.1753,168.338
2026-06-01 02:48:20.469937+00:00,2883.61,77.76,96.1632,1.176,168.395
2026-06-01 02:48:21.779659+00:00,2880.94,77.76,96.1759,1.17607,168.427
2026-06-01 02:48:25.173184+00:00,2877.41,77.6,96.2215,1.17578,168.457
2026-06-01 02:48:28.123916+00:00,2871.89,77.4,96.2532,1.17586,168.493
2026-06-01 02:48:30.797035+00:00,2866.48,77.21,96.3118,1.17579,168.494
2026-06-01 02:48:35.083208+00:00,2866.6,77.05,96.3227,1.17585,168.48
2026-06-01 02:48:37.319399+00:00,2862.11,76.94,96.3234,1.17647,168.67
2026-06-01 02:48:41.884644+00:00,2860.3,77.0,96.3031,1.1763,168.626
2026-06-01 02:48:46.595098+00:00,2858.48,76.86,96.3012,1.17668,168.63
2026-06-01 02:48:48.544129+00:00,2856.13,76.94,96.2815,1.1771,168.649
2026-06-01 02:48:50.102297+00:00,2852.43,77.07,96.3103,1.17743,168.803
2026-06-01 02:48:52.150432+00:00,2854.98,77.05,96.3151,1.17723,168.769
2026-06-01 02:48:55.479587+00:00,2853.79,77.08,96.3034,1.17656,168.739
2026-06-01 02:48:58.321927+00:00,2853.99,77.08,96.3384,1.17676,168.701
2026-06-01 02:49:00.422969+00:00,2853.51,77.12,96.3383,1.17656,168.708
2026-06-01 02:49:01.998093+00:00,2853.75,77.18,96.2917,1.17698,168.758
2026-06-01 02:49:04.684708+00:00,2857.34,77.39,96.2598,1.17694,168.734
2026-06-01 02:49:08.790732+00:00,2852.5,77.25,96.2641,1.17752,168.619
2026-06-01 02:49:10.837486+00:00,2853.65,77.29,96.2654,1.17788,168.59
2026-06-01 02:49:13.360317+00:00,2853.68,77.4,96.3005,1.17748,168.432
2026-06-01 02:49:16.116199+00:00,2856.9,77.6,96.2953,1.178,168.573
2026-06-01 02:49:17.932618+00:00,2862.57,77.61,96.25,1.17813,168.572
2026-06-01 02:49:21.935672+00:00,2864.62,77.55,96.2636,1.17827,168.509
2026-06-01 02:49:23.591743+00:00,2859.34,77.51,96.2906,1.178,168.364
2026-06-01 02:49:27.570622+00:00,2860.56,77.49,96.2566,1.17794,168.409
2026-06-01 02:49:31.957225+00:00,2858.18,77.46,96.2834,1.17797,168.421
2026-06-01 02:49:34.502942+00:00,2856.2,77.37,96.2579,1.17842,168.465
2026-06-01 02:49:37.573967+00:00,2856.97,77.4,96.2385,1.17832,168.434
2026-06-01 02:49:38.856173+00:00,2865.98,77.61,96.1894,1.17879,168.329
2026-06-01 02:49:43.573835+00:00,2865.43,77.64,96.1887,1.17878,168.298
2026-06-01 02:49:47.728227+00:00,2866.87,77.69,96.1201,1.17843,168.331
2026-06-01 02:49:51.667740+00:00,2867.62,77.81,96.1335,1.17843,168.358
2026-06-01 02:49:55.625737+00:00,2867.21,77.68,96.1782,1.17886,168.268
2026-06-01 02:49:59.001459+00:00,2865.52,77.59,96.2086,1.17876,168.397
2026-06-01 02:50:03.415677+00:00,2868.81,77.64,96.1795,1.17952,168.493
2026-06-01 02:50:04.774052+00:00,2870.93,77.58,96.1309,1.17953,168.611
2026-06-01 02:50:08.574645+00:00,2874.48,77.72,96.117,1.17997,168.741
2026-06-01 02:50:09.719674+00:00,2874.11,77.72,96.0701,1.18009,168.807
2026-06-01 02:50:13.661080+00:00,2875.13,77.73,96.0247,1.18071,168.783
2026-06-01 02:50:17.238733+00:00,2875.17,77.76,96.0449,1.181,168.697
2026-06-01 02:50:22.159214+00:00,2876.74,77.7,96.0251,1.18105,168.712
2026-06-01 02:50:25.611171+00:00,2877.06,77.56,96.0213,1.18069,168.669
2026-06-01 02:50:28.377926+00:00,2871.94,77.42,96.0873,1.18082,168.509
2026-06-01 02:50:32.744853+00:00,2868.53,77.29,96.1076,1.18093,168.597
2026-06-01 02:50:36.854090+00:00,2864.2,77.23,96.1296,1.18089,168.642
2026-06-01 02:50:40.823421+00:00,2865.25,77.24,96.1204,1.1805,168.668
2026-06-01 02:50:43.174560+00:00,2864.41,77.29,96.139,1.18029,168.616
2026-06-01 02:50:46.543172+00:00,2860.1,77.39,96.1496,1.18001,168.532
2026-06-01 02:50:48.736103+00:00,2858.18,77.47,96.1339,1.17949,168.583
2026-06-01 02:50:53.586616+00:00,2857.72,77.51,96.1367,1.17949,168.476
2026-06-01 02:50:58.175163+00:00,2851.96,77.3,96.1871,1.17888,168.447
2026-06-01 02:50:59.557953+00:00,2851.53,77.32,96.1829,1.17867,168.554
2026-06-01 02:51:01.188655+00:00,2852.54,77.27,96.189,1.17864,168.58
2026-06-01 02:51:02.468015+00:00,2851.55,77.36,96.2184,1.17904,168.478
2026-06-01 02:51:04.635427+00:00,2848.44,77.33,96.2396,1.17882,168.597
2026-06-01 02:51:08.551565+00:00,2851.99,77.35,96.2069,1.17918,168.583
2026-06-01 02:51:12.306622+00:00,2849.13,77.26,96.2385,1.17867,168.64
2026-06-01 02:51:13.797652+00:00,2846.89,77.2,96.2518,1.17859,168.611
2026-06-01 02:51:18.321181+00:00,2847.01,77.16,96.263,1.17838,168.585
2026-06-01 02:51:20.529026+00:00,2846.22,77.05,96.2354,1.17843,168.569
2026-06-01 02:51:24.363817+00:00,2845.78,76.8,96.2797,1.17882,168.525
2026-06-01 02:51:25.767387+00:00,2845.22,76.8,96.2777,1.17828,168.703
2026-06-01 02:51:26.775698+00:00,2848.42,76.89,96.2591,1.17856,168.541
2026-06-01 02:51:31.377427+00:00,2846.93,76.85,96.2812,1.17795,168.438
2026-06-01 02:51:36.337267+00:00,2845.23,76.87,96.3294,1.17787,168.512
2026-06-01 02:51:37.456627+00:00,2848.19,76.92,96.2983,1.17752,168.427
2026-06-01 02:51:38.913465+00:00,2849.3,76.92,96.2982,1.17747,168.36
2026-06-01 02:51:39.934169+00:00,2849.7,76.82,96.3071,1.17748,168.306
2026-06-01 02:51:44.141867+00:00,2846.95,76.81,96.2864,1.17788,168.305
2026-06-01 02:51:45.415854+00:00,2846.87,76.69,96.2856,1.17726,168.418
2026-06-01 02:51:48.980519+00:00,2850.47,76.77,96.23,1.1771,168.422
2026-06-01 02:51:53.197972+00:00,2850.78,76.69,96.2342,1.17673,168.395
2026-06-01 02:51:55.362955+00:00,2845.21,76.51,96.2996,1.17673,168.412
2026-06-01 02:51:58.772941+00:00,2842.56,76.36,96.2912,1.17685,168.4
2026-06-01 02:52:01.722293+00:00,2839.82,76.27,96.3283,1.17713,168.362
2026-06-01 02:52:06.087762+00:00,2840.17,76.3,96.3587,1.17715,168.463
2026-06-01 02:52:10.423791+00:00,2836.04,76.05,96.3923,1.1774,168.263
2026-06-01 02:52:14.451699+00:00,2837.51,76.11,96.3609,1.17769,168.27
2026-06-01 02:52:16.520233+00:00,2839.26,76.18,96.3623,1.17765,168.3
2026-06-01 02:52:17.655901+00:00,2842.96,76.19,96.3363,1.17818,168.411
2026-06-01 02:52:22.014097+00:00,2842.23,76.2,96.3015,1.17822,168.554
2026-06-01 02:52:23.152598+00:00,2842.02,76.09,96.3151,1.17854,168.636
2026-06-01 02:52:26.188982+00:00,2843.12,76.18,96.2735,1.17828,168.635
2026-06-01 02:52:27.678304+00:00,2842.16,76.08,96.29,1.17799,168.726
2026-06-01 02:52:31.783366+00:00,2841.77,76.11,96.2978,1.17803,168.694
2026-06-01 02:52:36.442775+00:00,2843.29,76.12,96.28,1.17749,168.695
2026-06-01 02:52:38.524422+00:00,2845.55,76.24,96.2511,1.17735,168.611
2026-06-01 02:52:40.231477+00:00,2847.0,76.23,96.2487,1.17702,168.488
2026-06-01 02:52:42.107358+00:00,2845.63,76.14,96.2513,1.17675,168.548
2026-06-01 02:52:46.582200+00:00,2844.73,76.11,96.2933,1.1772,168.673
2026-06-01 02:52:50.150361+00:00,2839.45,75.93,96.3515,1.1776,168.706
2026-06-01 02:52:53.284794+00:00,2836.15,75.91,96.3877,1.17767,168.724
2026-06-01 02:52:56.459247+00:00,2836.78,75.97,96.3955,1.1777,168.726
2026-06-01 02:52:57.994401+00:00,2835.67,75.91,96.4056,1.17747,168.799
2026-06-01 02:52:59.298620+00:00,2836.7,75.95,96.4205,1.17733,168.839
2026-06-01 02:53:00.326472+00:00,2837.06,76.14,96.4399,1.17769,168.911
2026-06-01 02:53:04.193554+00:00,2838.55,76.18,96.4386,1.17737,168.832
2026-06-01 02:53:08.938079+00:00,2838.34,76.08,96.4429,1.17735,168.757
2026-06-01 02:53:10.178139+00:00,2829.91,75.92,96.52,1.17755,168.813
2026-06-01 02:53:11.922452+00:00,2827.13,75.9,96.5311,1.17789,168.85
2026-06-01 02:53:15.746809+00:00,2830.49,76.08,96.5303,1.17794,168.898
2026-06-01 02:53:17.947853+00:00,2829.0,76.1,96.5448,1.17817,168.927
2026-06-01 02:53:22.052985+00:00,2831.34,76.17,96.5279,1.17849,169.024
2026-06-01 02:53:26.102094+00:00,2829.83,76.0,96.5523,1.17894,169.01
2026-06-01 02:53:27.226946+00:00,2830.09,75.98,96.5501,1.17869,168.998
2026-06-01 02:53:30.409167+00:00,2828.29,75.93,96.565,1.17872,168.986
2026-06-01 02:53:33.593711+00:00,2831.27,76.07,96.5154,1.17904,169.077
2026-06-01 02:53:34.957058+00:00,2836.52,76.17,96.505,1.17963,168.993
2026-06-01 02:53:36.776091+00:00,2832.96,76.21,96.4905,1.17903,168.911
2026-06-01 02:53:38.646417+00:00,2828.28,76.0,96.5053,1.17904,168.919
2026-06-01 02:53:42.991587+00:00,2821.96,75.85,96.5496,1.17894,169.021
2026-06-01 02:53:45.877837+00:00,2828.08,75.91,96.4801,1.17904,169.024
2026-06-01 02:53:48.245769+00:00,2832.85,75.83,96.4497,1.17961,168.988
2026-06-01 02:53:51.008741+00:00,2836.15,75.99,96.4609,1.17975,168.853
2026-06-01 02:53:54.007668+00:00,2836.99,75.83,96.4878,1.17888,168.751
2026-06-01 02:53:56.478417+00:00,2839.82,75.87,96.4436,1.1782,168.814
2026-06-01 02:53:58.588557+00:00,2837.18,75.85,96.4601,1.17815,168.83
2026-06-01 02:54:01.333568+00:00,2836.53,75.86,96.4703,1.17854,168.901
2026-06-01 02:54:04.137516+00:00,2835.47,75.84,96.4732,1.1784,168.963
2026-06-01 02:54:05.655978+00:00,2837.4,76.07,96.4529,1.17849,168.95
2026-06-01 02:54:08.276588+00:00,2837.89,76.09,96.4103,1.1779,169.146
2026-06-01 02:54:10.584734+00:00,2838.48,76.1,96.3896,1.17782,169.16
2026-06-01 02:54:13.466311+00:00,2837.08,76.12,96.396,1.17798,169.224
2026-06-01 02:54:15.526746+00:00,2836.49,76.22,96.3799,1.17734,169.276
2026-06-01 02:54:17.909967+00:00,2833.39,76.24,96.3924,1.17692,169.44
2026-06-01 02:54:22.160612+00:00,2828.63,75.98,96.4413,1.17672,169.513
2026-06-01 02:54:25.621341+00:00,2830.44,75.94,96.408,1.17682,169.5
2026-06-01 02:54:28.484821+00:00,2823.84,75.75,96.4877,1.1771,169.478
2026-06-01 02:54:32.582937+00:00,2822.79,75.75,96.4789,1.17718,169.441
2026-06-01 02:54:34.785622+00:00,2823.24,75.74,96.4938,1.17731,169.489
2026-06-01 02:54:38.421859+00:00,2829.52,76.01,96.4283,1.17678,169.485
2026-06-01 02:54:42.647352+00:00,2830.85,75.91,96.4304,1.17694,169.5
2026-06-01 02:54:47.169783+00:00,2830.94,75.98,96.4621,1.17698,169.44
2026-06-01 02:54:49.887177+00:00,2834.27,76.23,96.4408,1.17753,169.503
2026-06-01 02:54:51.356414+00:00,2826.81,76.1,96.486,1.17744,169.559
2026-06-01 02:54:53.095934+00:00,2824.9,76.15,96.4979,1.17737,169.624
2026-06-01 02:54:58.034457+00:00,2827.01,76.17,96.5178,1.17674,169.668
2026-06-01 02:55:02.853561+00:00,2824.88,76.23,96.5436,1.17605,169.733
2026-06-01 02:55:07.819083+00:00,2825.87,76.21,96.4928,1.17596,169.726
2026-06-01 02:55:09.208753+00:00,2828.72,76.2,96.4715,1.17589,169.656
2026-06-01 02:55:12.083388+00:00,2824.94,76.11,96.5253,1.17566,169.677
2026-06-01 02:55:16.451165+00:00,2819.75,76.01,96.5674,1.17511,169.598
2026-06-01 02:55:20.778533+00:00,2820.02,75.92,96.5778,1.17522,169.584
2026-06-01 02:55:22.352087+00:00,2819.25,75.89,96.5948,1.17577,169.659
2026-06-01 02:55:24.491289+00:00,2820.33,75.91,96.554,1.17665,169.641
2026-06-01 02:55:27.336882+00:00,2823.16,75.99,96.5291,1.17625,169.428
2026-06-01 02:55:31.901261+00:00,2826.32,75.95,96.4975,1.17642,169.497
2026-06-01 02:55:36.386918+00:00,2828.61,75.97,96.4562,1.17673,169.333
2026-06-01 02:55:40.173604+00:00,2830.32,76.05,96.4633,1.17713,169.116
2026-06-01 02:55:41.647152+00:00,2835.68,76.27,96.391,1.17653,169.268
2026-06-01 02:55:45.081722+00:00,2832.67,76.25,96.4298,1.17694,169.293
2026-06-01 02:55:47.993786+00:00,2830.57,76.22,96.4225,1.17746,169.098
2026-06-01 02:55:49.502605+00:00,2832.98,76.36,96.3995,1.17747,169.141
2026-06-01 02:55:52.221727+00:00,2833.78,76.52,96.3732,1.17637,169.114
2026-06-01 02:55:55.799564+00:00,2832.0,76.41,96.4012,1.17591,169.158
2026-06-01 02:55:58.334082+00:00,2834.44,76.5,96.3981,1.17595,169.136
2026-06-01 02:56:02.971515+00:00,2836.8,76.61,96.3481,1.17591,169.057
2026-06-01 02:56:05.291160+00:00,2839.54,76.63,96.315,1.17614,169.053
2026-06-01 02:56:07.926623+00:00,2846.21,76.82,96.2754,1.17681,169.079
2026-06-01 02:56:10.498616+00:00,2844.05,76.73,96.2862,1.177,168.971
2026-06-01 02:56:14.840942+00:00,2843.13,76.74,96.2958,1.17711,168.877
2026-06-01 02:56:17.238802+00:00,2840.47,76.72,96.3237,1.17683,168.865
2026-06-01 02:56:19.551622+00:00,2845.82,76.82,96.2574,1.1766,168.872
2026-06-01 02:56:21.982531+00:00,2847.52,76.87,96.2394,1.17645,169.045
2026-06-01 02:56:23.526700+00:00,2844.34,76.71,96.2458,1.1768,169.005
2026-06-01 02:56:25.997608+00:00,2848.89,76.91,96.1857,1.17656,169.019
2026-06-01 02:56:30.710477+00:00,2850.25,76.97,96.1802,1.17609,168.998
2026-06-01 02:56:33.596386+00:00,2848.23,76.96,96.1825,1.1754,168.986
2026-06-01 02:56:37.955734+00:00,2845.83,76.94,96.1685,1.17515,169.021
2026-06-01 02:56:39.316011+00:00,2842.77,76.92,96.2032,1.1749,168.841
2026-06-01 02:56:44.180045+00:00,2847.91,77.12,96.1731,1.17454,168.915
2026-06-01 02:56:48.626736+00:00,2848.28,77.13,96.1756,1.17493,169.008
2026-06-01 02:56:53.411652+00:00,2845.68,76.9,96.1812,1.17457,169.049
2026-06-01 02:56:55.820578+00:00,2844.53,76.94,96.1956,1.17455,169.193
2026-06-01 02:56:58.560516+00:00,2846.34,76.97,96.1866,1.17464,169.109
2026-06-01 02:57:01.861224+00:00,2850.77,77.13,96.1876,1.1754,169.256
2026-06-01 02:57:04.220403+00:00,2851.67,77.02,96.1751,1.1756,169.266
2026-06-01 02:57:07.465314+00:00,2845.79,76.92,96.2069,1.17569,169.308
2026-06-01 02:57:12.001756+00:00,2851.48,76.98,96.1753,1.17578,169.368
2026-06-01 02:57:15.892964+00:00,2855.06,76.85,96.165,1.17598,169.355
2026-06-01 02:57:18.174627+00:00,2848.34,76.62,96.2597,1.17614,169.297
2026-06-01 02:57:20.549902+00:00,2843.11,76.52,96.312,1.17637,169.276
2026-06-01 02:57:25.253749+00:00,2847.71,76.48,96.2514,1.17711,169.358
2026-06-01 02:57:29.493567+00:00,2842.07,76.4,96.263,1.17702,169.361
2026-06-01 02:57:31.043177+00:00,2843.38,76.53,96.2535,1.17665,169.4
2026-06-01 02:57:34.108227+00:00,2847.88,76.72,96.1874,1.17668,169.312
2026-06-01 02:57:35.572158+00:00,2847.91,76.77,96.2184,1.17657,169.156
2026-06-01 02:57:39.565675+00:00,2847.83,76.77,96.2183,1.17712,169.174
2026-06-01 02:57:41.891562+00:00,2846.66,76.63,96.2248,1.17723,169.095
2026-06-01 02:57:45.099248+00:00,2846.49,76.58,96.2079,1.17739,169.083
2026-06-01 02:57:49.680282+00:00,2843.76,76.53,96.2399,1.17749,169.071
2026-06-01 02:57:54.293132+00:00,2846.57,76.59,96.2331,1.17774,169.065
2026-06-01 02:57:55.357160+00:00,2846.64,76.49,96.2315,1.17788,169.048
2026-06-01 02:57:56.599283+00:00,2848.96,76.43,96.1853,1.17736,169.082
2026-06-01 02:57:58.743768+00:00,2848.11,76.45,96.1863,1.1771,169.133
2026-06-01 02:58:01.592332+00:00,2848.6,76.55,96.1129,1.17693,169.228
2026-06-01 02:58:05.882907+00:00,2857.46,76.69,96.0134,1.17698,169.181
2026-06-01 02:58:08.724573+00:00,2854.28,76.65,96.0339,1.17669,169.133
2026-06-01 02:58:11.263340+00:00,2851.9,76.56,96.0553,1.17663,168.997
2026-06-01 02:58:14.230044+00:00,2855.65,76.54,96.0159,1.17638,169.059
2026-06-01 02:58:17.284940+00:00,2854.58,76.5,95.9953,1.1769,169.12
2026-06-01 02:58:20.520139+00:00,2852.73,76.51,96.015,1.17747,169.363
2026-06-01 02:58:23.699099+00:00,2851.75,76.43,95.9733,1.17793,169.341
2026-06-01 02:58:25.405178+00:00,2855.9,76.42,95.9273,1.17858,169.343
2026-06-01 02:58:26.833031+00:00,2852.72,76.36,95.9724,1.17884,169.364
2026-06-01 02:58:29.087453+00:00,2859.42,76.51,95.9771,1.17878,169.46
2026-06-01 02:58:33.747144+00:00,2859.54,76.46,95.9944,1.17965,169.544
2026-06-01 02:58:38.198860+00:00,2860.12,76.51,95.9584,1.17998,169.621
2026-06-01 02:58:42.672341+00:00,2861.87,76.61,95.9636,1.18021,169.58
2026-06-01 02:58:44.189758+00:00,2859.8,76.56,95.9665,1.17964,169.634
2026-06-01 02:58:45.706263+00:00,2863.01,76.43,95.9294,1.17917,169.591
2026-06-01 02:58:49.591768+00:00,2864.38,76.48,95.9006,1.17895,169.535
2026-06-01 02:58:52.966223+00:00,2871.13,76.71,95.8488,1.17903,169.644
2026-06-01 02:58:56.405307+00:00,2874.85,76.86,95.7903,1.1789,169.731
2026-06-01 02:59:01.070533+00:00,2878.26,76.96,95.8062,1.1785,169.672
2026-06-01 02:59:05.759240+00:00,2877.93,76.83,95.8061,1.17813,169.903
2026-06-01 02:59:10.222312+00:00,2878.33,76.74,95.8257,1.17753,169.83
2026-06-01 02:59:12.681604+00:00,2876.55,76.62,95.8731,1.17773,169.781
2026-06-01 02:59:16.748832+00:00,2879.19,76.65,95.8587,1.17688,169.847
2026-06-01 02:59:19.514409+00:00,2876.26,76.75,95.8662,1.17725,169.877
2026-06-01 02:59:22.645465+00:00,2877.24,76.76,95.8816,1.1776,169.843
2026-06-01 02:59:25.702911+00:00,2873.46,76.76,95.9314,1.17782,169.718
2026-06-01 02:59:28.301059+00:00,2877.57,76.83,95.9448,1.17737,169.781
2026-06-01 02:59:30.199800+00:00,2876.0,76.8,96.0059,1.17757,169.755
2026-06-01 02:59:31.276801+00:00,2874.34,76.72,96.043,1.17805,169.639
2026-06-01 02:59:33.933772+00:00,2874.68,76.67,96.0475,1.17859,169.719
2026-06-01 02:59:37.347963+00:00,2877.96,76.78,95.9911,1.1787,169.752
2026-06-01 02:59:41.135090+00:00,2882.71,76.9,95.944,1.17824,169.802
2026-06-01 02:59:42.709627+00:00,2887.37,76.9,95.938,1.17844,169.822
2026-06-01 02:59:47.192405+00:00,2884.0,76.87,95.9784,1.17822,169.825
2026-06-01 02:59:50.326220+00:00,2884.44,76.89,95.9832,1.17783,169.854
2026-06-01 02:59:55.052419+00:00,2882.55,76.77,95.9751,1.17791,169.839
2026-06-01 02:59:56.889269+00:00,2891.03,76.87,95.8709,1.17808,169.814
2026-06-01 02:59:57.903768+00:00,2895.59,76.82,95.8102,1.17786,169.856
2026-06-01 03:00:02.201752+00:00,2892.73,76.64,95.8377,1.17802,169.982
2026-06-01 03:00:05.959143+00:00,2892.56,76.78,95.8243,1.17831,169.939
2026-06-01 03:00:09.960650+00:00,2891.93,76.81,95.8342,1.17816,169.901
2026-06-01 03:00:12.569896+00:00,2892.09,76.72,95.8278,1.17815,169.897
2026-06-01 03:00:17.370184+00:00,2894.68,76.75,95.7884,1.17795,169.952
2026-06-01 03:00:21.665099+00:00,2894.52,76.7,95.7935,1.17789,170.02
2026-06-01 03:00:23.366928+00:00,2896.93,76.85,95.768,1.17801,169.848
2026-06-01 03:00:26.147525+00:00,2892.93,76.75,95.7952,1.17809,169.878
2026-06-01 03:00:27.247676+00:00,2891.89,76.84,95.8053,1.17788,169.829
2026-06-01 03:00:31.310810+00:00,2891.61,76.71,95.772,1.17826,169.941
2026-06-01 03:00:36.189207+00:00,2896.92,76.76,95.7148,1.17776,169.823
2026-06-01 03:00:39.863435+00:00,2898.54,76.93,95.703,1.1773,169.82
2026-06-01 03:00:41.397701+00:00,2897.19,76.94,95.685,1.17737,169.88
2026-06-01 03:00:44.248944+00:00,2902.06,77.13,95.6329,1.17729,169.996
2026-06-01 03:00:46.070827+00:00,2897.5,77.11,95.6654,1.17721,169.981
2026-06-01 03:00:48.950556+00:00,2899.42,77.19,95.6593,1.17762,170.016
2026-06-01 03:00:52.184859+00:00,2900.84,77.4,95.636,1.17667,170.158
2026-06-01 03:00:54.398970+00:00,2900.48,77.35,95.6414,1.17638,170.118
2026-06-01 03:00:56.959966+00:00,2898.56,77.27,95.6707,1.1765,170.157
2026-06-01 03:00:59.183128+00:00,2900.44,77.24,95.6849,1.17685,170.296
2026-06-01 03:01:00.689996+00:00,2903.14,77.14,95.6288,1.1771,170.294
2026-06-01 03:01:03.976465+00:00,2898.75,77.11,95.6173,1.17687,170.37
2026-06-01 03:01:06.771141+00:00,2894.55,77.04,95.6606,1.17675,170.497
2026-06-01 03:01:10.612998+00:00,2888.92,76.83,95.6629,1.17689,170.424
2026-06-01 03:01:15.460676+00:00,2885.28,76.79,95.7206,1.17723,170.356
2026-06-01 03:01:16.648981+00:00,2886.91,76.77,95.7129,1.17681,170.311
2026-06-01 03:01:18.117036+00:00,2890.14,76.89,95.712,1.17686,170.312
2026-06-01 03:01:21.214715+00:00,2884.81,76.72,95.7618,1.17722,170.379
2026-06-01 03:01:25.235816+00:00,2888.63,76.74,95.724,1.17698,170.44
2026-06-01 03:01:28.024514+00:00,2887.56,76.76,95.7172,1.17735,170.336
2026-06-01 03:01:32.105782+00:00,2888.51,76.85,95.6792,1.17683,170.404
2026-06-01 03:01:34.574111+00:00,2887.35,76.77,95.705,1.17696,170.431
2026-06-01 03:01:38.884446+00:00,2884.61,76.61,95.7232,1.1765,170.425
2026-06-01 03:01:43.532993+00:00,2888.27,76.66,95.6918,1.17656,170.437
2026-06-01 03:01:44.940765+00:00,2887.6,76.68,95.6503,1.17679,170.354
2026-06-01 03:01:46.939014+00:00,2888.14,76.9,95.5823,1.17639,170.385
2026-06-01 03:01:49.670524+00:00,2889.79,77.02,95.5464,1.17627,170.367
2026-06-01 03:01:53.582942+00:00,2885.79,76.98,95.5568,1.17668,170.269
2026-06-01 03:01:55.583153+00:00,2885.56,76.95,95.5828,1.17686,170.313
2026-06-01 03:01:59.394084+00:00,2891.35,77.02,95.5399,1.17668,170.311
2026-06-01 03:02:02.195729+00:00,2891.55,77.01,95.5355,1.17651,170.397
2026-06-01 03:02:06.657350+00:00,2887.41,77.08,95.5317,1.17653,170.556
2026-06-01 03:02:11.060250+00:00,2889.22,77.13,95.5295,1.1765,170.389
2026-06-01 03:02:15.517633+00:00,2888.7,77.12,95.5829,1.17663,170.447
2026-06-01 03:02:20.049921+00:00,2893.08,77.21,95.5451,1.17653,170.491
2026-06-01 03:02:24.496046+00:00,2893.52,77.12,95.5499,1.1771,170.479
2026-06-01 03:02:26.507248+00:00,2899.49,77.26,95.4965,1.17701,170.324
2026-06-01 03:02:29.332126+00:00,2905.18,77.37,95.4787,1.17697,170.425
2026-06-01 03:02:32.099155+00:00,2905.55,77.24,95.4669,1.17712,170.506
2026-06-01 03:02:34.845004+00:00,2906.49,77.2,95.4484,1.17688,170.586
2026-06-01 03:02:36.307552+00:00,2901.53,77.08,95.5014,1.17654,170.432
2026-06-01 03:02:37.953652+00:00,2902.89,77.17,95.4868,1.17684,170.479
2026-06-01 03:02:38.968151+00:00,2906.99,77.14,95.4447,1.1769,170.528
2026-06-01 03:02:42.024799+00:00,2902.06,77.09,95.4838,1.17681,170.691
2026-06-01 03:02:43.934692+00:00,2900.55,77.09,95.5073,1.17682,170.695
2026-06-01 03:02:48.637672+00:00,2900.47,77.07,95.4924,1.17673,170.676
2026-06-01 03:02:50.362447+00:00,2893.93,76.86,95.5181,1.17663,170.652
2026-06-01 03:02:55.360311+00:00,2897.25,77.01,95.5051,1.17643,170.655
2026-06-01 03:03:00.337584+00:00,2902.96,77.17,95.4449,1.1767,170.658
2026-06-01 03:03:02.368777+00:00,2897.06,76.94,95.4967,1.1764,170.704
2026-06-01 03:03:07.335844+00:00,2895.71,76.91,95.5044,1.17683,170.637
2026-06-01 03:03:08.677146+00:00,2895.06,76.82,95.5347,1.17659,170.662
2026-06-01 03:03:13.428792+00:00,2900.76,77.04,95.4833,1.17625,170.613
2026-06-01 03:03:16.145809+00:00,2897.79,77.05,95.5155,1.17617,170.555
2026-06-01 03:03:18.030320+00:00,2897.4,76.99,95.5197,1.17609,170.537
2026-06-01 03:03:22.577307+00:00,2897.97,76.99,95.5074,1.17587,170.528
2026-06-01 03:03:26.969313+00:00,2898.99,77.01,95.4968,1.17588,170.471
2026-06-01 03:03:29.103252+00:00,2901.88,77.1,95.4229,1.17583,170.388
2026-06-01 03:03:33.447713+00:00,2902.21,77.05,95.4715,1.17615,170.475
2026-06-01 03:03:34.736415+00:00,2903.84,77.1,95.4751,1.17627,170.471
2026-06-01 03:03:38.694180+00:00,2904.09,77.14,95.504,1.17587,170.571
2026-06-01 03:03:41.479155+00:00,2904.77,77.08,95.5195,1.17583,170.436
2026-06-01 03:03:46.136680+00:00,2908.99,77.23,95.4468,1.17539,170.426
2026-06-01 03:03:49.065530+00:00,2905.8,77.18,95.4326,1.17545,170.423
2026-06-01 03:03:51.057552+00:00,2897.7,77.03,95.4805,1.17566,170.465
2026-06-01 03:03:55.689837+00:00,2894.73,77.01,95.49,1.17561,170.566
2026-06-01 03:03:57.701074+00:00,2892.87,76.86,95.5087,1.17579,170.376
2026-06-01 03:03:59.702419+00:00,2891.95,76.84,95.5111,1.17542,170.434
2026-06-01 03:04:03.732431+00:00,2891.83,76.85,95.509,1.17582,170.392
2026-06-01 03:04:05.886112+00:00,2897.31,77.02,95.4685,1.17675,170.412
2026-06-01 03:04:07.729791+00:00,2898.16,76.96,95.4835,1.17657,170.494
2026-06-01 03:04:10.904312+00:00,2902.62,76.99,95.4409,1.17565,170.491
2026-06-01 03:04:12.713907+00:00,2904.91,77.01,95.4094,1.1761,170.493
2026-06-01 03:04:16.852753+00:00,2909.98,77.17,95.3451,1.17686,170.515
2026-06-01 03:04:17.912710+00:00,2916.08,77.46,95.2836,1.17717,170.422
2026-06-01 03:04:22.454720+00:00,2915.89,77.5,95.2419,1.17717,170.519
2026-06-01 03:04:27.086318+00:00,2916.09,77.4,95.2329,1.17775,170.446
2026-06-01 03:04:31.579248+00:00,2922.66,77.41,95.1404,1.17804,170.464
2026-06-01 03:04:33.693707+00:00,2925.78,77.54,95.0954,1.17802,170.44
2026-06-01 03:04:38.234329+00:00,2925.04,77.54,95.1077,1.17847,170.348
2026-06-01 03:04:42.983833+00:00,2920.97,77.32,95.1493,1.17827,170.303
2026-06-01 03:04:44.628677+00:00,2915.9,77.26,95.188,1.17848,170.269
2026-06-01 03:04:48.356728+00:00,2918.14,77.17,95.1654,1.17877,170.23
2026-06-01 03:04:50.297772+00:00,2920.84,77.32,95.1615,1.17881,170.219
2026-06-01 03:04:53.413141+00:00,2922.81,77.34,95.2025,1.17893,170.172
2026-06-01 03:04:54.804104+00:00,2921.24,77.14,95.2073,1.17879,170.198
2026-06-01 03:04:57.434702+00:00,2927.42,77.14,95.1316,1.17891,170.213
2026-06-01 03:05:01.074173+00:00,2933.84,77.34,95.0782,1.17932,170.147
2026-06-01 03:05:02.370562+00:00,2936.59,77.31,95.059,1.17984,170.12
2026-06-01 03:05:06.704269+00:00,2939.37,77.34,95.0089,1.17973,170.073
2026-06-01 03:05:10.168776+00:00,2939.23,77.32,95.0075,1.17952,170.071
2026-06-01 03:05:11.615345+00:00,2935.79,77.33,95.0555,1.17992,170.105
2026-06-01 03:05:15.496746+00:00,2933.59,77.37,95.0276,1.17982,170.171
2026-06-01 03:05:20.475879+00:00,2930.79,77.31,95.0295,1.17987,170.128
2026-06-01 03:05:24.674102+00:00,2933.1,77.37,95.0162,1.18,170.039
2026-06-01 03:05:27.688257+00:00,2932.1,77.45,95.0272,1.18026,170.185
2026-06-01 03:05:29.287068+00:00,2930.51,77.4,95.0033,1.17974,170.243
2026-06-01 03:05:32.175100+00:00,2924.95,77.29,95.0324,1.18008,170.255
2026-06-01 03:05:36.819471+00:00,2923.92,77.28,95.0255,1.18019,170.203
2026-06-01 03:05:40.515822+00:00,2924.25,77.24,95.0396,1.18025,170.281
2026-06-01 03:05:44.607983+00:00,2921.54,77.24,95.028,1.18062,170.157
2026-06-01 03:05:47.469408+00:00,2918.84,77.14,95.0568,1.18102,170.258
2026-06-01 03:05:50.465596+00:00,2913.17,77.05,95.1089,1.18076,170.217
2026-06-01 03:05:54.875845+00:00,2912.03,76.93,95.1389,1.18081,170.314
2026-06-01 03:05:59.536027+00:00,2910.79,76.76,95.1854,1.18023,170.313
2026-06-01 03:06:00.778803+00:00,2916.82,76.92,95.1162,1.17999,170.429
2026-06-01 03:06:02.628611+00:00,2919.58,76.96,95.0945,1.18028,170.457
2026-06-01 03:06:04.213245+00:00,2917.35,77.02,95.1049,1.18009,170.561
2026-06-01 03:06:05.428332+00:00,2918.59,77.11,95.1078,1.18022,170.552
2026-06-01 03:06:08.487163+00:00,2923.86,77.33,95.0468,1.18041,170.66
2026-06-01 03:06:11.283875+00:00,2923.84,77.32,95.0406,1.18087,170.725
2026-06-01 03:06:13.539513+00:00,2924.1,77.23,95.0496,1.18075,170.793
2026-06-01 03:06:14.782027+00:00,2923.77,77.24,95.0533,1.18142,170.739
2026-06-01 03:06:17.968995+00:00,2920.72,76.96,95.119,1.18148,170.629
2026-06-01 03:06:21.862729+00:00,2915.82,76.92,95.118,1.18168,170.611
2026-06-01 03:06:24.799465+00:00,2915.18,76.94,95.1505,1.18148,170.615
2026-06-01 03:06:29.446176+00:00,2913.59,76.83,95.1577,1.18135,170.646
2026-06-01 03:06:30.727141+00:00,2914.41,76.82,95.1437,1.18144,170.578
2026-06-01 03:06:35.059223+00:00,2915.92,76.88,95.1288,1.18204,170.616
2026-06-01 03:06:40.035294+00:00,2915.38,76.95,95.1187,1.18152,170.607
2026-06-01 03:06:43.232537+00:00,2915.04,76.96,95.1091,1.18152,170.715
2026-06-01 03:06:46.303930+00:00,2913.84,76.86,95.1547,1.18159,170.58
2026-06-01 03:06:50.893935+00:00,2910.07,76.85,95.1557,1.18131,170.601
2026-06-01 03:06:54.289247+00:00,2912.24,76.82,95.1089,1.18153,170.725
2026-06-01 03:06:56.603779+00:00,2909.83,76.76,95.1234,1.18147,170.847
2026-06-01 03:06:58.757961+00:00,2913.05,76.68,95.081,1.1813,170.793
2026-06-01 03:07:03.162423+00:00,2914.05,76.57,95.088,1.18133,170.829
2026-06-01 03:07:07.848346+00:00,2915.47,76.72,95.0612,1.18189,170.762
2026-06-01 03:07:12.612321+00:00,2918.84,77.03,94.9993,1.18228,170.739
2026-06-01 03:07:13.909944+00:00,2921.12,77.0,94.9229,1.1832,170.752
2026-06-01 03:07:16.121169+00:00,2912.65,76.83,94.9903,1.18297,170.758
2026-06-01 03:07:18.195948+00:00,2916.61,77.04,94.9747,1.18291,170.636
2026-06-01 03:07:19.659125+00:00,2916.75,77.03,94.9904,1.18324,170.686
2026-06-01 03:07:22.163540+00:00,2916.73,77.18,94.9671,1.18344,170.843
2026-06-01 03:07:26.325834+00:00,2914.6,77.18,94.9696,1.18372,170.828
2026-06-01 03:07:27.811585+00:00,2914.13,77.28,94.9664,1.18358,170.798
2026-06-01 03:07:29.044180+00:00,2911.82,77.22,94.9755,1.18374,170.903
2026-06-01 03:07:31.915816+00:00,2912.08,77.16,94.9714,1.18372,170.903
2026-06-01 03:07:35.690255+00:00,2913.71,77.2,94.9578,1.18346,170.86
2026-06-01 03:07:38.728030+00:00,2915.9,77.16,94.9528,1.18315,170.87
2026-06-01 03:07:40.023069+00:00,2917.55,77.01,94.9434,1.18365,170.941
2026-06-01 03:07:41.765512+00:00,2913.99,76.75,94.9806,1.18395,170.985
2026-06-01 03:07:43.397605+00:00,2913.63,76.86,94.9747,1.18342,171.093
2026-06-01 03:07:48.338539+00:00,2915.91,76.92,95.011,1.18333,171.101
2026-06-01 03:07:49.639516+00:00,2917.86,77.04,94.9317,1.18333,171.1
2026-06-01 03:07:53.134745+00:00,2916.43,77.1,94.9232,1.18342,171.103
2026-06-01 03:07:57.320727+00:00,2919.99,77.16,94.9221,1.1835,171.069
2026-06-01 03:08:02.122560+00:00,2919.33,77.19,94.9253,1.18324,171.057
2026-06-01 03:08:03.923943+00:00,2914.56,77.07,95.0003,1.18374,170.979
2026-06-01 03:08:07.384309+00:00,2915.61,77.07,94.9885,1.18364,171.14
2026-06-01 03:08:09.132307+00:00,2914.93,76.85,95.0131,1.18408,171.06
2026-06-01 03:08:12.122430+00:00,2914.1,76.81,95.0338,1.18401,171.22
2026-06-01 03:08:13.307332+00:00,2915.73,76.86,95.0658,1.18366,171.302
2026-06-01 03:08:17.097077+00:00,2914.94,76.8,95.0525,1.18364,171.266
2026-06-01 03:08:20.566608+00:00,2917.23,76.85,95.0066,1.18384,171.132
2026-06-01 03:08:25.481181+00:00,2913.59,76.79,95.0317,1.18413,171.079
2026-06-01 03:08:30.050846+00:00,2915.13,76.93,95.0112,1.1831,171.159
2026-06-01 03:08:33.631644+00:00,2913.51,76.92,94.9944,1.18315,171.21
2026-06-01 03:08:36.138932+00:00,2913.98,77.03,94.9622,1.18295,171.206
2026-06-01 03:08:37.281292+00:00,2914.61,77.15,94.9565,1.183,171.234
2026-06-01 03:08:39.818367+00:00,2917.31,77.07,94.9535,1.18306,171.297
2026-06-01 03:08:43.397172+00:00,2913.82,76.86,94.9443,1.18327,171.411
2026-06-01 03:08:44.473454+00:00,2913.51,76.83,94.9587,1.18283,171.59
2026-06-01 03:08:49.034996+00:00,2922.2,77.0,94.8959,1.18298,171.672
2026-06-01 03:08:51.046010+00:00,2918.91,76.93,94.8969,1.18344,171.628
2026-06-01 03:08:55.537557+00:00,2920.64,77.04,94.8953,1.18361,171.551
2026-06-01 03:08:56.592596+00:00,2925.59,76.98,94.8968,1.18338,171.607
2026-06-01 03:08:59.586593+00:00,2925.89,76.97,94.8729,1.18359,171.59
2026-06-01 03:09:02.527038+00:00,2920.66,76.77,94.8974,1.18379,171.539
2026-06-01 03:09:05.943538+00:00,2923.64,76.82,94.8671,1.1843,171.433
2026-06-01 03:09:08.436187+00:00,2930.14,76.95,94.8396,1.18421,171.463
2026-06-01 03:09:11.119840+00:00,2929.9,76.86,94.8511,1.18448,171.556
2026-06-01 03:09:15.034527+00:00,2928.51,76.72,94.8309,1.18424,171.632
2026-06-01 03:09:17.738344+00:00,2927.91,76.72,94.8288,1.18448,171.506
2026-06-01 03:09:20.160036+00:00,2927.91,76.61,94.8027,1.18438,171.514
2026-06-01 03:09:22.418895+00:00,2927.36,76.57,94.792,1.18451,171.623
2026-06-01 03:09:23.801963+00:00,2921.51,76.39,94.8623,1.18495,171.568
2026-06-01 03:09:26.088089+00:00,2922.9,76.48,94.828,1.18499,171.493
2026-06-01 03:09:30.971878+00:00,2926.48,76.44,94.8163,1.18532,171.476
2026-06-01 03:09:34.105118+00:00,2930.24,76.53,94.756,1.18539,171.483
2026-06-01 03:09:38.917760+00:00,2931.5,76.53,94.7438,1.18591,171.541
2026-06-01 03:09:43.664368+00:00,2938.08,76.71,94.7014,1.18646,171.65
2026-06-01 03:09:45.601109+00:00,2935.94,76.65,94.7257,1.18585,171.53
2026-06-01 03:09:47.427397+00:00,2933.03,76.6,94.7467,1.18567,171.544
2026-06-01 03:09:48.846924+00:00,2930.27,76.56,94.7473,1.18543,171.446
2026-06-01 03:09:52.869709+00:00,2932.2,76.6,94.7276,1.18557,171.482
2026-06-01 03:09:56.418775+00:00,2929.99,76.56,94.7352,1.18632,171.457
2026-06-01 03:10:00.452155+00:00,2931.64,76.69,94.7088,1.18682,171.452
2026-06-01 03:10:03.238644+00:00,2939.98,76.79,94.6312,1.18732,171.465
2026-06-01 03:10:05.062343+00:00,2940.89,76.76,94.626,1.18701,171.614
2026-06-01 03:10:08.905332+00:00,2937.49,76.7,94.6576,1.18659,171.539
2026-06-01 03:10:12.729872+00:00,2938.22,76.58,94.6473,1.1863,171.598
2026-06-01 03:10:15.585179+00:00,2937.41,76.57,94.6286,1.18603,171.583
2026-06-01 03:10:20.073409+00:00,2934.97,76.46,94.6308,1.18586,171.598
2026-06-01 03:10:23.737922+00:00,2934.27,76.47,94.6861,1.18629,171.471
2026-06-01 03:10:25.930572+00:00,2932.96,76.49,94.6759,1.18612,171.375
2026-06-01 03:10:29.992924+00:00,2930.5,76.42,94.6677,1.1865,171.421
2026-06-01 03:10:34.416947+00:00,2926.23,76.2,94.7314,1.1871,171.423
2026-06-01 03:10:37.995791+00:00,2922.88,76.1,94.7508,1.18761,171.508
2026-06-01 03:10:41.914618+00:00,2926.24,76.09,94.7057,1.18765,171.416
2026-06-01 03:10:43.407313+00:00,2928.38,76.15,94.7038,1.18701,171.533
2026-06-01 03:10:47.044852+00:00,2923.51,76.08,94.7523,1.18658,171.45
2026-06-01 03:10:51.134130+00:00,2925.21,76.02,94.7488,1.18607,171.508
2026-06-01 03:10:53.073811+00:00,2922.75,75.95,94.7931,1.18617,171.465
2026-06-01 03:10:57.843866+00:00,2926.82,76.03,94.7789,1.1859,171.421
2026-06-01 03:11:02.115767+00:00,2927.89,76.09,94.7839,1.18598,171.339
2026-06-01 03:11:06.772553+00:00,2937.06,76.29,94.7434,1.18591,171.406
2026-06-01 03:11:11.532301+00:00,2934.11,76.46,94.7259,1.18604,171.436
2026-06-01 03:11:14.778278+00:00,2935.73,76.49,94.711,1.18623,171.443
2026-06-01 03:11:16.574406+00:00,2933.92,76.64,94.7203,1.18633,171.399
2026-06-01 03:11:20.298898+00:00,2932.12,76.56,94.7577,1.18587,171.533
2026-06-01 03:11:23.988354+00:00,2934.93,76.66,94.7433,1.18542,171.678
2026-06-01 03:11:27.182969+00:00,2935.64,76.62,94.7454,1.18552,171.724
2026-06-01 03:11:32.129891+00:00,2934.54,76.66,94.7381,1.18554,171.927
2026-06-01 03:11:36.531514+00:00,2938.59,76.94,94.7178,1.1856,171.878
2026-06-01 03:11:40.981983+00:00,2934.64,76.97,94.7038,1.18595,171.882
2026-06-01 03:11:43.758573+00:00,2935.13,77.08,94.7203,1.18596,171.814
2026-06-01 03:11:48.586283+00:00,2936.83,77.04,94.7006,1.18642,171.788
2026-06-01 03:11:52.387394+00:00,2937.68,77.12,94.707,1.18635,171.71
2026-06-01 03:11:56.968055+00:00,2934.56,76.93,94.7526,1.18665,171.675
2026-06-01 03:11:58.497586+00:00,2935.51,76.85,94.7373,1.18659,171.788
2026-06-01 03:12:02.004008+00:00,2940.49,76.92,94.7088,1.18602,171.815
2026-06-01 03:12:04.044942+00:00,2942.22,77.03,94.6894,1.1861,171.775
2026-06-01 03:12:08.608693+00:00,2942.28,76.98,94.6986,1.18647,171.907
2026-06-01 03:12:12.171070+00:00,2943.47,76.92,94.7175,1.18667,171.925
2026-06-01 03:12:14.210245+00:00,2944.36,76.99,94.7293,1.18726,171.952
2026-06-01 03:12:18.087321+00:00,2951.34,77.12,94.645,1.18732,172.087
2026-06-01 03:12:19.492787+00:00,2949.2,77.08,94.682,1.1872,172.022
2026-06-01 03:12:24.241283+00:00,2950.12,76.98,94.6978,1.18756,172.185
2026-06-01 03:12:27.521233+00:00,2953.88,77.08,94.6667,1.18776,172.146
2026-06-01 03:12:29.937930+00:00,2950.27,77.1,94.6708,1.18735,172.202
2026-06-01 03:12:32.790223+00:00,2949.78,77.14,94.6885,1.18715,172.315
2026-06-01 03:12:37.108724+00:00,2952.26,77.2,94.6717,1.18707,172.187
2026-06-01 03:12:39.541139+00:00,2955.66,77.08,94.6572,1.18771,172.1
2026-06-01 03:12:43.591528+00:00,2955.33,77.2,94.6777,1.18743,172.135
2026-06-01 03:12:48.498956+00:00,2961.8,77.38,94.6192,1.18723,172.288
2026-06-01 03:12:53.034491+00:00,2958.63,77.31,94.6421,1.18697,172.32
2026-06-01 03:12:55.910473+00:00,2958.92,77.31,94.6299,1.18725,172.282
2026-06-01 03:12:57.130045+00:00,2959.16,77.38,94.6326,1.18714,172.329
2026-06-01 03:12:58.482074+00:00,2958.63,77.38,94.6864,1.18704,172.324
2026-06-01 03:13:02.707089+00:00,2955.4,77.3,94.7145,1.18733,172.355
2026-06-01 03:13:06.601095+00:00,2953.97,77.21,94.7095,1.18689,172.475
2026-06-01 03:13:08.837861+00:00,2957.25,77.37,94.6597,1.18699,172.432
2026-06-01 03:13:12.603916+00:00,2961.12,77.54,94.6138,1.18652,172.475
2026-06-01 03:13:14.518784+00:00,2959.68,77.3,94.6295,1.18632,172.455
2026-06-01 03:13:17.258094+00:00,2961.17,77.37,94.6335,1.18629,172.636
2026-06-01 03:13:21.656969+00:00,2965.21,77.47,94.585,1.18644,172.563
2026-06-01 03:13:24.503678+00:00,2960.02,77.38,94.6247,1.18641,172.562
2026-06-01 03:13:28.107971+00:00,2959.69,77.4,94.6308,1.18654,172.65
2026-06-01 03:13:32.810075+00:00,2964.66,77.45,94.5856,1.18725,172.683
2026-06-01 03:13:37.790825+00:00,2964.22,77.45,94.5912,1.18728,172.646
2026-06-01 03:13:42.203749+00:00,2965.07,77.49,94.6066,1.18746,172.555
2026-06-01 03:13:43.245453+00:00,2967.49,77.49,94.6145,1.18768,172.631
2026-06-01 03:13:44.593146+00:00,2968.98,77.38,94.6109,1.18796,172.662
2026-06-01 03:13:45.632723+00:00,2972.33,77.42,94.5459,1.18789,172.712
2026-06-01 03:13:48.264760+00:00,2972.99,77.58,94.5031,1.18787,172.672
2026-06-01 03:13:50.069579+00:00,2974.56,77.66,94.5233,1.18803,172.631
2026-06-01 03:13:54.591846+00:00,2978.76,77.75,94.5253,1.18749,172.67
2026-06-01 03:13:58.599055+00:00,2977.16,77.73,94.5321,1.18729,172.692
2026-06-01 03:14:02.944769+00:00,2977.71,77.74,94.5413,1.18766,172.745
2026-06-01 03:14:06.135893+00:00,2975.04,77.78,94.5214,1.18765,172.783
2026-06-01 03:14:07.577642+00:00,2981.83,77.81,94.4559,1.18779,172.81
2026-06-01 03:14:11.618392+00:00,2978.19,77.76,94.4639,1.18746,172.764
2026-06-01 03:14:13.929309+00:00,2978.61,77.72,94.4681,1.18829,172.691
2026-06-01 03:14:17.044257+00:00,2977.63,77.75,94.4916,1.18896,172.724
2026-06-01 03:14:19.243050+00:00,2971.73,77.56,94.571,1.18932,172.599
2026-06-01 03:14:22.344341+00:00,2977.36,77.64,94.5283,1.18985,172.443
2026-06-01 03:14:26.357661+00:00,2980.36,77.67,94.5251,1.18991,172.385
2026-06-01 03:14:30.050799+00:00,2978.94,77.56,94.5164,1.18997,172.35
2026-06-01 03:14:31.380984+00:00,2975.43,77.52,94.548,1.18962,172.396
2026-06-01 03:14:35.708516+00:00,2981.78,77.72,94.4968,1.18995,172.425
2026-06-01 03:14:37.485237+00:00,2978.71,77.78,94.5492,1.18961,172.433
2026-06-01 03:14:39.533171+00:00,2978.08,77.69,94.5353,1.18969,172.287
2026-06-01 03:14:42.313434+00:00,2980.9,77.7,94.5226,1.18992,172.33
2026-06-01 03:14:45.301767+00:00,2974.62,77.54,94.5509,1.19047,172.39
2026-06-01 03:14:48.766070+00:00,2971.01,77.55,94.5673,1.1908,172.511
2026-06-01 03:14:50.052200+00:00,2975.2,77.74,94.5201,1.19171,172.538
2026-06-01 03:14:53.817835+00:00,2978.45,77.87,94.495,1.1914,172.466
2026-06-01 03:14:56.493908+00:00,2979.44,77.71,94.4911,1.19189,172.371
2026-06-01 03:14:57.526618+00:00,2982.0,77.74,94.4499,1.19259,172.325
2026-06-01 03:14:58.887841+00:00,2974.85,77.68,94.4706,1.19303,172.337
2026-06-01 03:15:02.015986+00:00,2975.3,77.62,94.4713,1.19263,172.456
2026-06-01 03:15:03.416084+00:00,2972.83,77.46,94.4875,1.19252,172.71
2026-06-01 03:15:07.438858+00:00,2971.83,77.42,94.4567,1.19249,172.87
2026-06-01 03:15:10.776998+00:00,2974.24,77.38,94.4405,1.19258,172.817
2026-06-01 03:15:12.020097+00:00,2976.46,77.45,94.4234,1.193,172.802
2026-06-01 03:15:15.021630+00:00,2977.45,77.34,94.3983,1.19271,172.841
2026-06-01 03:15:19.369562+00:00,2980.73,77.58,94.3597,1.19269,172.778
2026-06-01 03:15:23.868520+00:00,2986.79,77.63,94.348,1.19286,172.851
2026-06-01 03:15:27.227523+00:00,2993.04,77.84,94.2986,1.19315,172.855
2026-06-01 03:15:29.830322+00:00,2993.29,77.81,94.3059,1.19335,172.93
2026-06-01 03:15:31.724582+00:00,2998.15,77.95,94.281,1.19354,173.054
2026-06-01 03:15:33.281347+00:00,2998.03,77.81,94.3221,1.19356,173.057
2026-06-01 03:15:37.322866+00:00,2995.3,77.61,94.3289,1.194,173.213
2026-06-01 03:15:41.303846+00:00,2994.7,77.62,94.3432,1.1945,173.206
2026-06-01 03:15:45.603839+00:00,2994.79,77.57,94.3478,1.19472,173.201
2026-06-01 03:15:49.726977+00:00,3003.51,77.76,94.2635,1.19471,173.139
2026-06-01 03:15:52.765109+00:00,3002.68,77.67,94.2155,1.19479,172.955
2026-06-01 03:15:55.666863+00:00,3002.75,77.59,94.2013,1.19479,172.893
2026-06-01 03:15:57.469242+00:00,3002.09,77.6,94.1867,1.19481,173.036
2026-06-01 03:15:59.856919+00:00,3003.56,77.57,94.1824,1.19474,173.045
2026-06-01 03:16:04.684500+00:00,3005.08,77.59,94.1521,1.19458,173.066
2026-06-01 03:16:09.499364+00:00,3006.1,77.77,94.1489,1.19471,173.159
2026-06-01 03:16:13.146737+00:00,3004.07,77.89,94.1665,1.19485,173.287
2026-06-01 03:16:15.185677+00:00,3006.59,77.87,94.1326,1.1953,173.351
2026-06-01 03:16:18.091650+00:00,3008.54,77.85,94.1537,1.19541,173.519
2026-06-01 03:16:22.434518+00:00,3011.13,77.89,94.1293,1.19517,173.412
2026-06-01 03:16:27.330986+00:00,3011.54,77.88,94.1161,1.19521,173.419
2026-06-01 03:16:32.284267+00:00,3018.09,78.18,94.0559,1.19552,173.394
2026-06-01 03:16:33.848930+00:00,3019.38,78.08,94.0269,1.19529,173.234
2026-06-01 03:16:36.159643+00:00,3015.35,78.01,94.0124,1.19574,173.085
2026-06-01 03:16:38.556064+00:00,3014.65,78.06,94.0198,1.19619,173.062
2026-06-01 03:16:41.486165+00:00,3013.89,78.11,94.0456,1.19633,173.088
2026-06-01 03:16:46.151385+00:00,3014.48,78.27,94.0393,1.19622,173.059
2026-06-01 03:16:48.779511+00:00,3012.99,78.29,94.042,1.19606,173.081
2026-06-01 03:16:53.199097+00:00,3020.27,78.28,93.9532,1.19599,173.021
2026-06-01 03:16:57.072265+00:00,3020.35,78.38,93.927,1.19594,173.046
2026-06-01 03:16:59.000036+00:00,3021.78,78.22,93.9161,1.19591,173.125
2026-06-01 03:17:02.446041+00:00,3024.56,78.3,93.9183,1.19635,173.155
2026-06-01 03:17:06.886466+00:00,3030.67,78.38,93.8549,1.19624,172.957
2026-06-01 03:17:09.125829+00:00,3029.22,78.32,93.8559,1.19628,172.974
2026-06-01 03:17:13.591210+00:00,3030.77,78.45,93.8124,1.19612,173.122
2026-06-01 03:17:14.838414+00:00,3026.77,78.27,93.8229,1.1962,173.188
2026-06-01 03:17:16.686927+00:00,3026.42,78.18,93.807,1.19566,173.256
2026-06-01 03:17:21.445448+00:00,3029.08,78.28,93.7979,1.19572,173.379
2026-06-01 03:17:25.850000+00:00,3025.5,78.16,93.8361,1.19523,173.506
2026-06-01 03:17:27.787366+00:00,3029.82,78.2,93.8071,1.19549,173.599
2026-06-01 03:17:32.173487+00:00,3024.98,78.01,93.8293,1.19607,173.498
2026-06-01 03:17:36.292815+00:00,3023.79,78.14,93.8766,1.19625,173.579
2026-06-01 03:17:40.714590+00:00,3024.96,78.26,93.8301,1.19621,173.681
2026-06-01 03:17:43.275868+00:00,3026.87,78.37,93.7921,1.19545,173.785
2026-06-01 03:17:46.044327+00:00,3031.2,78.5,93.7722,1.19579,173.767
2026-06-01 03:17:49.186501+00:00,3033.92,78.59,93.7462,1.1955,173.712
2026-06-01 03:17:51.992384+00:00,3039.98,78.8,93.6915,1.19551,173.775
2026-06-01 03:17:54.520199+00:00,3039.99,78.87,93.6692,1.19616,173.818
2026-06-01 03:17:58.161241+00:00,3038.37,78.74,93.6909,1.1961,173.756
2026-06-01 03:18:02.090246+00:00,3039.18,78.69,93.7036,1.19591,173.802
2026-06-01 03:18:06.321806+00:00,3035.8,78.63,93.718,1.19578,173.734
2026-06-01 03:18:09.244506+00:00,3034.06,78.56,93.7313,1.1966,173.852
2026-06-01 03:18:10.903430+00:00,3039.63,78.84,93.6782,1.19698,173.898
2026-06-01 03:18:13.158237+00:00,3039.67,78.86,93.6519,1.19696,173.977
2026-06-01 03:18:16.253134+00:00,3041.35,78.82,93.6461,1.19695,173.967
2026-06-01 03:18:19.134619+00:00,3040.59,78.8,93.667,1.19771,174.014
2026-06-01 03:18:21.028821+00:00,3044.95,78.86,93.6106,1.19782,173.799
2026-06-01 03:18:23.607210+00:00,3046.4,78.87,93.5984,1.1974,173.921
2026-06-01 03:18:27.240170+00:00,3044.14,78.89,93.6071,1.19729,173.889
2026-06-01 03:18:31.851041+00:00,3046.12,78.93,93.6039,1.19762,173.899
2026-06-01 03:18:33.923456+00:00,3047.77,79.01,93.5815,1.19724,173.981
2026-06-01 03:18:37.705257+00:00,3051.24,79.14,93.528,1.19758,174.009
2026-06-01 03:18:40.572359+00:00,3061.66,79.53,93.4624,1.1978,174.019
2026-06-01 03:18:42.382165+00:00,3062.13,79.63,93.4407,1.19776,174.002
2026-06-01 03:18:45.405388+00:00,3057.92,79.58,93.4744,1.19816,173.877
2026-06-01 03:18:47.698466+00:00,3057.97,79.59,93.4725,1.19815,173.852
2026-06-01 03:18:50.611255+00:00,3059.65,79.53,93.5149,1.19795,173.879
2026-06-01 03:18:53.072421+00:00,3061.24,79.69,93.5063,1.1979,174.0
2026-06-01 03:18:56.749472+00:00,3057.35,79.66,93.5469,1.19804,173.996
2026-06-01 03:18:58.931249+00:00,3058.26,79.66,93.5349,1.19773,174.13
2026-06-01 03:19:03.651880+00:00,3056.48,79.71,93.5624,1.19748,174.052
2026-06-01 03:19:05.271596+00:00,3061.2,79.82,93.5141,1.19742,174.107
2026-06-01 03:19:07.584596+00:00,3056.35,79.75,93.5652,1.19724,174.028
2026-06-01 03:19:09.990456+00:00,3055.39,79.88,93.5593,1.19702,173.947
2026-06-01 03:19:14.610990+00:00,3051.36,79.87,93.5593,1.19718,173.999
2026-06-01 03:19:16.127777+00:00,3054.96,80.03,93.5553,1.1973,174.033
2026-06-01 03:19:17.716974+00:00,3051.97,80.09,93.5795,1.19757,173.99
2026-06-01 03:19:19.661616+00:00,3057.01,80.16,93.5203,1.19816,173.905
2026-06-01 03:19:24.155395+00:00,3058.74,80.18,93.5249,1.1978,173.772
2026-06-01 03:19:29.047771+00:00,3060.21,80.31,93.484,1.19734,173.769
2026-06-01 03:19:33.779498+00:00,3070.56,80.57,93.3801,1.19661,173.779
2026-06-01 03:19:35.119664+00:00,3070.02,80.53,93.3661,1.19628,173.902
2026-06-01 03:19:37.581851+00:00,3066.94,80.46,93.4014,1.196,173.991
2026-06-01 03:19:39.249103+00:00,3065.0,80.54,93.3967,1.19628,174.082
2026-06-01 03:19:42.026093+00:00,3065.99,80.74,93.385,1.19638,174.06
2026-06-01 03:19:45.780029+00:00,3067.96,80.73,93.3385,1.19659,173.977
2026-06-01 03:19:47.594818+00:00,3070.5,80.87,93.2973,1.19642,173.956
2026-06-01 03:19:49.228947+00:00,3067.41,80.62,93.3565,1.19659,173.946
2026-06-01 03:19:51.538870+00:00,3069.12,80.62,93.3496,1.19688,173.874
2026-06-01 03:19:55.109218+00:00,3066.76,80.49,93.3476,1.19675,173.81
2026-06-01 03:19:58.596056+00:00,3066.2,80.41,93.3157,1.19607,173.879
2026-06-01 03:20:01.301902+00:00,3066.33,80.34,93.3314,1.19605,173.889
2026-06-01 03:20:02.788888+00:00,3066.17,80.25,93.3402,1.19665,174.035
2026-06-01 03:20:04.200423+00:00,3063.53,80.17,93.3497,1.19665,173.959
2026-06-01 03:20:07.187594+00:00,3058.99,79.77,93.3864,1.19634,174.031
2026-06-01 03:20:08.573856+00:00,3063.99,79.82,93.3331,1.19607,174.062
2026-06-01 03:20:13.517026+00:00,3060.77,79.67,93.3857,1.19545,173.991
2026-06-01 03:20:15.944460+00:00,3056.21,79.51,93.447,1.1955,174.037
2026-06-01 03:20:17.906272+00:00,3055.0,79.47,93.4612,1.19568,174.279
2026-06-01 03:20:20.186578+00:00,3058.1,79.6,93.4037,1.19616,174.26
2026-06-01 03:20:23.736022+00:00,3056.53,79.52,93.427,1.1962,174.183
2026-06-01 03:20:25.375654+00:00,3056.01,79.51,93.3902,1.19594,174.156
2026-06-01 03:20:28.811638+00:00,3060.4,79.66,93.3556,1.19626,174.089
2026-06-01 03:20:32.184575+00:00,3058.76,79.58,93.373,1.19623,174.201
2026-06-01 03:20:35.959913+00:00,3062.25,79.54,93.3204,1.19593,174.278
2026-06-01 03:20:38.929185+00:00,3063.94,79.56,93.2642,1.196,174.281
2026-06-01 03:20:40.886206+00:00,3067.32,79.67,93.2106,1.1958,174.367
2026-06-01 03:20:45.407247+00:00,3063.5,79.69,93.2121,1.19621,174.373
2026-06-01 03:20:47.040850+00:00,3064.64,79.57,93.2438,1.196,174.393
2026-06-01 03:20:50.643735+00:00,3064.76,79.52,93.2293,1.19566,174.565
2026-06-01 03:20:55.554557+00:00,3064.96,79.57,93.2467,1.19564,174.588
2026-06-01 03:20:56.908757+00:00,3067.09,79.49,93.194,1.1962,174.374
2026-06-01 03:21:00.806532+00:00,3067.55,79.52,93.1645,1.19635,174.399
2026-06-01 03:21:05.158331+00:00,3076.79,79.85,93.0567,1.19674,174.424
2026-06-01 03:21:07.434358+00:00,3078.21,80.01,93.0511,1.19649,174.38
2026-06-01 03:21:12.080373+00:00,3081.63,79.95,93.0351,1.19612,174.424
2026-06-01 03:21:14.582862+00:00,3078.78,79.85,93.0831,1.19629,174.536
2026-06-01 03:21:18.389630+00:00,3088.38,80.2,92.9865,1.19676,174.476
2026-06-01 03:21:21.828954+00:00,3089.22,80.26,92.9605,1.19648,174.534
2026-06-01 03:21:24.681907+00:00,3086.24,80.22,92.9658,1.19656,174.585
2026-06-01 03:21:27.276362+00:00,3086.84,80.23,92.9673,1.19639,174.559
2026-06-01 03:21:30.205323+00:00,3082.08,80.14,92.9697,1.19603,174.447
2026-06-01 03:21:33.843400+00:00,3082.13,80.2,92.9583,1.19612,174.417
2026-06-01 03:21:35.892005+00:00,3084.85,80.22,92.9042,1.19656,174.458
2026-06-01 03:21:38.579565+00:00,3082.15,80.19,92.8861,1.19615,174.453
2026-06-01 03:21:39.972956+00:00,3079.91,80.21,92.903,1.19599,174.408
2026-06-01 03:21:42.744633+00:00,3078.25,80.22,92.8935,1.19654,174.464
2026-06-01 03:21:46.352564+00:00,3069.69,80.09,92.9743,1.19642,174.466
2026-06-01 03:21:50.185163+00:00,3071.48,79.99,92.9552,1.19703,174.475
2026-06-01 03:21:51.868846+00:00,3080.7,80.07,92.8876,1.19696,174.575
2026-06-01 03:21:54.534055+00:00,3088.02,80.17,92.8594,1.19673,174.372
2026-06-01 03:21:58.452519+00:00,3086.45,80.22,92.8228,1.19649,174.401
2026-06-01 03:22:02.090255+00:00,3087.74,80.4,92.8387,1.19626,174.543
2026-06-01 03:22:06.786791+00:00,3093.44,80.55,92.786,1.19606,174.504
2026-06-01 03:22:10.957722+00:00,3098.49,80.61,92.7293,1.19581,174.497
2026-06-01 03:22:12.719629+00:00,3100.42,80.76,92.7048,1.19588,174.59
2026-06-01 03:22:14.898296+00:00,3101.36,80.74,92.6743,1.19604,174.712
2026-06-01 03:22:16.612666+00:00,3104.11,80.69,92.6597,1.19595,174.65
2026-06-01 03:22:21.224531+00:00,3104.17,80.75,92.646,1.19586,174.747
2026-06-01 03:22:23.050029+00:00,3111.61,81.02,92.6269,1.19603,174.75
2026-06-01 03:22:25.226725+00:00,3116.38,81.09,92.5901,1.19667,174.734
2026-06-01 03:22:30.024229+00:00,3120.81,81.34,92.5385,1.19639,174.813
2026-06-01 03:22:33.424319+00:00,3117.43,81.38,92.5341,1.19656,174.922
2026-06-01 03:22:35.120354+00:00,3116.2,81.36,92.5165,1.19661,174.906
2026-06-01 03:22:39.060378+00:00,3115.33,81.44,92.534,1.19711,175.045
2026-06-01 03:22:42.513464+00:00,3113.95,81.36,92.5201,1.19726,174.964
2026-06-01 03:22:45.973221+00:00,3113.51,81.42,92.4748,1.19753,174.938
2026-06-01 03:22:47.611503+00:00,3113.65,81.35,92.4877,1.19748,174.987
2026-06-01 03:22:50.261896+00:00,3118.39,81.4,92.4784,1.19718,174.932
2026-06-01 03:22:55.103339+00:00,3119.59,81.3,92.4956,1.19718,174.903
2026-06-01 03:22:59.487116+00:00,3122.22,81.58,92.4591,1.19726,175.039
2026-06-01 03:23:02.954448+00:00,3124.62,81.43,92.4433,1.19743,175.137
2026-06-01 03:23:05.065374+00:00,3128.26,81.58,92.4279,1.19668,175.265
2026-06-01 03:23:06.474994+00:00,3126.1,81.53,92.4493,1.19631,175.109
2026-06-01 03:23:10.109463+00:00,3124.13,81.33,92.458,1.19648,175.03
2026-06-01 03:23:12.993112+00:00,3122.62,81.31,92.4509,1.19656,175.071
2026-06-01 03:23:16.106686+00:00,3118.91,81.15,92.4858,1.19684,175.063
2026-06-01 03:23:20.056324+00:00,3123.17,81.3,92.4651,1.19726,175.102
2026-06-01 03:23:24.723522+00:00,3116.75,81.15,92.507,1.19741,175.041
2026-06-01 03:23:26.231623+00:00,3123.34,81.32,92.4361,1.19707,175.038
2026-06-01 03:23:29.032722+00:00,3123.47,81.46,92.4302,1.19707,175.113
2026-06-01 03:23:33.711449+00:00,3123.82,81.34,92.4087,1.19714,175.101
2026-06-01 03:23:37.630654+00:00,3121.5,81.29,92.4152,1.19697,175.126
2026-06-01 03:23:38.915489+00:00,3117.46,81.25,92.4403,1.19683,175.057
2026-06-01 03:23:40.211830+00:00,3114.12,81.34,92.4761,1.19637,175.124
2026-06-01 03:23:45.066057+00:00,3111.78,81.23,92.5318,1.19599,175.157
2026-06-01 03:23:49.561849+00:00,3110.74,81.2,92.5713,1.19627,175.106
2026-06-01 03:23:50.830299+00:00,3121.21,81.39,92.4914,1.19652,175.162
2026-06-01 03:23:53.392649+00:00,3124.35,81.51,92.4592,1.1973,175.335
2026-06-01 03:23:56.801859+00:00,3127.19,81.58,92.4282,1.19726,175.158
2026-06-01 03:23:58.605784+00:00,3134.04,81.57,92.3995,1.19728,175.148
2026-06-01 03:24:02.792777+00:00,3133.36,81.61,92.3845,1.19733,175.041
2026-06-01 03:24:04.566814+00:00,3136.48,81.68,92.3651,1.19832,174.97
2026-06-01 03:24:07.500848+00:00,3139.53,81.91,92.348,1.19856,175.019
2026-06-01 03:24:10.449070+00:00,3134.97,81.8,92.3923,1.19867,175.009
2026-06-01 03:24:14.104742+00:00,3136.85,81.81,92.3054,1.19913,175.008
2026-06-01 03:24:18.098038+00:00,3140.04,81.97,92.2735,1.1993,175.037
2026-06-01 03:24:22.802036+00:00,3143.69,81.87,92.2601,1.19939,175.048
2026-06-01 03:24:23.988490+00:00,3141.78,81.96,92.2671,1.20029,175.099
2026-06-01 03:24:26.696237+00:00,3141.76,81.95,92.2971,1.1999,174.955
2026-06-01 03:24:30.016682+00:00,3144.29,82.01,92.2968,1.20011,174.838
2026-06-01 03:24:32.670199+00:00,3147.24,82.04,92.262,1.20002,174.892
2026-06-01 03:24:33.866978+00:00,3150.56,82.22,92.1924,1.20022,174.948
2026-06-01 03:24:35.081277+00:00,3150.85,82.3,92.193,1.19977,175.075
2026-06-01 03:24:37.606056+00:00,3154.55,82.31,92.1855,1.20052,175.072
2026-06-01 03:24:41.520394+00:00,3153.51,82.26,92.1603,1.2006,175.05
2026-06-01 03:24:43.381586+00:00,3153.63,82.28,92.1297,1.20069,174.92
2026-06-01 03:24:45.506719+00:00,3153.9,82.31,92.0923,1.20095,174.902
2026-06-01 03:24:47.105968+00:00,3152.12,82.23,92.0763,1.20147,174.953
2026-06-01 03:24:49.106502+00:00,3151.4,82.15,92.0751,1.20174,174.978
2026-06-01 03:24:52.843661+00:00,3156.25,82.31,91.994,1.20184,175.108
2026-06-01 03:24:54.513355+00:00,3154.15,82.34,92.0073,1.20204,175.248
2026-06-01 03:24:56.953762+00:00,3156.19,82.22,92.0091,1.20225,175.143
2026-06-01 03:24:58.555838+00:00,3154.01,82.11,92.0535,1.20238,175.155
2026-06-01 03:25:00.183842+00:00,3154.02,82.17,92.0652,1.20225,175.266
2026-06-01 03:25:01.489381+00:00,3156.9,82.23,92.0535,1.20162,175.294
2026-06-01 03:25:02.666617+00:00,3162.81,82.37,91.9945,1.20182,175.284
2026-06-01 03:25:06.680334+00:00,3166.09,82.45,91.9446,1.20251,175.275
2026-06-01 03:25:07.978796+00:00,3161.45,82.33,91.9666,1.20272,175.228
2026-06-01 03:25:11.218628+00:00,3162.28,82.5,92.0015,1.20331,175.384
2026-06-01 03:25:13.682271+00:00,3169.37,82.61,91.9713,1.20298,175.304
2026-06-01 03:25:16.174219+00:00,3166.0,82.37,91.9699,1.20278,175.211
2026-06-01 03:25:18.722444+00:00,3169.7,82.51,91.9465,1.20273,175.301
2026-06-01 03:25:19.900184+00:00,3170.91,82.41,91.9408,1.2023,175.34
2026-06-01 03:25:21.436555+00:00,3169.39,82.44,91.9394,1.20239,175.359
2026-06-01 03:25:24.583489+00:00,3168.22,82.33,91.9349,1.20266,175.445
2026-06-01 03:25:27.701416+00:00,3170.1,82.22,91.9427,1.20198,175.501
2026-06-01 03:25:30.012952+00:00,3177.5,82.42,91.8887,1.20208,175.707
2026-06-01 03:25:31.908568+00:00,3173.47,82.32,91.9412,1.20189,175.75
2026-06-01 03:25:36.263991+00:00,3178.31,82.5,91.9349,1.20203,175.718
2026-06-01 03:25:40.784464+00:00,3178.48,82.72,91.9183,1.20223,175.599
2026-06-01 03:25:42.258420+00:00,3178.67,82.79,91.9248,1.20276,175.719
2026-06-01 03:25:45.524635+00:00,3177.25,82.71,91.9295,1.20284,175.747
2026-06-01 03:25:47.600923+00:00,3177.68,82.55,91.9306,1.20248,175.737
2026-06-01 03:25:50.497283+00:00,3181.59,82.66,91.9057,1.20238,175.776
2026-06-01 03:25:53.105580+00:00,3180.97,82.65,91.9025,1.20287,175.891
2026-06-01 03:25:57.614216+00:00,3188.83,82.79,91.8408,1.20285,175.864
2026-06-01 03:26:01.952793+00:00,3190.89,82.72,91.8475,1.20221,175.852
2026-06-01 03:26:05.465904+00:00,3195.78,82.79,91.8493,1.20208,175.69
2026-06-01 03:26:09.653089+00:00,3194.9,82.76,91.8455,1.20193,175.746
2026-06-01 03:26:12.547950+00:00,3192.41,82.53,91.8989,1.20179,175.883
2026-06-01 03:26:16.606893+00:00,3192.52,82.38,91.8863,1.20183,175.994
2026-06-01 03:26:19.893412+00:00,3197.0,82.52,91.8467,1.20213,176.009
2026-06-01 03:26:24.532562+00:00,3195.04,82.45,91.8895,1.20197,175.968
2026-06-01 03:26:27.671737+00:00,3195.58,82.35,91.9299,1.20162,176.018
2026-06-01 03:26:29.298647+00:00,3198.4,82.46,91.9214,1.20145,176.162
2026-06-01 03:26:33.687638+00:00,3193.16,82.25,91.9065,1.20169,176.357
2026-06-01 03:26:35.531264+00:00,3185.36,82.1,91.9884,1.20143,176.414
2026-06-01 03:26:36.685525+00:00,3188.42,82.09,91.9991,1.20148,176.386
2026-06-01 03:26:37.841592+00:00,3190.1,82.0,91.9674,1.2018,176.344
2026-06-01 03:26:42.323812+00:00,3189.13,82.11,91.9714,1.20183,176.365
2026-06-01 03:26:46.776273+00:00,3182.7,81.99,92.0166,1.20206,176.341
2026-06-01 03:26:51.673076+00:00,3187.38,82.04,91.999,1.20201,176.338
2026-06-01 03:26:55.899456+00:00,3190.56,82.13,92.0067,1.20187,176.269
2026-06-01 03:26:57.915031+00:00,3193.81,82.31,91.9481,1.20277,176.311
2026-06-01 03:27:02.164854+00:00,3194.51,82.36,91.9354,1.20237,176.074
2026-06-01 03:27:05.688830+00:00,3195.73,82.51,91.9204,1.20237,176.14
2026-06-01 03:27:09.086767+00:00,3198.34,82.68,91.8796,1.2024,176.204
2026-06-01 03:27:11.131438+00:00,3201.8,82.66,91.8192,1.20235,176.293
2026-06-01 03:27:14.438035+00:00,3203.82,82.7,91.8097,1.20202,176.366
2026-06-01 03:27:19.241430+00:00,3206.31,82.81,91.7522,1.20211,176.362
2026-06-01 03:27:21.074896+00:00,3210.43,82.98,91.7076,1.20131,176.35
2026-06-01 03:27:23.709178+00:00,3211.47,83.02,91.6901,1.20122,176.262
2026-06-01 03:27:27.087172+00:00,3204.75,82.79,91.7621,1.20045,176.293
2026-06-01 03:27:29.186975+00:00,3211.79,82.97,91.7088,1.20066,176.266
2026-06-01 03:27:30.911974+00:00,3209.5,82.73,91.7491,1.20054,176.273
2026-06-01 03:27:33.675779+00:00,3209.96,82.71,91.7549,1.20044,176.268
2026-06-01 03:27:38.239734+00:00,3216.3,83.0,91.6966,1.20102,176.328
2026-06-01 03:27:41.981380+00:00,3217.95,83.02,91.7076,1.20156,176.343
2026-06-01 03:27:45.609341+00:00,3215.74,83.02,91.7004,1.20146,176.268
2026-06-01 03:27:50.041868+00:00,3216.53,82.96,91.6633,1.20127,176.234
2026-06-01 03:27:51.440783+00:00,3217.31,83.01,91.6619,1.20156,176.08
2026-06-01 03:27:52.561831+00:00,3214.47,82.94,91.7081,1.20103,176.047
2026-06-01 03:27:54.880403+00:00,3213.87,82.92,91.7221,1.20102,176.17
2026-06-01 03:27:59.685859+00:00,3218.12,83.06,91.6875,1.20125,176.143
2026-06-01 03:28:01.787949+00:00,3216.85,83.08,91.6509,1.20146,176.055
2026-06-01 03:28:06.696980+00:00,3218.02,83.1,91.6321,1.20141,176.162
2026-06-01 03:28:07.945459+00:00,3216.78,83.02,91.6597,1.20146,176.105
2026-06-01 03:28:11.597293+00:00,3216.62,83.14,91.656,1.20098,176.154
2026-06-01 03:28:12.839351+00:00,3224.55,83.2,91.5992,1.201,176.159
2026-06-01 03:28:15.507309+00:00,3225.5,83.16,91.6034,1.20062,176.099
2026-06-01 03:28:18.912105+00:00,3222.73,83.08,91.6479,1.20036,176.0
2026-06-01 03:28:20.442466+00:00,3221.12,83.06,91.6265,1.20055,175.931
2026-06-01 03:28:22.352011+00:00,3220.8,82.82,91.6475,1.20069,175.869
2026-06-01 03:28:26.526236+00:00,3221.22,82.95,91.6766,1.2014,175.818
2026-06-01 03:28:28.934555+00:00,3215.96,82.89,91.6833,1.20109,175.756
2026-06-01 03:28:30.347033+00:00,3217.66,82.86,91.674,1.2007,175.727
2026-06-01 03:28:34.433892+00:00,3213.33,82.69,91.7187,1.20071,175.715
2026-06-01 03:28:36.420088+00:00,3220.02,82.8,91.6566,1.20031,175.717
2026-06-01 03:28:40.876291+00:00,3218.44,82.72,91.6359,1.19994,175.727
2026-06-01 03:28:43.454047+00:00,3219.04,82.78,91.6175,1.19995,175.65
2026-06-01 03:28:46.100824+00:00,3220.28,82.71,91.6041,1.19996,175.68
2026-06-01 03:28:47.846363+00:00,3220.47,82.8,91.6022,1.19972,175.591
2026-06-01 03:28:51.819618+00:00,3216.31,82.76,91.6389,1.20026,175.506
2026-06-01 03:28:56.198765+00:00,3219.25,82.63,91.6084,1.20012,175.615
2026-06-01 03:29:00.231756+00:00,3217.28,82.55,91.6031,1.19995,175.752
2026-06-01 03:29:02.795858+00:00,3218.17,82.61,91.5969,1.19951,175.661
2026-06-01 03:29:04.544941+00:00,3223.46,82.59,91.5696,1.19889,175.599
2026-06-01 03:29:08.601424+00:00,3227.55,82.66,91.5558,1.19892,175.683
2026-06-01 03:29:10.182477+00:00,3232.18,82.77,91.4988,1.19919,175.777
2026-06-01 03:29:13.975664+00:00,3225.19,82.51,91.552,1.19877,175.673
2026-06-01 03:29:18.686735+00:00,3228.92,82.6,91.5263,1.19914,175.644
2026-06-01 03:29:21.263555+00:00,3227.17,82.65,91.5332,1.19906,175.684
2026-06-01 03:29:25.886410+00:00,3233.65,82.79,91.5158,1.19956,175.791
2026-06-01 03:29:29.410012+00:00,3231.24,82.59,91.5444,1.19961,175.647
2026-06-01 03:29:31.134986+00:00,3234.99,82.68,91.481,1.19981,175.696
2026-06-01 03:29:35.980205+00:00,3234.38,82.89,91.4576,1.19958,175.763
2026-06-01 03:29:40.142582+00:00,3229.51,82.9,91.4937,1.19978,175.785
2026-06-01 03:29:41.390584+00:00,3226.96,82.84,91.5255,1.19995,175.714
2026-06-01 03:29:45.278911+00:00,3227.36,82.88,91.4802,1.19967,175.883
2026-06-01 03:29:48.531238+00:00,3221.35,82.8,91.5092,1.19975,176.011
2026-06-01 03:29:53.061063+00:00,3223.05,82.85,91.4982,1.2,176.02
2026-06-01 03:29:56.251521+00:00,3224.96,82.87,91.4745,1.20029,176.052
2026-06-01 03:29:58.146824+00:00,3216.88,82.66,91.5252,1.20075,176.33
2026-06-01 03:30:01.996081+00:00,3209.19,82.47,91.5866,1.20097,176.349
2026-06-01 03:30:03.125960+00:00,3208.17,82.48,91.6023,1.20106,176.307
2026-06-01 03:30:05.489001+00:00,3218.37,82.78,91.5128,1.20115,176.329
2026-06-01 03:30:09.658268+00:00,3211.04,82.56,91.5516,1.20079,176.34
2026-06-01 03:30:12.030567+00:00,3216.1,82.58,91.4916,1.20068,176.227
2026-06-01 03:30:13.413075+00:00,3219.25,82.56,91.4819,1.20055,176.181
2026-06-01 03:30:16.704662+00:00,3219.09,82.51,91.4443,1.2006,176.279
2026-06-01 03:30:19.480992+00:00,3223.81,82.52,91.4377,1.20022,176.346
2026-06-01 03:30:21.575232+00:00,3230.26,82.79,91.3789,1.2002,176.275
2026-06-01 03:30:24.256041+00:00,3230.94,82.8,91.3666,1.20005,176.311
2026-06-01 03:30:27.208451+00:00,3228.88,82.63,91.3573,1.19957,176.248
2026-06-01 03:30:28.671027+00:00,3227.4,82.54,91.4062,1.19914,176.357
2026-06-01 03:30:32.951556+00:00,3226.05,82.58,91.3997,1.19888,176.516
2026-06-01 03:30:34.645288+00:00,3218.43,82.42,91.4829,1.19876,176.748
2026-06-01 03:30:36.252876+00:00,3217.73,82.36,91.4636,1.19837,176.802
2026-06-01 03:30:38.467488+00:00,3214.63,82.25,91.4889,1.19767,176.898
2026-06-01 03:30:42.014617+00:00,3217.94,82.22,91.4669,1.19752,176.776
2026-06-01 03:30:46.422044+00:00,3223.27,82.26,91.417,1.19752,176.91
2026-06-01 03:30:50.963790+00:00,3221.61,82.26,91.4283,1.19762,176.94
2026-06-01 03:30:53.459306+00:00,3221.73,82.34,91.4145,1.19794,177.065
2026-06-01 03:30:57.739958+00:00,3223.08,82.23,91.4174,1.19815,177.109
2026-06-01 03:30:59.328563+00:00,3224.67,82.25,91.4505,1.19816,177.044
2026-06-01 03:31:01.720459+00:00,3223.65,82.25,91.4666,1.19788,177.145
2026-06-01 03:31:04.512360+00:00,3230.42,82.56,91.4266,1.1987,177.192
2026-06-01 03:31:06.625555+00:00,3232.27,82.54,91.4276,1.1992,177.269
2026-06-01 03:31:10.131882+00:00,3232.61,82.6,91.4389,1.1995,177.305
2026-06-01 03:31:13.070028+00:00,3229.01,82.57,91.474,1.19977,177.255
2026-06-01 03:31:14.744065+00:00,3226.96,82.45,91.4769,1.20029,177.27
2026-06-01 03:31:15.852190+00:00,3233.35,82.61,91.4037,1.20018,177.176
2026-06-01 03:31:20.305879+00:00,3226.57,82.49,91.4299,1.20003,177.218
2026-06-01 03:31:23.149394+00:00,3221.6,82.43,91.4867,1.20024,177.221
2026-06-01 03:31:27.482511+00:00,3219.53,82.52,91.5061,1.20022,177.276
2026-06-01 03:31:29.595169+00:00,3220.19,82.51,91.4944,1.20061,177.117
2026-06-01 03:31:31.883998+00:00,3221.28,82.39,91.4607,1.20062,177.133
2026-06-01 03:31:34.872680+00:00,3225.12,82.32,91.4445,1.2009,177.158
2026-06-01 03:31:39.092717+00:00,3224.17,82.29,91.453,1.20083,177.355
2026-06-01 03:31:42.632666+00:00,3222.28,82.13,91.5011,1.20074,177.372
2026-06-01 03:31:44.102158+00:00,3223.56,82.25,91.4771,1.20083,177.154
2026-06-01 03:31:49.096057+00:00,3224.42,82.28,91.4999,1.20088,177.303
2026-06-01 03:31:53.144305+00:00,3224.6,82.38,91.5061,1.20113,177.276
2026-06-01 03:31:54.523928+00:00,3227.73,82.44,91.4686,1.20092,177.226
2026-06-01 03:31:55.591507+00:00,3222.28,82.54,91.4705,1.20066,177.068
2026-06-01 03:32:00.245044+00:00,3225.24,82.58,91.4385,1.2009,177.034
2026-06-01 03:32:02.229053+00:00,3216.8,82.31,91.4954,1.20125,177.166
2026-06-01 03:32:04.111874+00:00,3212.34,82.12,91.5911,1.20178,177.318
2026-06-01 03:32:07.871152+00:00,3215.76,82.16,91.5553,1.20151,177.377
2026-06-01 03:32:12.776021+00:00,3220.68,82.23,91.4826,1.20162,177.489
2026-06-01 03:32:14.349872+00:00,3227.17,82.37,91.4464,1.20211,177.402
2026-06-01 03:32:17.058019+00:00,3228.32,82.25,91.4551,1.20236,177.416
2026-06-01 03:32:20.280545+00:00,3234.6,82.38,91.4462,1.20205,177.409
2026-06-01 03:32:24.060867+00:00,3245.78,82.48,91.3773,1.20213,177.452
2026-06-01 03:32:26.887070+00:00,3252.98,82.59,91.3602,1.20238,177.457
2026-06-01 03:32:31.132268+00:00,3248.84,82.5,91.4111,1.20205,177.631
2026-06-01 03:32:32.843033+00:00,3247.85,82.4,91.4166,1.20233,177.599
2026-06-01 03:32:36.434482+00:00,3250.57,82.46,91.3883,1.2027,177.678
2026-06-01 03:32:40.584884+00:00,3251.45,82.39,91.3714,1.20306,177.773
2026-06-01 03:32:42.114553+00:00,3252.95,82.38,91.3523,1.20308,177.875
2026-06-01 03:32:44.099776+00:00,3250.89,82.51,91.3911,1.20279,178.008
2026-06-01 03:32:47.991003+00:00,3246.59,82.39,91.4177,1.20304,178.024
2026-06-01 03:32:49.373519+00:00,3248.26,82.48,91.3995,1.20256,178.072
2026-06-01 03:32:54.332379+00:00,3247.71,82.45,91.3868,1.2025,178.23
2026-06-01 03:32:57.223702+00:00,3251.02,82.66,91.3443,1.20244,178.316
2026-06-01 03:32:58.602889+00:00,3254.82,82.81,91.3319,1.20202,178.314
2026-06-01 03:33:01.933377+00:00,3254.99,82.88,91.3444,1.20206,178.174
2026-06-01 03:33:04.359465+00:00,3259.51,82.99,91.3205,1.20215,178.267
2026-06-01 03:33:08.086077+00:00,3262.03,83.06,91.2807,1.20212,178.367
2026-06-01 03:33:09.228248+00:00,3258.07,82.92,91.3054,1.20265,178.421
2026-06-01 03:33:10.262931+00:00,3251.74,82.7,91.3716,1.20262,178.354
2026-06-01 03:33:13.243570+00:00,3251.02,82.72,91.3546,1.20224,178.424
2026-06-01 03:33:16.826117+00:00,3255.82,82.76,91.308,1.20202,178.507
2026-06-01 03:33:18.235526+00:00,3254.45,82.75,91.3504,1.20243,178.561
2026-06-01 03:33:20.650518+00:00,3250.49,82.64,91.3811,1.20294,178.555
2026-06-01 03:33:23.715249+00:00,3250.49,82.56,91.3823,1.20256,178.492
2026-06-01 03:33:25.072044+00:00,3249.06,82.42,91.3658,1.20269,178.445
2026-06-01 03:33:28.340569+00:00,3251.04,82.43,91.3911,1.20269,178.538
2026-06-01 03:33:29.405579+00:00,3249.49,82.31,91.3884,1.20263,178.432
2026-06-01 03:33:31.569541+00:00,3249.76,82.34,91.3573,1.20291,178.584
2026-06-01 03:33:36.428524+00:00,3257.78,82.47,91.3074,1.20311,178.571
2026-06-01 03:33:37.954349+00:00,3253.2,82.31,91.3256,1.20295,178.56
2026-06-01 03:33:41.916709+00:00,3253.44,82.42,91.299,1.20292,178.492
2026-06-01 03:33:44.273848+00:00,3257.07,82.5,91.281,1.20342,178.625
2026-06-01 03:33:45.443504+00:00,3252.33,82.39,91.3223,1.20347,178.743
2026-06-01 03:33:46.666603+00:00,3257.35,82.49,91.3326,1.20335,178.611
2026-06-01 03:33:50.948825+00:00,3256.69,82.58,91.3278,1.20355,178.492
2026-06-01 03:33:53.596272+00:00,3260.65,82.65,91.3344,1.20396,178.41
2026-06-01 03:33:57.611825+00:00,3264.46,82.8,91.3515,1.20332,178.531
2026-06-01 03:33:59.109909+00:00,3264.39,82.69,91.3751,1.20311,178.507
2026-06-01 03:34:03.557985+00:00,3264.75,82.94,91.3365,1.20275,178.568
2026-06-01 03:34:08.522673+00:00,3268.87,82.96,91.2816,1.2024,178.601
2026-06-01 03:34:12.043640+00:00,3269.42,82.99,91.2958,1.20227,178.545
2026-06-01 03:34:13.220617+00:00,3270.04,83.02,91.2758,1.20253,178.451
2026-06-01 03:34:15.991092+00:00,3270.35,82.89,91.3043,1.20205,178.323
2026-06-01 03:34:17.357957+00:00,3265.56,82.83,91.3661,1.20251,178.404
2026-06-01 03:34:20.727197+00:00,3261.64,82.83,91.4121,1.20216,178.522
2026-06-01 03:34:23.062296+00:00,3255.8,82.67,91.4583,1.20219,178.456
2026-06-01 03:34:25.333751+00:00,3257.58,82.78,91.4724,1.20226,178.393
2026-06-01 03:34:30.066079+00:00,3256.34,82.82,91.5171,1.20231,178.469
2026-06-01 03:34:34.020722+00:00,3260.06,82.93,91.4584,1.20229,178.609
2026-06-01 03:34:35.678526+00:00,3264.11,82.8,91.414,1.20235,178.598
2026-06-01 03:34:40.320528+00:00,3264.75,82.76,91.4103,1.20232,178.545
2026-06-01 03:34:45.281439+00:00,3270.54,82.73,91.3895,1.20204,178.629
2026-06-01 03:34:49.608815+00:00,3269.21,82.67,91.4237,1.20198,178.58
2026-06-01 03:34:51.833826+00:00,3269.69,82.53,91.4029,1.20304,178.431
2026-06-01 03:34:54.479811+00:00,3270.32,82.71,91.3733,1.2031,178.497
2026-06-01 03:34:55.821013+00:00,3268.74,82.69,91.3698,1.20302,178.584
2026-06-01 03:34:59.882990+00:00,3271.1,82.75,91.3735,1.20351,178.566
2026-06-01 03:35:02.539070+00:00,3272.17,82.64,91.3817,1.20341,178.595
2026-06-01 03:35:04.150852+00:00,3266.26,82.48,91.4243,1.20325,178.573
2026-06-01 03:35:09.035116+00:00,3265.58,82.49,91.4331,1.20352,178.56
2026-06-01 03:35:10.731652+00:00,3264.52,82.52,91.4233,1.20373,178.781
2026-06-01 03:35:14.092507+00:00,3265.36,82.53,91.4243,1.20317,178.934
2026-06-01 03:35:15.195710+00:00,3267.94,82.61,91.3845,1.2033,178.947
2026-06-01 03:35:17.206409+00:00,3267.38,82.59,91.3964,1.20313,178.727
2026-06-01 03:35:20.678315+00:00,3270.57,82.65,91.3871,1.20314,178.792
2026-06-01 03:35:23.051161+00:00,3263.45,82.54,91.4617,1.20301,178.934
2026-06-01 03:35:25.315757+00:00,3256.07,82.54,91.4896,1.2033,179.001
2026-06-01 03:35:28.429435+00:00,3256.5,82.54,91.4731,1.20317,178.853
2026-06-01 03:35:30.110278+00:00,3252.28,82.26,91.467,1.20308,178.849
2026-06-01 03:35:32.209942+00:00,3247.89,82.36,91.4466,1.20281,178.748
2026-06-01 03:35:34.099453+00:00,3253.1,82.43,91.3982,1.2029,178.648
2026-06-01 03:35:35.240576+00:00,3253.76,82.51,91.3939,1.20271,178.479
2026-06-01 03:35:38.165456+00:00,3250.96,82.49,91.3933,1.20252,178.375
2026-06-01 03:35:41.370806+00:00,3254.51,82.79,91.3586,1.20267,178.386
2026-06-01 03:35:45.005029+00:00,3257.45,82.91,91.3143,1.203,178.435
2026-06-01 03:35:48.710787+00:00,3260.24,83.06,91.3271,1.20283,178.34
2026-06-01 03:35:49.714818+00:00,3264.99,82.96,91.3235,1.20276,178.193
2026-06-01 03:35:52.669678+00:00,3268.1,82.97,91.2886,1.2034,178.143
2026-06-01 03:35:54.992562+00:00,3270.01,83.1,91.2612,1.20374,178.278
2026-06-01 03:35:58.806109+00:00,3268.15,82.92,91.2556,1.20356,178.32
2026-06-01 03:36:03.511882+00:00,3276.81,83.03,91.2125,1.20392,178.392
2026-06-01 03:36:05.759609+00:00,3276.51,83.01,91.2106,1.20382,178.389
2026-06-01 03:36:06.959747+00:00,3273.6,83.05,91.2284,1.20453,178.428
2026-06-01 03:36:10.573576+00:00,3271.41,83.02,91.2472,1.20446,178.309
2026-06-01 03:36:14.308491+00:00,3269.06,83.02,91.2375,1.20458,178.335
2026-06-01 03:36:18.102535+00:00,3266.81,82.93,91.2497,1.20501,178.445
2026-06-01 03:36:19.308669+00:00,3262.85,82.65,91.2798,1.20525,178.587
2026-06-01 03:36:20.874382+00:00,3255.3,82.52,91.2964,1.20534,178.647
2026-06-01 03:36:24.118670+00:00,3251.28,82.32,91.3539,1.20544,178.6
2026-06-01 03:36:26.928057+00:00,3247.79,82.33,91.371,1.2053,178.542
2026-06-01 03:36:31.662507+00:00,3250.47,82.56,91.3187,1.2053,178.52
2026-06-01 03:36:35.289390+00:00,3250.38,82.67,91.3295,1.20497,178.585
2026-06-01 03:36:39.442585+00:00,3249.4,82.77,91.3242,1.20533,178.631
2026-06-01 03:36:40.787648+00:00,3249.44,82.78,91.3056,1.20513,178.549
2026-06-01 03:36:42.876783+00:00,3250.63,82.8,91.2843,1.20506,178.576
2026-06-01 03:36:47.064792+00:00,3252.38,82.76,91.2602,1.20529,178.603
2026-06-01 03:36:51.376136+00:00,3252.09,82.68,91.2852,1.20507,178.705
2026-06-01 03:36:53.238894+00:00,3254.66,82.64,91.2868,1.20537,178.799
2026-06-01 03:36:55.043936+00:00,3254.84,82.63,91.3246,1.2052,178.705
2026-06-01 03:36:57.218285+00:00,3252.95,82.7,91.3074,1.20502,178.728
2026-06-01 03:37:01.919462+00:00,3258.49,82.94,91.2762,1.20497,178.809
2026-06-01 03:37:05.071104+00:00,3251.48,82.91,91.3147,1.20534,178.743
2026-06-01 03:37:08.106039+00:00,3257.01,83.02,91.2806,1.20549,178.676
2026-06-01 03:37:10.091190+00:00,3256.34,82.95,91.2616,1.20562,178.755
2026-06-01 03:37:14.647514+00:00,3260.94,83.11,91.2476,1.20568,178.581
2026-06-01 03:37:17.978485+00:00,3263.77,83.11,91.193,1.2066,178.626
2026-06-01 03:37:19.414089+00:00,3259.36,83.03,91.2287,1.20673,178.553
2026-06-01 03:37:23.358942+00:00,3259.71,83.14,91.2183,1.20648,178.619
2026-06-01 03:37:26.701592+00:00,3260.49,83.24,91.2165,1.20693,178.687
2026-06-01 03:37:27.879594+00:00,3257.44,83.24,91.2259,1.20698,178.436
2026-06-01 03:37:30.425722+00:00,3258.59,83.35,91.2356,1.20691,178.481
2026-06-01 03:37:32.678932+00:00,3259.64,83.37,91.2225,1.20661,178.625
2026-06-01 03:37:35.516015+00:00,3262.52,83.44,91.2256,1.20631,178.639
2026-06-01 03:37:39.033763+00:00,3266.31,83.71,91.2165,1.20609,178.544
2026-06-01 03:37:40.998391+00:00,3262.24,83.39,91.2262,1.20637,178.557
2026-06-01 03:37:43.953908+00:00,3259.14,83.46,91.2398,1.20639,178.376
2026-06-01 03:37:47.277199+00:00,3258.26,83.42,91.254,1.20667,178.396
2026-06-01 03:37:51.237213+00:00,3259.41,83.37,91.2422,1.20694,178.448
2026-06-01 03:37:52.551079+00:00,3259.54,83.4,91.2428,1.20712,178.678
2026-06-01 03:37:56.679266+00:00,3261.29,83.22,91.2723,1.20671,178.712
2026-06-01 03:37:58.807005+00:00,3264.86,83.38,91.235,1.20599,178.772
2026-06-01 03:38:02.127317+00:00,3264.43,83.35,91.2388,1.20572,178.812
2026-06-01 03:38:03.470330+00:00,3271.7,83.57,91.2065,1.20584,178.785
2026-06-01 03:38:04.920037+00:00,3271.55,83.51,91.2232,1.20552,178.909
2026-06-01 03:38:09.791895+00:00,3272.2,83.43,91.2155,1.20602,178.863
2026-06-01 03:38:13.859438+00:00,3265.46,83.37,91.2695,1.20577,178.816
2026-06-01 03:38:15.390678+00:00,3269.86,83.42,91.2585,1.20611,179.008
2026-06-01 03:38:20.149440+00:00,3265.08,83.28,91.3025,1.20604,179.042
2026-06-01 03:38:21.463929+00:00,3265.66,83.3,91.3152,1.20572,179.036
2026-06-01 03:38:22.938773+00:00,3261.99,83.19,91.3653,1.20574,179.005
2026-06-01 03:38:26.585501+00:00,3263.84,83.04,91.3579,1.20577,178.958
2026-06-01 03:38:28.214324+00:00,3265.6,83.1,91.3438,1.20576,178.854
2026-06-01 03:38:30.582104+00:00,3263.78,83.06,91.3452,1.20622,179.063
2026-06-01 03:38:34.588841+00:00,3261.21,83.07,91.3884,1.2068,178.981
2026-06-01 03:38:36.628491+00:00,3262.14,83.14,91.4003,1.20666,179.038
2026-06-01 03:38:39.468899+00:00,3264.12,83.33,91.3902,1.20641,179.125
2026-06-01 03:38:40.746514+00:00,3268.32,83.53,91.365,1.20656,178.905
2026-06-01 03:38:41.756975+00:00,3273.82,83.74,91.3146,1.20693,179.0
2026-06-01 03:38:46.750819+00:00,3273.3,83.72,91.2986,1.20716,178.941
2026-06-01 03:38:47.891012+00:00,3268.24,83.58,91.3675,1.20725,179.015
2026-06-01 03:38:49.136352+00:00,3271.66,83.55,91.3544,1.20723,179.079
2026-06-01 03:38:52.742604+00:00,3271.8,83.54,91.3748,1.20664,179.147
2026-06-01 03:38:55.427676+00:00,3277.08,83.82,91.3552,1.2068,179.114
2026-06-01 03:38:59.664417+00:00,3279.64,83.85,91.3278,1.20639,179.137
2026-06-01 03:39:04.612657+00:00,3274.01,83.53,91.3809,1.20683,179.151
2026-06-01 03:39:07.659072+00:00,3282.47,83.72,91.3259,1.20673,179.207
2026-06-01 03:39:09.425533+00:00,3282.95,83.76,91.3228,1.20715,179.194
2026-06-01 03:39:13.207282+00:00,3281.75,83.74,91.3589,1.20685,179.239
2026-06-01 03:39:17.615320+00:00,3277.08,83.75,91.3585,1.20699,179.331
2026-06-01 03:39:19.426151+00:00,3278.54,83.7,91.3622,1.20694,179.166
2026-06-01 03:39:24.349373+00:00,3283.22,83.9,91.3765,1.20725,179.218
2026-06-01 03:39:25.913198+00:00,3285.84,83.85,91.3351,1.20773,179.168
2026-06-01 03:39:28.137185+00:00,3288.46,83.91,91.2963,1.20788,179.139
2026-06-01 03:39:30.251982+00:00,3296.2,84.02,91.2791,1.20803,179.003
2026-06-01 03:39:32.322828+00:00,3298.52,83.95,91.2773,1.20756,178.907
2026-06-01 03:39:34.071617+00:00,3293.97,83.83,91.3291,1.20757,178.981
2026-06-01 03:39:38.536938+00:00,3296.27,83.85,91.3105,1.20737,179.048
2026-06-01 03:39:42.173768+00:00,3300.08,83.97,91.2582,1.2072,179.003
2026-06-01 03:39:46.249225+00:00,3298.52,83.94,91.2863,1.20722,179.107
2026-06-01 03:39:50.098144+00:00,3294.86,83.87,91.3082,1.20755,179.239
2026-06-01 03:39:51.686935+00:00,3297.14,84.01,91.2833,1.2075,179.485
2026-06-01 03:39:53.144281+00:00,3301.03,84.16,91.2328,1.20729,179.405
2026-06-01 03:39:54.527594+00:00,3302.1,84.2,91.2129,1.20673,179.489
2026-06-01 03:39:55.697185+00:00,3295.08,83.94,91.2423,1.20682,179.602
2026-06-01 03:39:57.544801+00:00,3289.02,83.67,91.2713,1.20687,179.675
2026-06-01 03:40:00.219870+00:00,3282.69,83.41,91.3044,1.20692,179.737
2026-06-01 03:40:03.214595+00:00,3280.9,83.4,91.2911,1.20717,179.837
2026-06-01 03:40:06.601629+00:00,3284.52,83.58,91.2421,1.20784,179.755
2026-06-01 03:40:10.443713+00:00,3279.7,83.35,91.297,1.20749,179.967
2026-06-01 03:40:14.709007+00:00,3288.43,83.51,91.2623,1.20749,180.071
2026-06-01 03:40:17.188318+00:00,3289.53,83.44,91.2645,1.20735,180.095
2026-06-01 03:40:19.678163+00:00,3289.07,83.37,91.2868,1.20792,180.109
2026-06-01 03:40:23.414199+00:00,3298.58,83.73,91.2222,1.20734,180.055
2026-06-01 03:40:27.051591+00:00,3295.24,83.5,91.2547,1.20669,180.142
2026-06-01 03:40:31.800396+00:00,3301.82,83.72,91.1849,1.20702,180.046
2026-06-01 03:40:36.366040+00:00,3303.19,83.71,91.1561,1.20749,179.941
2026-06-01 03:40:37.697903+00:00,3304.5,83.72,91.1975,1.20778,179.931
2026-06-01 03:40:39.720828+00:00,3307.07,83.78,91.1827,1.20765,179.957
2026-06-01 03:40:44.581224+00:00,3302.66,83.83,91.1835,1.20772,179.898
2026-06-01 03:40:46.341405+00:00,3298.75,83.85,91.2224,1.20776,179.859
2026-06-01 03:40:47.589507+00:00,3294.23,83.66,91.2456,1.20779,179.837
2026-06-01 03:40:48.960484+00:00,3287.11,83.56,91.2725,1.208,179.857
2026-06-01 03:40:51.295438+00:00,3289.66,83.67,91.2527,1.2078,179.962
2026-06-01 03:40:53.589666+00:00,3282.84,83.39,91.2822,1.20777,180.041
2026-06-01 03:40:58.150061+00:00,3281.59,83.25,91.2615,1.2079,180.124
2026-06-01 03:40:59.985902+00:00,3282.1,83.14,91.2631,1.20782,180.264
2026-06-01 03:41:02.550484+00:00,3280.07,83.23,91.2904,1.20775,180.193
2026-06-01 03:41:06.618630+00:00,3286.11,83.37,91.2344,1.20805,180.236
2026-06-01 03:41:10.376802+00:00,3284.89,83.33,91.2818,1.20769,180.277
2026-06-01 03:41:12.885278+00:00,3282.33,83.38,91.2775,1.20721,180.367
2026-06-01 03:41:14.828766+00:00,3284.18,83.31,91.2761,1.20749,180.393
2026-06-01 03:41:17.138105+00:00,3282.35,83.19,91.2979,1.20763,180.437
2026-06-01 03:41:20.361266+00:00,3287.31,83.25,91.2365,1.20782,180.302
2026-06-01 03:41:24.656820+00:00,3290.59,83.41,91.1885,1.20766,180.24
2026-06-01 03:41:26.631432+00:00,3292.31,83.53,91.1554,1.2076,180.25
2026-06-01 03:41:31.485449+00:00,3291.63,83.61,91.1435,1.20782,180.256
2026-06-01 03:41:32.748230+00:00,3293.22,83.59,91.1325,1.20767,180.39
2026-06-01 03:41:37.440262+00:00,3291.58,83.55,91.1097,1.20808,180.464
2026-06-01 03:41:39.403363+00:00,3291.96,83.54,91.1243,1.2083,180.532
2026-06-01 03:41:42.812236+00:00,3290.53,83.58,91.1551,1.20872,180.676
2026-06-01 03:41:44.073295+00:00,3289.82,83.52,91.1731,1.20807,180.814
2026-06-01 03:41:46.615169+00:00,3290.11,83.45,91.2051,1.20896,180.792
2026-06-01 03:41:47.787042+00:00,3288.05,83.34,91.2058,1.20878,180.691
2026-06-01 03:41:49.160030+00:00,3288.15,83.25,91.2059,1.20932,180.575
2026-06-01 03:41:53.079428+00:00,3293.99,83.43,91.1736,1.20992,180.623
2026-06-01 03:41:56.782839+00:00,3290.59,83.33,91.2244,1.2098,180.658
2026-06-01 03:41:59.061853+00:00,3285.44,83.24,91.2443,1.20973,180.537
2026-06-01 03:42:02.686103+00:00,3287.65,83.17,91.2599,1.2085,180.475
2026-06-01 03:42:04.177297+00:00,3283.05,83.08,91.2906,1.20863,180.586
2026-06-01 03:42:06.787574+00:00,3287.29,83.01,91.2343,1.20893,180.776
2026-06-01 03:42:08.491708+00:00,3286.37,83.21,91.2405,1.20851,180.773
2026-06-01 03:42:10.593905+00:00,3289.89,83.36,91.1811,1.20802,180.716
2026-06-01 03:42:12.023255+00:00,3289.57,83.39,91.2311,1.20777,180.696
2026-06-01 03:42:13.418687+00:00,3288.88,83.43,91.2396,1.20854,180.642
2026-06-01 03:42:14.458768+00:00,3294.76,83.4,91.2192,1.20758,180.721
2026-06-01 03:42:17.865378+00:00,3291.95,83.38,91.2671,1.20793,180.733
2026-06-01 03:42:19.500355+00:00,3290.69,83.25,91.2709,1.20785,180.671
2026-06-01 03:42:21.948699+00:00,3282.96,82.85,91.3102,1.208,180.446
2026-06-01 03:42:23.661901+00:00,3283.76,82.77,91.2931,1.20841,180.369
2026-06-01 03:42:27.533562+00:00,3284.71,82.71,91.3066,1.20858,180.354
2026-06-01 03:42:30.997827+00:00,3294.53,82.77,91.2321,1.2095,180.277
2026-06-01 03:42:34.348582+00:00,3296.75,82.83,91.2421,1.20979,180.286
2026-06-01 03:42:37.017442+00:00,3294.82,82.73,91.2522,1.21035,180.26
2026-06-01 03:42:40.918724+00:00,3301.27,82.86,91.1697,1.21114,180.267
2026-06-01 03:42:45.904757+00:00,3295.04,82.67,91.2121,1.21151,180.054
2026-06-01 03:42:50.797997+00:00,3292.29,82.69,91.2697,1.21144,180.101
2026-06-01 03:42:55.010004+00:00,3301.98,82.95,91.1692,1.21218,180.046
2026-06-01 03:42:58.787814+00:00,3303.43,82.99,91.1512,1.21229,180.206
2026-06-01 03:43:03.401480+00:00,3311.26,83.14,91.0714,1.21329,180.224
2026-06-01 03:43:07.508504+00:00,3316.34,83.42,91.0337,1.21291,180.392
2026-06-01 03:43:08.928480+00:00,3320.34,83.62,91.0157,1.21351,180.421
2026-06-01 03:43:13.301590+00:00,3324.44,83.67,90.9846,1.21339,180.451
2026-06-01 03:43:15.168155+00:00,3323.67,83.67,90.998,1.2135,180.409
2026-06-01 03:43:19.210760+00:00,3320.35,83.64,90.985,1.21356,180.354
2026-06-01 03:43:21.832973+00:00,3316.73,83.45,91.0646,1.21339,180.509
2026-06-01 03:43:23.561955+00:00,3313.15,83.26,91.1408,1.21332,180.588
2026-06-01 03:43:27.796154+00:00,3314.85,83.35,91.1505,1.21359,180.609
2026-06-01 03:43:31.142885+00:00,3319.68,83.36,91.0998,1.21322,180.528
2026-06-01 03:43:32.768062+00:00,3315.51,83.28,91.1256,1.21333,180.472
2026-06-01 03:43:37.050625+00:00,3319.94,83.5,91.1112,1.21322,180.592
2026-06-01 03:43:39.898499+00:00,3322.25,83.58,91.0987,1.21328,180.588
2026-06-01 03:43:41.552994+00:00,3316.24,83.46,91.1229,1.2137,180.664
2026-06-01 03:43:46.120098+00:00,3314.42,83.42,91.11,1.21296,180.537
2026-06-01 03:43:48.161376+00:00,3322.15,83.6,91.0687,1.21248,180.531
2026-06-01 03:43:49.842484+00:00,3325.69,83.71,91.0713,1.21321,180.503
2026-06-01 03:43:51.441843+00:00,3332.64,83.88,90.9956,1.21343,180.494
2026-06-01 03:43:53.581153+00:00,3334.37,83.8,90.9878,1.21407,180.575
2026-06-01 03:43:57.839938+00:00,3338.67,83.77,90.9568,1.21354,180.603
2026-06-01 03:44:02.142383+00:00,3342.75,83.82,90.9498,1.21324,180.694
2026-06-01 03:44:06.207758+00:00,3344.08,83.93,90.9485,1.21329,180.63
2026-06-01 03:44:10.967121+00:00,3345.7,83.87,90.9226,1.21351,180.709
2026-06-01 03:44:14.064320+00:00,3354.43,83.95,90.8983,1.21392,180.542
2026-06-01 03:44:15.857344+00:00,3350.23,83.94,90.8804,1.2139,180.617
2026-06-01 03:44:18.065817+00:00,3341.57,83.78,90.9396,1.2135,180.55
2026-06-01 03:44:19.427175+00:00,3331.88,83.57,90.9876,1.21388,180.566
2026-06-01 03:44:24.278212+00:00,3332.36,83.66,91.0013,1.21375,180.639
2026-06-01 03:44:26.187900+00:00,3335.85,83.86,90.9643,1.21363,180.579
2026-06-01 03:44:30.016347+00:00,3338.15,83.87,90.972,1.21431,180.558
2026-06-01 03:44:33.464543+00:00,3336.33,83.79,91.0142,1.21437,180.495
2026-06-01 03:44:35.694984+00:00,3336.06,83.72,91.0307,1.2144,180.411
2026-06-01 03:44:36.926175+00:00,3342.81,83.89,90.9938,1.21377,180.376
2026-06-01 03:44:39.181828+00:00,3337.8,83.79,91.0353,1.21423,180.253
2026-06-01 03:44:40.658725+00:00,3335.79,83.75,91.0305,1.21469,180.394
2026-06-01 03:44:42.982266+00:00,3335.18,83.8,91.0223,1.21461,180.518
2026-06-01 03:44:44.603965+00:00,3338.11,83.86,91.0278,1.21497,180.658
2026-06-01 03:44:47.210973+00:00,3341.31,83.88,90.9801,1.21411,180.68
2026-06-01 03:44:49.916960+00:00,3339.62,83.93,90.9859,1.21482,180.638
2026-06-01 03:44:54.066458+00:00,3334.49,83.91,91.0306,1.21463,180.553
2026-06-01 03:44:58.900503+00:00,3337.84,84.13,90.9757,1.2148,180.653
2026-06-01 03:45:03.463231+00:00,3339.23,84.29,90.9653,1.21616,180.513
2026-06-01 03:45:08.330898+00:00,3334.87,84.14,91.0239,1.21579,180.525
2026-06-01 03:45:10.678183+00:00,3335.82,84.2,90.9839,1.21596,180.657
2026-06-01 03:45:12.966589+00:00,3329.71,84.2,90.991,1.21629,180.669
2026-06-01 03:45:17.461396+00:00,3330.61,84.24,91.0048,1.21553,180.738
2026-06-01 03:45:22.329408+00:00,3326.71,84.16,91.0659,1.21546,180.622
2026-06-01 03:45:25.636649+00:00,3333.1,84.35,91.0501,1.21611,180.552
2026-06-01 03:45:27.722993+00:00,3329.66,84.21,91.0822,1.21573,180.61
2026-06-01 03:45:30.955298+00:00,3331.0,84.13,91.0905,1.21584,180.714
2026-06-01 03:45:34.485063+00:00,3323.91,83.89,91.1459,1.21621,180.753
2026-06-01 03:45:35.876637+00:00,3324.15,83.76,91.1262,1.21664,180.716
2026-06-01 03:45:39.840234+00:00,3329.54,83.94,91.0984,1.21651,180.711
2026-06-01 03:45:41.593057+00:00,3328.76,84.1,91.069,1.2165,180.711
2026-06-01 03:45:45.306446+00:00,3326.82,84.11,91.0782,1.21578,180.606
2026-06-01 03:45:46.861747+00:00,3331.18,84.21,91.0386,1.21607,180.509
2026-06-01 03:45:49.572993+00:00,3328.91,84.19,91.0208,1.21637,180.553
2026-06-01 03:45:51.676139+00:00,3328.72,84.06,91.033,1.21617,180.625
2026-06-01 03:45:55.372542+00:00,3333.09,84.12,90.9589,1.21603,180.768
2026-06-01 03:45:58.174533+00:00,3329.24,84.13,90.9746,1.21579,180.754
2026-06-01 03:46:02.687850+00:00,3327.23,84.07,90.9737,1.21581,180.697
2026-06-01 03:46:06.775668+00:00,3333.84,84.18,90.9326,1.21621,180.69
2026-06-01 03:46:08.147188+00:00,3338.89,84.21,90.9391,1.21673,180.718
2026-06-01 03:46:12.009948+00:00,3337.85,84.15,90.9341,1.21695,180.637
2026-06-01 03:46:13.645805+00:00,3336.34,84.01,90.9526,1.21689,180.757
2026-06-01 03:46:18.549547+00:00,3335.04,83.91,90.9572,1.21693,180.828
2026-06-01 03:46:21.293831+00:00,3338.59,83.96,90.9347,1.21656,180.882
2026-06-01 03:46:23.312875+00:00,3336.08,83.95,90.9765,1.21627,180.969
2026-06-01 03:46:25.273983+00:00,3336.46,83.97,90.9736,1.21605,181.003
2026-06-01 03:46:28.599689+00:00,3343.15,84.1,90.9357,1.21588,180.966
2026-06-01 03:46:30.245286+00:00,3338.3,84.03,90.9736,1.21558,180.979
2026-06-01 03:46:33.645550+00:00,3344.53,84.14,90.9715,1.21659,180.944
2026-06-01 03:46:38.171236+00:00,3344.87,84.04,90.9909,1.21665,180.984
2026-06-01 03:46:40.853113+00:00,3341.84,83.83,91.0309,1.21702,181.049
2026-06-01 03:46:44.710547+00:00,3339.76,83.8,91.014,1.21665,180.909
2026-06-01 03:46:48.015286+00:00,3336.58,83.72,91.0545,1.21742,180.976
2026-06-01 03:46:49.861421+00:00,3338.83,83.58,91.0187,1.21713,181.054
2026-06-01 03:46:53.670004+00:00,3337.89,83.53,90.9888,1.2167,181.196
2026-06-01 03:46:57.184520+00:00,3340.22,83.45,90.9989,1.2168,181.28
2026-06-01 03:46:59.739993+00:00,3342.76,83.52,90.9694,1.2171,181.278
2026-06-01 03:47:03.675024+00:00,3341.24,83.53,90.9791,1.21699,181.165
2026-06-01 03:47:07.030739+00:00,3334.72,83.45,91.0152,1.21754,181.154
2026-06-01 03:47:08.988334+00:00,3333.75,83.51,91.0005,1.21751,181.114
2026-06-01 03:47:13.756922+00:00,3332.01,83.46,91.0322,1.21754,181.169
2026-06-01 03:47:15.623257+00:00,3334.88,83.45,91.0193,1.21783,181.149
2026-06-01 03:47:19.217327+00:00,3340.31,83.41,91.0308,1.21768,181.273
2026-06-01 03:47:20.618116+00:00,3343.78,83.46,91.0048,1.21744,181.281
2026-06-01 03:47:24.776363+00:00,3343.59,83.33,91.0075,1.21792,181.37
2026-06-01 03:47:27.594146+00:00,3347.7,83.28,91.0026,1.21742,181.342
2026-06-01 03:47:30.132091+00:00,3353.61,83.31,90.9669,1.21758,181.422
2026-06-01 03:47:34.522050+00:00,3351.21,83.27,90.9824,1.21758,181.463
2026-06-01 03:47:37.826936+00:00,3350.13,83.22,90.9815,1.21766,181.436
2026-06-01 03:47:42.391295+00:00,3353.78,83.32,90.9322,1.21733,181.388
2026-06-01 03:47:46.380117+00:00,3350.33,83.33,90.9639,1.2172,181.447
2026-06-01 03:47:48.207305+00:00,3351.61,83.46,90.9401,1.21724,181.363
2026-06-01 03:47:52.433895+00:00,3346.2,83.29,90.9663,1.21716,181.346
2026-06-01 03:47:53.709784+00:00,3347.98,83.17,90.9491,1.21687,181.347
2026-06-01 03:47:56.685892+00:00,3350.89,83.3,90.9304,1.21675,181.497
2026-06-01 03:48:00.701763+00:00,3341.37,83.1,91.0377,1.21617,181.468
2026-06-01 03:48:02.999586+00:00,3334.08,82.97,91.0872,1.21663,181.428
2026-06-01 03:48:04.540520+00:00,3336.28,83.08,91.0873,1.21659,181.53
2026-06-01 03:48:08.793161+00:00,3333.19,83.06,91.1347,1.21618,181.519
2026-06-01 03:48:11.816353+00:00,3335.08,83.1,91.1498,1.21573,181.505
2026-06-01 03:48:15.536138+00:00,3330.27,83.01,91.2543,1.21613,181.541
2026-06-01 03:48:19.249534+00:00,3330.85,83.04,91.2496,1.21544,181.566
2026-06-01 03:48:22.068950+00:00,3334.0,83.04,91.2301,1.21556,181.579
2026-06-01 03:48:26.190229+00:00,3331.8,83.02,91.2204,1.2155,181.651
2026-06-01 03:48:29.972973+00:00,3329.27,83.01,91.2312,1.21648,181.679
2026-06-01 03:48:33.629176+00:00,3323.84,82.83,91.2474,1.2167,181.59
2026-06-01 03:48:36.455811+00:00,3324.56,82.76,91.266,1.21611,181.565
2026-06-01 03:48:37.667927+00:00,3322.09,82.6,91.3253,1.21554,181.671
2026-06-01 03:48:41.712896+00:00,3325.78,82.68,91.3324,1.21646,181.661
2026-06-01 03:48:45.818719+00:00,3325.67,82.6,91.3338,1.21658,181.528
2026-06-01 03:48:46.865243+00:00,3327.85,82.59,91.3064,1.21676,181.675
2026-06-01 03:48:50.264924+00:00,3330.58,82.56,91.2852,1.217,181.564
2026-06-01 03:48:51.815756+00:00,3332.21,82.57,91.2826,1.21705,181.517
2026-06-01 03:48:55.124432+00:00,3328.13,82.58,91.3308,1.21695,181.492
2026-06-01 03:48:58.592203+00:00,3326.1,82.57,91.3595,1.2178,181.427
2026-06-01 03:49:00.528578+00:00,3329.35,82.6,91.3201,1.21792,181.619
2026-06-01 03:49:02.263582+00:00,3329.28,82.61,91.2892,1.21795,181.686
2026-06-01 03:49:03.753430+00:00,3322.15,82.58,91.2963,1.2177,181.627
2026-06-01 03:49:07.602433+00:00,3323.11,82.69,91.3,1.21763,181.589
2026-06-01 03:49:09.876767+00:00,3323.5,82.56,91.3287,1.21791,181.556
2026-06-01 03:49:12.922992+00:00,3316.72,82.35,91.3774,1.21715,181.522
2026-06-01 03:49:17.713509+00:00,3315.16,82.3,91.3868,1.21773,181.484
2026-06-01 03:49:21.294796+00:00,3309.59,82.19,91.3835,1.2181,181.483
2026-06-01 03:49:22.366992+00:00,3315.2,82.19,91.3486,1.21861,181.507
2026-06-01 03:49:26.477357+00:00,3318.73,82.31,91.3391,1.21915,181.508
2026-06-01 03:49:28.721134+00:00,3320.44,82.44,91.3093,1.21856,181.573
2026-06-01 03:49:33.006868+00:00,3315.38,82.46,91.3522,1.21846,181.315
2026-06-01 03:49:36.153216+00:00,3318.39,82.55,91.3434,1.21842,181.286
2026-06-01 03:49:39.327907+00:00,3313.67,82.49,91.3772,1.21873,181.171
2026-06-01 03:49:41.054540+00:00,3307.5,82.27,91.4233,1.21827,181.281
2026-06-01 03:49:42.607697+00:00,3307.18,82.25,91.4239,1.21906,181.311
2026-06-01 03:49:45.521291+00:00,3307.83,82.3,91.4262,1.21877,181.3
2026-06-01 03:49:47.980667+00:00,3309.26,82.36,91.4233,1.2186,181.255
2026-06-01 03:49:52.813889+00:00,3306.17,82.21,91.4497,1.21871,181.263
2026-06-01 03:49:56.158747+00:00,3304.97,82.24,91.4414,1.2187,181.371
2026-06-01 03:50:00.386204+00:00,3306.04,82.27,91.454,1.21861,181.381
2026-06-01 03:50:03.473695+00:00,3308.83,82.29,91.4195,1.21863,181.446
2026-06-01 03:50:06.939969+00:00,3311.41,82.55,91.3752,1.219,181.389
2026-06-01 03:50:10.402951+00:00,3304.02,82.39,91.4262,1.21903,181.374
2026-06-01 03:50:13.457289+00:00,3308.07,82.51,91.4497,1.21905,181.321
2026-06-01 03:50:14.535942+00:00,3311.0,82.57,91.4367,1.21962,181.446
2026-06-01 03:50:15.597496+00:00,3309.8,82.6,91.4253,1.21997,181.491
2026-06-01 03:50:16.619301+00:00,3321.46,82.73,91.3398,1.21929,181.312
2026-06-01 03:50:19.316686+00:00,3320.24,82.88,91.3551,1.21922,181.29
2026-06-01 03:50:21.092114+00:00,3328.16,82.93,91.2923,1.21913,181.335
2026-06-01 03:50:22.178008+00:00,3327.21,83.05,91.278,1.21899,181.222
2026-06-01 03:50:26.770574+00:00,3324.01,82.92,91.3076,1.21907,181.255
2026-06-01 03:50:28.449636+00:00,3322.78,82.87,91.3088,1.21925,181.095
2026-06-01 03:50:32.219673+00:00,3322.66,82.87,91.2696,1.21914,181.127
2026-06-01 03:50:35.142696+00:00,3322.64,82.94,91.2752,1.21899,181.134
2026-06-01 03:50:37.442673+00:00,3314.26,82.79,91.3466,1.21879,181.373
2026-06-01 03:50:39.805022+00:00,3313.62,82.93,91.3123,1.21894,181.3
2026-06-01 03:50:43.489062+00:00,3310.5,82.79,91.3783,1.21859,181.171
2026-06-01 03:50:47.714666+00:00,3313.31,82.83,91.3988,1.21883,181.136
2026-06-01 03:50:52.435181+00:00,3323.67,83.08,91.3393,1.21839,181.067
2026-06-01 03:50:53.868650+00:00,3324.46,82.96,91.342,1.21833,180.938
2026-06-01 03:50:55.244482+00:00,3323.66,82.79,91.379,1.21853,180.975
2026-06-01 03:50:59.238296+00:00,3322.22,82.74,91.3827,1.21832,180.998
2026-06-01 03:51:02.305642+00:00,3319.93,82.71,91.3748,1.21836,180.874
2026-06-01 03:51:06.774806+00:00,3312.73,82.79,91.4373,1.2189,180.934
2026-06-01 03:51:08.915484+00:00,3314.94,82.76,91.4375,1.21935,181.002
2026-06-01 03:51:12.620697+00:00,3319.71,83.0,91.3969,1.22015,181.059
2026-06-01 03:51:15.469537+00:00,3316.78,82.91,91.3871,1.22014,180.955
2026-06-01 03:51:17.962629+00:00,3321.61,83.02,91.3277,1.21989,180.77
2026-06-01 03:51:20.007460+00:00,3325.3,83.05,91.3064,1.22005,180.787
2026-06-01 03:51:24.625068+00:00,3328.09,83.08,91.2662,1.22035,180.831
2026-06-01 03:51:25.629147+00:00,3330.48,83.12,91.2385,1.22003,180.635
2026-06-01 03:51:29.234736+00:00,3332.68,83.13,91.2404,1.2202,180.643
2026-06-01 03:51:33.017196+00:00,3335.34,83.06,91.2481,1.21979,180.581
2026-06-01 03:51:36.869623+00:00,3337.88,83.14,91.2557,1.22019,180.524
2026-06-01 03:51:41.003957+00:00,3335.81,83.21,91.2501,1.21983,180.593
2026-06-01 03:51:45.053357+00:00,3328.73,83.06,91.2928,1.21935,180.631
2026-06-01 03:51:48.931001+00:00,3329.84,83.25,91.2811,1.21901,180.779
2026-06-01 03:51:53.480625+00:00,3328.45,83.17,91.3041,1.21886,180.75
2026-06-01 03:51:56.044547+00:00,3327.3,83.24,91.2828,1.21887,180.765
2026-06-01 03:51:58.928277+00:00,3328.48,83.11,91.2938,1.21844,180.728
2026-06-01 03:52:03.202176+00:00,3323.45,82.95,91.3579,1.21855,180.773
2026-06-01 03:52:06.951696+00:00,3320.85,83.0,91.4015,1.21809,180.74
2026-06-01 03:52:09.634234+00:00,3320.54,83.22,91.3869,1.2181,180.695
2026-06-01 03:52:12.146444+00:00,3323.58,83.25,91.3738,1.21773,180.807
2026-06-01 03:52:14.689665+00:00,3322.96,83.04,91.3727,1.21761,180.656
2026-06-01 03:52:15.884506+00:00,3325.78,83.28,91.3687,1.21737,180.782
2026-06-01 03:52:19.320794+00:00,3330.74,83.33,91.2824,1.21754,180.705
2026-06-01 03:52:23.599599+00:00,3331.49,83.31,91.2582,1.21709,180.664
2026-06-01 03:52:25.161279+00:00,3329.06,83.25,91.2561,1.21751,180.657
2026-06-01 03:52:29.891522+00:00,3334.84,83.39,91.2033,1.21776,180.667
2026-06-01 03:52:31.249620+00:00,3340.43,83.4,91.1882,1.218,180.714
2026-06-01 03:52:32.758882+00:00,3338.46,83.32,91.1864,1.21772,180.712
2026-06-01 03:52:37.456024+00:00,3336.62,83.26,91.2074,1.21764,180.725
2026-06-01 03:52:38.995793+00:00,3337.09,83.2,91.2183,1.21719,180.794
2026-06-01 03:52:42.989214+00:00,3333.93,83.06,91.2087,1.21704,180.932
2026-06-01 03:52:47.028318+00:00,3328.54,83.04,91.2032,1.21736,180.903
2026-06-01 03:52:50.949361+00:00,3329.54,83.07,91.1852,1.21698,180.755
2026-06-01 03:52:52.295352+00:00,3337.52,83.39,91.1016,1.21661,180.764
2026-06-01 03:52:56.319967+00:00,3337.75,83.43,91.0971,1.21611,180.667
2026-06-01 03:52:59.543495+00:00,3329.52,83.24,91.1359,1.21567,180.673
2026-06-01 03:53:01.713116+00:00,3327.16,83.16,91.155,1.21549,180.638
2026-06-01 03:53:03.635560+00:00,3320.68,83.01,91.2005,1.21621,180.659
2026-06-01 03:53:05.413906+00:00,3321.04,83.18,91.2066,1.21543,180.704
2026-06-01 03:53:09.898670+00:00,3315.28,83.25,91.255,1.21512,180.633
2026-06-01 03:53:14.642554+00:00,3314.68,83.25,91.2348,1.215,180.519
2026-06-01 03:53:16.785781+00:00,3319.52,83.31,91.2088,1.21525,180.526
2026-06-01 03:53:20.169080+00:00,3323.75,83.53,91.1567,1.21487,180.728
2026-06-01 03:53:24.914349+00:00,3331.94,83.77,91.0802,1.21478,180.637
2026-06-01 03:53:29.886270+00:00,3330.4,83.66,91.1133,1.21451,180.661
2026-06-01 03:53:31.038043+00:00,3324.15,83.44,91.1753,1.21393,180.566
2026-06-01 03:53:32.892942+00:00,3315.85,83.23,91.2464,1.21387,180.538
2026-06-01 03:53:37.816896+00:00,3316.4,83.46,91.2247,1.21405,180.617
2026-06-01 03:53:40.494709+00:00,3314.65,83.36,91.2439,1.21411,180.612
2026-06-01 03:53:43.280101+00:00,3313.58,83.32,91.2438,1.21398,180.483
2026-06-01 03:53:44.697227+00:00,3316.36,83.38,91.2049,1.21389,180.558
2026-06-01 03:53:46.157587+00:00,3321.47,83.34,91.1698,1.21401,180.502
2026-06-01 03:53:48.064692+00:00,3313.94,83.33,91.1908,1.21405,180.495
2026-06-01 03:53:52.848677+00:00,3313.09,83.39,91.1929,1.21385,180.507
2026-06-01 03:53:57.084565+00:00,3309.52,83.23,91.2137,1.21406,180.479
2026-06-01 03:53:58.645715+00:00,3310.21,83.12,91.2297,1.21443,180.587
2026-06-01 03:54:00.084629+00:00,3316.99,83.23,91.1823,1.21479,180.526
2026-06-01 03:54:01.539617+00:00,3322.92,83.28,91.1832,1.21539,180.75
2026-06-01 03:54:06.167057+00:00,3325.81,83.24,91.1742,1.21526,180.594
2026-06-01 03:54:07.167170+00:00,3321.03,83.14,91.1963,1.21585,180.505
2026-06-01 03:54:12.135830+00:00,3321.47,83.17,91.2029,1.21615,180.574
2026-06-01 03:54:13.695178+00:00,3321.76,83.32,91.1649,1.21613,180.551
2026-06-01 03:54:15.589902+00:00,3322.42,83.34,91.1822,1.21569,180.558
2026-06-01 03:54:19.543629+00:00,3319.71,83.18,91.2106,1.21523,180.677
2026-06-01 03:54:21.072331+00:00,3320.34,83.26,91.1831,1.21503,180.699
2026-06-01 03:54:22.084418+00:00,3311.9,83.05,91.2077,1.21493,180.751
2026-06-01 03:54:25.806852+00:00,3317.37,83.11,91.1873,1.21494,180.786
2026-06-01 03:54:30.776806+00:00,3320.3,83.22,91.1831,1.21552,180.796
2026-06-01 03:54:34.574476+00:00,3317.67,83.16,91.1773,1.21532,180.704
2026-06-01 03:54:37.195517+00:00,3319.56,83.05,91.1533,1.21601,180.766
2026-06-01 03:54:41.963688+00:00,3320.32,83.11,91.1379,1.21574,180.73
2026-06-01 03:54:45.273933+00:00,3316.62,82.96,91.1444,1.21546,180.712
2026-06-01 03:54:46.467118+00:00,3312.39,83.0,91.2043,1.21589,180.773
2026-06-01 03:54:47.702813+00:00,3313.61,82.95,91.2069,1.21615,180.74
2026-06-01 03:54:50.935125+00:00,3314.57,82.94,91.2039,1.21633,180.727
2026-06-01 03:54:54.173202+00:00,3313.79,82.76,91.1968,1.21589,180.736
2026-06-01 03:54:55.288576+00:00,3318.46,82.81,91.1514,1.21564,180.916
2026-06-01 03:54:59.719471+00:00,3319.16,82.65,91.1253,1.21565,180.88
2026-06-01 03:55:04.282141+00:00,3319.97,82.71,91.0849,1.21527,180.879
2026-06-01 03:55:08.098166+00:00,3317.41,82.67,91.0863,1.21536,180.933
2026-06-01 03:55:09.438990+00:00,3318.88,82.49,91.0711,1.21571,180.866
2026-06-01 03:55:11.545438+00:00,3315.38,82.41,91.0859,1.21641,180.898
2026-06-01 03:55:12.907158+00:00,3310.26,82.37,91.091,1.21722,180.942
2026-06-01 03:55:16.366596+00:00,3312.74,82.51,91.0294,1.21681,181.039
2026-06-01 03:55:19.076258+00:00,3316.29,82.49,90.9887,1.21701,181.059
2026-06-01 03:55:20.267274+00:00,3313.48,82.45,90.9835,1.21683,180.9
2026-06-01 03:55:23.554223+00:00,3316.97,82.44,90.9614,1.21668,180.865
2026-06-01 03:55:27.539301+00:00,3319.63,82.57,90.9644,1.21664,181.119
2026-06-01 03:55:28.931416+00:00,3324.22,82.71,90.8833,1.21667,181.272
2026-06-01 03:55:33.052843+00:00,3333.93,82.97,90.8158,1.21742,181.194
2026-06-01 03:55:34.124082+00:00,3342.93,83.09,90.735,1.21715,181.237
2026-06-01 03:55:37.085997+00:00,3337.51,83.01,90.8042,1.21742,181.368
2026-06-01 03:55:40.129513+00:00,3336.15,82.78,90.8159,1.21759,181.417
2026-06-01 03:55:43.677739+00:00,3330.22,82.63,90.8483,1.21787,181.405
2026-06-01 03:55:47.679228+00:00,3330.0,82.73,90.8635,1.21779,181.661
2026-06-01 03:55:48.998275+00:00,3328.99,82.59,90.8958,1.21806,181.58
2026-06-01 03:55:50.975699+00:00,3331.5,82.51,90.9039,1.21821,181.584
2026-06-01 03:55:52.217273+00:00,3326.86,82.37,90.9685,1.21832,181.597
2026-06-01 03:55:54.608170+00:00,3326.85,82.53,90.9487,1.21821,181.716
2026-06-01 03:55:56.378598+00:00,3327.53,82.59,90.9507,1.21819,181.804
2026-06-01 03:55:58.034007+00:00,3323.65,82.55,90.9939,1.2174,181.8
2026-06-01 03:56:02.535470+00:00,3321.5,82.42,91.0457,1.21698,181.842
2026-06-01 03:56:03.777858+00:00,3325.83,82.52,91.0631,1.21774,181.874
2026-06-01 03:56:06.810580+00:00,3325.33,82.54,91.0126,1.21777,181.901
2026-06-01 03:56:08.126822+00:00,3322.66,82.52,90.9862,1.21844,181.886
2026-06-01 03:56:12.369936+00:00,3315.33,82.42,91.043,1.21813,181.834
2026-06-01 03:56:14.628336+00:00,3313.84,82.3,91.0469,1.21767,181.924
2026-06-01 03:56:17.915611+00:00,3316.24,82.33,91.0072,1.21768,181.954
2026-06-01 03:56:22.394823+00:00,3318.67,82.5,90.9929,1.21723,181.82
2026-06-01 03:56:24.132608+00:00,3325.31,82.65,90.9537,1.21731,181.866
2026-06-01 03:56:28.268898+00:00,3325.75,82.58,90.9447,1.21672,181.852
2026-06-01 03:56:31.025395+00:00,3329.66,82.57,90.9126,1.21651,181.995
2026-06-01 03:56:32.796257+00:00,3331.68,82.65,90.8669,1.21611,181.997
2026-06-01 03:56:37.202081+00:00,3334.59,82.67,90.8017,1.21589,182.053
2026-06-01 03:56:40.338965+00:00,3331.98,82.51,90.8391,1.21577,181.957
2026-06-01 03:56:43.282921+00:00,3332.79,82.48,90.7812,1.21627,181.965
2026-06-01 03:56:45.328608+00:00,3337.77,82.67,90.7381,1.21579,182.039
2026-06-01 03:56:49.279599+00:00,3337.69,82.74,90.7375,1.21605,181.957
2026-06-01 03:56:54.168834+00:00,3341.28,82.91,90.7257,1.21632,181.954
2026-06-01 03:56:55.255072+00:00,3345.61,83.03,90.7073,1.21661,181.916
2026-06-01 03:56:57.598259+00:00,3348.56,83.16,90.6561,1.2164,181.95
2026-06-01 03:57:00.118277+00:00,3348.01,82.95,90.6667,1.21604,181.974
2026-06-01 03:57:02.764419+00:00,3352.54,83.16,90.6214,1.21631,181.955
2026-06-01 03:57:05.816754+00:00,3355.19,83.04,90.6486,1.21628,181.822
2026-06-01 03:57:07.488798+00:00,3353.07,82.93,90.6276,1.21634,181.766
2026-06-01 03:57:10.664025+00:00,3353.92,83.17,90.6165,1.21643,181.828
2026-06-01 03:57:13.498348+00:00,3346.93,83.17,90.6575,1.21644,181.795
2026-06-01 03:57:17.784977+00:00,3351.88,83.19,90.6617,1.21596,181.793
2026-06-01 03:57:21.639370+00:00,3348.03,83.03,90.6721,1.21634,181.635
2026-06-01 03:57:23.666652+00:00,3354.27,83.18,90.6373,1.21647,181.766
2026-06-01 03:57:27.214450+00:00,3349.39,82.97,90.6971,1.21627,181.835
2026-06-01 03:57:28.568872+00:00,3341.57,82.84,90.7626,1.21649,181.888
2026-06-01 03:57:33.361428+00:00,3344.16,82.96,90.7259,1.2164,181.879
2026-06-01 03:57:38.114698+00:00,3342.31,82.9,90.7252,1.21637,181.9
2026-06-01 03:57:40.509879+00:00,3339.25,82.77,90.756,1.21615,181.999
2026-06-01 03:57:44.386872+00:00,3341.19,82.89,90.7535,1.21583,181.93
2026-06-01 03:57:45.509207+00:00,3341.97,82.89,90.7124,1.21613,181.877
2026-06-01 03:57:48.509446+00:00,3340.02,82.96,90.7018,1.21564,181.758
2026-06-01 03:57:50.674469+00:00,3343.77,83.13,90.6573,1.21558,181.977
2026-06-01 03:57:52.857361+00:00,3342.03,83.1,90.6724,1.21579,181.931
2026-06-01 03:57:55.818205+00:00,3339.7,82.99,90.6632,1.21647,181.903
2026-06-01 03:57:58.868246+00:00,3338.16,82.96,90.6779,1.21633,182.01
2026-06-01 03:58:00.380374+00:00,3340.13,82.96,90.6786,1.21629,181.908
2026-06-01 03:58:02.173229+00:00,3342.79,83.11,90.6026,1.21618,182.017
2026-06-01 03:58:04.726563+00:00,3343.88,83.04,90.606,1.21621,182.046
2026-06-01 03:58:06.318133+00:00,3353.18,83.28,90.5624,1.2159,182.012
2026-06-01 03:58:10.860755+00:00,3346.04,83.08,90.6009,1.21548,182.015
2026-06-01 03:58:14.592776+00:00,3343.96,83.19,90.5783,1.21591,181.826
2026-06-01 03:58:15.593920+00:00,3341.83,83.13,90.6123,1.21581,181.737
2026-06-01 03:58:16.683128+00:00,3343.17,83.18,90.5797,1.21552,181.675
2026-06-01 03:58:20.584228+00:00,3345.8,83.17,90.5582,1.21557,181.733
2026-06-01 03:58:21.797080+00:00,3344.16,83.16,90.5503,1.21592,181.741
2026-06-01 03:58:23.642841+00:00,3338.8,83.06,90.5676,1.21622,181.724
2026-06-01 03:58:27.132811+00:00,3338.75,83.09,90.5804,1.21619,181.683
2026-06-01 03:58:29.154525+00:00,3335.86,83.14,90.5765,1.21619,181.541
2026-06-01 03:58:33.296191+00:00,3334.99,82.97,90.5769,1.21632,181.559
2026-06-01 03:58:34.777610+00:00,3334.88,83.03,90.5541,1.21661,181.365
2026-06-01 03:58:38.839040+00:00,3334.18,83.12,90.5608,1.2167,181.405
2026-06-01 03:58:41.104494+00:00,3338.16,83.1,90.4952,1.21697,181.432
2026-06-01 03:58:42.568675+00:00,3336.55,83.1,90.5032,1.21717,181.343
2026-06-01 03:58:47.470006+00:00,3329.17,82.84,90.523,1.21777,181.153
2026-06-01 03:58:51.380285+00:00,3332.34,82.97,90.5126,1.21827,181.315
2026-06-01 03:58:53.965448+00:00,3332.12,83.05,90.5025,1.21821,181.268
2026-06-01 03:58:58.471431+00:00,3331.06,83.21,90.4969,1.21845,181.07
2026-06-01 03:59:02.059239+00:00,3329.82,83.11,90.4912,1.21855,181.136
2026-06-01 03:59:06.481851+00:00,3331.62,83.25,90.4614,1.21878,181.155
2026-06-01 03:59:09.486384+00:00,3330.75,83.21,90.4629,1.21869,181.226
2026-06-01 03:59:13.771735+00:00,3331.39,83.12,90.4913,1.21907,181.248
2026-06-01 03:59:18.104524+00:00,3330.74,83.08,90.4905,1.21908,181.358
2026-06-01 03:59:21.149482+00:00,3328.72,82.91,90.5118,1.2193,181.45
2026-06-01 03:59:23.461218+00:00,3333.69,83.07,90.4921,1.21961,181.297
2026-06-01 03:59:26.130527+00:00,3328.11,83.08,90.505,1.2194,181.305
2026-06-01 03:59:27.184401+00:00,3324.51,82.8,90.5148,1.2195,181.204
2026-06-01 03:59:31.362357+00:00,3329.28,83.01,90.4833,1.21952,181.125
2026-06-01 03:59:32.495651+00:00,3333.36,83.26,90.4703,1.2194,181.157
2026-06-01 03:59:36.840858+00:00,3336.75,83.41,90.4532,1.21898,181.003
2026-06-01 03:59:38.192521+00:00,3332.04,83.44,90.5089,1.21936,181.117
2026-06-01 03:59:40.671417+00:00,3327.46,83.3,90.4886,1.21897,181.081
2026-06-01 03:59:45.223981+00:00,3328.41,83.26,90.4916,1.21875,181.089
2026-06-01 03:59:48.852498+00:00,3326.33,83.17,90.5314,1.21833,181.111
2026-06-01 03:59:51.426384+00:00,3325.44,83.31,90.4905,1.21843,181.274
2026-06-01 03:59:54.832738+00:00,3326.71,83.38,90.4842,1.21816,181.25
2026-06-01 03:59:56.972944+00:00,3326.37,83.22,90.5033,1.21796,181.256
2026-06-01 03:59:59.031804+00:00,3326.65,83.2,90.5328,1.21834,181.194
2026-06-01 04:00:03.534622+00:00,3332.07,83.33,90.5084,1.21799,181.081
2026-06-01 04:00:06.497847+00:00,3331.41,83.51,90.4911,1.21802,181.105
2026-06-01 04:00:09.485590+00:00,3334.4,83.48,90.4802,1.21808,181.183
2026-06-01 04:00:13.712499+00:00,3339.11,83.52,90.4425,1.21737,181.104
2026-06-01 04:00:16.060093+00:00,3338.44,83.43,90.439,1.21789,181.106
2026-06-01 04:00:20.240514+00:00,3336.55,83.27,90.4938,1.21782,181.122
2026-06-01 04:00:21.950815+00:00,3340.16,83.32,90.4428,1.21779,181.359
2026-06-01 04:00:23.575911+00:00,3335.26,83.17,90.4684,1.21799,181.305
2026-06-01 04:00:28.478297+00:00,3338.42,83.17,90.471,1.21871,181.252
2026-06-01 04:00:31.306271+00:00,3335.2,83.07,90.456,1.21878,181.278
2026-06-01 04:00:35.228141+00:00,3335.09,83.08,90.4345,1.21891,181.334
2026-06-01 04:00:36.677549+00:00,3331.86,82.84,90.4546,1.21901,181.387
2026-06-01 04:00:39.941270+00:00,3335.59,82.87,90.4327,1.21892,181.41
2026-06-01 04:00:43.058135+00:00,3335.24,82.84,90.3947,1.21925,181.443
2026-06-01 04:00:46.316232+00:00,3328.53,82.65,90.4376,1.2189,181.39
2026-06-01 04:00:50.560221+00:00,3324.25,82.72,90.4668,1.21967,181.417
2026-06-01 04:00:52.751730+00:00,3325.12,82.75,90.4469,1.21992,181.42
2026-06-01 04:00:55.243729+00:00,3326.98,82.76,90.4273,1.2197,181.522
2026-06-01 04:00:57.381371+00:00,3326.59,82.72,90.4521,1.219,181.555
2026-06-01 04:01:00.222605+00:00,3322.96,82.61,90.4567,1.21914,181.582
2026-06-01 04:01:01.922234+00:00,3322.16,82.6,90.4815,1.21905,181.678
2026-06-01 04:01:03.790776+00:00,3324.13,82.58,90.4678,1.21868,181.682
2026-06-01 04:01:06.212410+00:00,3323.63,82.45,90.4741,1.21891,181.793
2026-06-01 04:01:07.744289+00:00,3327.93,82.5,90.4504,1.21967,181.948
2026-06-01 04:01:11.435343+00:00,3332.26,82.63,90.4065,1.21968,182.086
2026-06-01 04:01:16.404146+00:00,3334.85,82.82,90.3909,1.21998,182.126
2026-06-01 04:01:21.101336+00:00,3337.83,82.97,90.3994,1.21984,182.164
2026-06-01 04:01:23.805722+00:00,3342.26,82.97,90.3458,1.21956,182.131
2026-06-01 04:01:28.102453+00:00,3341.35,82.89,90.3861,1.21917,182.108
2026-06-01 04:01:32.399167+00:00,3343.11,82.99,90.3708,1.21956,181.968
2026-06-01 04:01:34.668699+00:00,3344.31,83.11,90.3649,1.21991,181.832
2026-06-01 04:01:37.454211+00:00,3343.99,83.13,90.3793,1.21913,181.944
2026-06-01 04:01:40.844621+00:00,3349.24,83.26,90.3484,1.21969,181.973
2026-06-01 04:01:45.512075+00:00,3349.31,83.25,90.3508,1.21906,182.026
2026-06-01 04:01:47.796422+00:00,3355.14,83.43,90.3154,1.21914,182.138
2026-06-01 04:01:52.355897+00:00,3360.61,83.44,90.2769,1.21904,182.063
2026-06-01 04:01:53.620373+00:00,3356.83,83.37,90.3145,1.2192,181.942
2026-06-01 04:01:57.465600+00:00,3354.86,83.33,90.2984,1.21888,181.911
2026-06-01 04:01:58.560065+00:00,3359.16,83.51,90.2648,1.21891,181.962
2026-06-01 04:02:00.416952+00:00,3357.75,83.37,90.2561,1.21924,182.079
2026-06-01 04:02:03.485769+00:00,3352.58,83.39,90.2756,1.21877,181.815
2026-06-01 04:02:05.427520+00:00,3348.66,83.21,90.3115,1.2185,181.823
2026-06-01 04:02:08.503746+00:00,3357.36,83.4,90.2428,1.21877,181.878
2026-06-01 04:02:12.440294+00:00,3353.37,83.26,90.2622,1.21946,181.939
2026-06-01 04:02:16.155073+00:00,3355.14,83.27,90.2321,1.22009,181.933
2026-06-01 04:02:18.948923+00:00,3344.96,83.18,90.2619,1.22061,181.947
2026-06-01 04:02:23.333112+00:00,3347.25,83.29,90.2455,1.22062,181.862
2026-06-01 04:02:26.787896+00:00,3345.94,83.4,90.2367,1.22082,181.641
2026-06-01 04:02:29.337634+00:00,3341.39,83.36,90.2474,1.22177,181.625
2026-06-01 04:02:31.917599+00:00,3337.72,83.2,90.2509,1.22217,181.677
2026-06-01 04:02:36.310407+00:00,3341.61,83.28,90.2149,1.22245,181.586
2026-06-01 04:02:39.104473+00:00,3340.03,83.23,90.1928,1.22212,181.591
2026-06-01 04:02:43.429893+00:00,3339.75,83.29,90.1864,1.22217,181.737
2026-06-01 04:02:46.023051+00:00,3338.84,83.35,90.1824,1.22266,181.692
2026-06-01 04:02:50.343960+00:00,3338.53,83.32,90.1945,1.22198,181.668
2026-06-01 04:02:53.319830+00:00,3340.55,83.46,90.1733,1.22194,181.794
2026-06-01 04:02:56.265621+00:00,3339.11,83.41,90.1812,1.22224,181.673
2026-06-01 04:02:58.878991+00:00,3342.43,83.53,90.1982,1.22208,181.574
2026-06-01 04:03:03.177513+00:00,3343.81,83.62,90.1805,1.2218,181.447
2026-06-01 04:03:06.993211+00:00,3338.55,83.5,90.2521,1.2212,181.484
2026-06-01 04:03:11.152370+00:00,3336.51,83.4,90.2877,1.2216,181.481
2026-06-01 04:03:14.869853+00:00,3342.86,83.63,90.2453,1.22198,181.421
2026-06-01 04:03:16.120354+00:00,3343.26,83.47,90.2582,1.22131,181.355
2026-06-01 04:03:18.614067+00:00,3338.93,83.42,90.2922,1.22096,181.294
2026-06-01 04:03:21.337175+00:00,3345.46,83.61,90.2304,1.22142,181.462
2026-06-01 04:03:23.651478+00:00,3341.31,83.49,90.2677,1.22148,181.508
2026-06-01 04:03:27.356613+00:00,3347.2,83.46,90.222,1.22154,181.652
2026-06-01 04:03:28.681315+00:00,3336.88,83.11,90.2684,1.22193,181.613
2026-06-01 04:03:32.336193+00:00,3328.64,83.09,90.2963,1.22215,181.757
2026-06-01 04:03:33.485940+00:00,3331.52,83.03,90.321,1.22262,181.762
2026-06-01 04:03:34.997193+00:00,3324.99,82.72,90.3694,1.22281,181.776
2026-06-01 04:03:37.796899+00:00,3326.76,82.73,90.36,1.22289,181.962
2026-06-01 04:03:40.717837+00:00,3328.52,82.78,90.3488,1.22276,181.925
2026-06-01 04:03:41.898848+00:00,3330.92,82.85,90.3389,1.22311,181.933
2026-06-01 04:03:45.126730+00:00,3332.67,82.7,90.2719,1.22321,181.865
2026-06-01 04:03:46.486157+00:00,3325.88,82.65,90.32,1.22352,181.912
2026-06-01 04:03:50.098718+00:00,3324.0,82.62,90.3401,1.22357,181.989
2026-06-01 04:03:53.598400+00:00,3323.18,82.61,90.3577,1.22415,181.883
2026-06-01 04:03:57.866562+00:00,3320.72,82.6,90.3889,1.22382,182.179
2026-06-01 04:04:00.443288+00:00,3319.11,82.55,90.405,1.22355,182.28
2026-06-01 04:04:02.231657+00:00,3313.67,82.38,90.4516,1.22403,182.111
2026-06-01 04:04:03.686825+00:00,3313.71,82.45,90.4049,1.22439,182.167
2026-06-01 04:04:05.880267+00:00,3316.84,82.52,90.3486,1.22403,182.258
2026-06-01 04:04:10.119305+00:00,3318.44,82.65,90.3124,1.22432,182.162
2026-06-01 04:04:14.666077+00:00,3324.58,82.86,90.257,1.22515,182.344
2026-06-01 04:04:16.281003+00:00,3328.01,82.87,90.2197,1.22547,182.271
2026-06-01 04:04:21.067024+00:00,3334.33,83.0,90.1848,1.22585,182.302
2026-06-01 04:04:23.404723+00:00,3330.81,83.05,90.1997,1.22689,182.301
2026-06-01 04:04:27.451155+00:00,3332.52,83.13,90.1714,1.22689,182.381
2026-06-01 04:04:31.447597+00:00,3332.7,83.11,90.1849,1.22734,182.368
2026-06-01 04:04:35.683545+00:00,3327.4,82.92,90.1831,1.22732,182.393
2026-06-01 04:04:37.975577+00:00,3329.42,83.02,90.1732,1.22714,182.447
2026-06-01 04:04:42.747964+00:00,3332.39,83.17,90.1482,1.22703,182.576
2026-06-01 04:04:45.667455+00:00,3337.43,83.28,90.1618,1.22717,182.463
2026-06-01 04:04:49.420327+00:00,3336.91,83.31,90.1705,1.22785,182.44
2026-06-01 04:04:50.512630+00:00,3339.35,83.24,90.1533,1.22876,182.366
2026-06-01 04:04:52.427242+00:00,3339.98,83.21,90.1082,1.22913,182.297
2026-06-01 04:04:55.655988+00:00,3343.79,83.33,90.0787,1.22856,182.322
2026-06-01 04:04:59.150905+00:00,3346.9,83.28,90.0518,1.22882,182.453
2026-06-01 04:05:02.551532+00:00,3343.13,83.21,90.0469,1.229,182.366
2026-06-01 04:05:05.590870+00:00,3347.04,83.38,89.9743,1.22837,182.487
2026-06-01 04:05:08.928534+00:00,3342.47,83.3,89.9953,1.22834,182.535
2026-06-01 04:05:13.189415+00:00,3344.23,83.44,89.9834,1.22835,182.613
2026-06-01 04:05:15.435203+00:00,3344.97,83.48,89.9737,1.22816,182.573
2026-06-01 04:05:18.172785+00:00,3335.93,83.34,90.0108,1.22778,182.701
2026-06-01 04:05:21.710567+00:00,3333.8,83.29,90.0756,1.228,182.581
2026-06-01 04:05:25.556548+00:00,3340.21,83.23,90.0559,1.22834,182.57
2026-06-01 04:05:28.275126+00:00,3331.45,82.98,90.1463,1.22833,182.541
2026-06-01 04:05:31.589150+00:00,3330.05,82.94,90.1452,1.22845,182.499
2026-06-01 04:05:34.927257+00:00,3322.16,82.77,90.2162,1.22832,182.5
2026-06-01 04:05:39.724640+00:00,3324.24,82.91,90.1647,1.2284,182.51
2026-06-01 04:05:43.531282+00:00,3326.54,82.93,90.1098,1.22822,182.54
2026-06-01 04:05:45.808312+00:00,3319.77,82.83,90.1538,1.22827,182.415
2026-06-01 04:05:50.729751+00:00,3319.63,82.81,90.1566,1.22818,182.382
2026-06-01 04:05:52.970792+00:00,3317.63,82.63,90.1848,1.22887,182.486
2026-06-01 04:05:56.014455+00:00,3319.94,82.66,90.1521,1.22881,182.544
2026-06-01 04:05:58.430923+00:00,3322.64,82.8,90.136,1.2289,182.385
2026-06-01 04:06:02.086781+00:00,3330.07,83.04,90.0648,1.22876,182.371
2026-06-01 04:06:04.573261+00:00,3322.18,83.03,90.1056,1.22845,182.418
2026-06-01 04:06:06.466943+00:00,3324.18,83.14,90.0988,1.22795,182.472
2026-06-01 04:06:11.245632+00:00,3328.43,83.22,90.0788,1.22786,182.657
2026-06-01 04:06:15.353954+00:00,3328.24,83.17,90.1052,1.2283,182.662
2026-06-01 04:06:19.434327+00:00,3326.34,82.99,90.1153,1.22836,182.598
2026-06-01 04:06:21.973577+00:00,3320.41,82.87,90.1693,1.22802,182.64
2026-06-01 04:06:25.020155+00:00,3321.25,82.78,90.1922,1.2286,182.657
2026-06-01 04:06:27.592083+00:00,3323.99,82.73,90.1698,1.22869,182.843
2026-06-01 04:06:30.931311+00:00,3322.43,82.61,90.1989,1.22916,183.027
2026-06-01 04:06:33.970977+00:00,3325.82,82.57,90.1752,1.22869,182.989
2026-06-01 04:06:37.321988+00:00,3328.28,82.76,90.1942,1.22866,182.937
2026-06-01 04:06:40.612845+00:00,3334.4,82.9,90.1729,1.22889,182.858
2026-06-01 04:06:42.391179+00:00,3330.22,82.78,90.2081,1.22887,182.715
2026-06-01 04:06:43.462871+00:00,3324.12,82.56,90.2584,1.22869,182.643
2026-06-01 04:06:47.307711+00:00,3322.53,82.46,90.2926,1.22899,182.678
2026-06-01 04:06:49.804464+00:00,3325.51,82.64,90.283,1.22937,182.603
2026-06-01 04:06:53.098409+00:00,3323.85,82.78,90.262,1.22922,182.49
2026-06-01 04:06:56.557866+00:00,3323.49,82.93,90.2757,1.22905,182.352
2026-06-01 04:06:58.168957+00:00,3314.17,82.63,90.3412,1.22902,182.36
2026-06-01 04:07:01.780356+00:00,3311.26,82.44,90.3626,1.22935,182.336
2026-06-01 04:07:05.169709+00:00,3310.02,82.31,90.3538,1.22976,182.322
2026-06-01 04:07:06.193506+00:00,3315.5,82.43,90.2955,1.22996,182.278
2026-06-01 04:07:09.384103+00:00,3312.9,82.35,90.3152,1.23017,182.274
2026-06-01 04:07:13.988807+00:00,3312.32,82.28,90.2997,1.23,182.284
2026-06-01 04:07:18.672203+00:00,3307.39,82.13,90.3284,1.23062,182.295
2026-06-01 04:07:21.924526+00:00,3305.26,82.13,90.3455,1.23053,182.262
2026-06-01 04:07:24.949819+00:00,3299.35,82.05,90.4059,1.23056,182.352
2026-06-01 04:07:26.341456+00:00,3298.28,81.89,90.422,1.23037,182.302
2026-06-01 04:07:28.437802+00:00,3297.44,81.89,90.4097,1.23046,182.214
2026-06-01 04:07:30.389870+00:00,3301.21,81.95,90.3754,1.2306,182.144
2026-06-01 04:07:34.823019+00:00,3301.27,82.17,90.3495,1.22964,182.095
2026-06-01 04:07:37.287691+00:00,3294.41,81.92,90.377,1.22927,182.187
2026-06-01 04:07:38.300356+00:00,3296.01,81.92,90.3924,1.22919,182.334
2026-06-01 04:07:40.375091+00:00,3296.64,82.01,90.3774,1.22914,182.349
2026-06-01 04:07:42.206709+00:00,3296.27,82.05,90.3667,1.22925,182.258
2026-06-01 04:07:44.511757+00:00,3290.77,81.84,90.4555,1.22957,182.196
2026-06-01 04:07:48.446799+00:00,3281.62,81.64,90.5289,1.22918,182.219
2026-06-01 04:07:52.046802+00:00,3283.85,81.63,90.5294,1.22931,182.303
2026-06-01 04:07:53.946785+00:00,3276.66,81.54,90.5447,1.22891,182.178
2026-06-01 04:07:57.159827+00:00,3274.67,81.5,90.5163,1.22829,182.284
2026-06-01 04:07:59.726791+00:00,3274.18,81.38,90.5186,1.22818,182.237
2026-06-01 04:08:02.954974+00:00,3268.05,81.43,90.5493,1.22849,182.227
2026-06-01 04:08:04.275244+00:00,3266.2,81.51,90.5618,1.22823,182.2
2026-06-01 04:08:08.621550+00:00,3265.88,81.63,90.5396,1.22797,182.221
2026-06-01 04:08:09.882319+00:00,3265.96,81.74,90.5286,1.22794,182.237
2026-06-01 04:08:13.935325+00:00,3271.96,81.85,90.5214,1.22804,182.411
2026-06-01 04:08:18.738608+00:00,3264.54,81.74,90.5704,1.22711,182.418
2026-06-01 04:08:19.775599+00:00,3265.17,81.76,90.5399,1.22674,182.355
2026-06-01 04:08:23.048925+00:00,3268.42,81.77,90.5197,1.22638,182.542
2026-06-01 04:08:27.525715+00:00,3271.72,81.94,90.5198,1.22641,182.533
2026-06-01 04:08:31.482366+00:00,3276.35,81.98,90.5177,1.22609,182.388
2026-06-01 04:08:35.667840+00:00,3278.85,82.1,90.5209,1.22561,182.392
2026-06-01 04:08:40.292913+00:00,3285.13,82.21,90.5212,1.2256,182.434
2026-06-01 04:08:43.173755+00:00,3292.44,82.46,90.4574,1.22608,182.456
2026-06-01 04:08:44.963047+00:00,3290.36,82.41,90.5087,1.22624,182.395
